{
  "format_version": "1.10.0",
  "particle_effect": {
    "description": {
      "identifier": "hive:emp_explode",
      "basic_render_parameters": {
        "material": "particles_alpha",
        "texture": "textures/particle/particles"
      }
    },
    "components": {
      "minecraft:emitter_rate_instant": {
        "num_particles": 80
      },
      "minecraft:emitter_lifetime_once": {
        "active_time": 6
      },
      "minecraft:emitter_shape_point": {},
      "minecraft:particle_lifetime_expression": {
        "max_lifetime": 0.7
      },
      "minecraft:particle_initial_spin": {
        "rotation": "math.random(-30,30)",
        "rotation_rate": "math.random(-90,90)"
      },
      "minecraft:particle_initial_speed": 12,
      "minecraft:particle_motion_dynamic": {},
      "minecraft:particle_appearance_billboard": {
        "size": [
          "(1-(variable.particle_age/variable.particle_lifetime))*1",
          "(1-(variable.particle_age/variable.particle_lifetime))*1"
        ],
        "facing_camera_mode": "rotate_xyz",
        "uv": {
          "texture_width": 128,
          "texture_height": 128,
          "uv": [
            0,
            0
          ],
          "uv_size": [
            8,
            8
          ]
        }
      },
      "minecraft:particle_appearance_tinting": {
        "color": {
          "interpolant": "variable.particle_age",
          "gradient": {
            "0.0": "#FF4B97F9",
            "1.0": "#FF052B5A"
          }
        }
      }
    }
  }
}