{
  "format_version": "1.10.0",
  "particle_effect": {
    "description": {
      "identifier": "hive:hatch_steam",
      "basic_render_parameters": {
        "material": "particles_alpha",
        "texture": "textures/particle/particles"
      }
    },
    "components": {
      "minecraft:emitter_rate_steady": {
        "spawn_rate": 200,
        "max_particles": 300
      },
      "minecraft:emitter_lifetime_once": {
        "active_time": 0.9
      },
      "minecraft:emitter_shape_box": {
        "offset": [
          0,
          0.5,
          0
        ],
        "half_dimensions": [
          0.4,
          0,
          3.5
        ],
        "direction": [
          0,
          1,
          0
        ]
      },
      "minecraft:particle_lifetime_expression": {
        "max_lifetime": 0.9
      },
      "minecraft:particle_initial_speed": "math.random(-6,-10)",
      "minecraft:particle_motion_dynamic": {
        "linear_acceleration": [
          0,
          10,
          0
        ],
        "linear_drag_coefficient": 5
      },
      "minecraft:particle_appearance_billboard": {
        "size": [
          "(variable.particle_age/variable.particle_lifetime)*(variable.particle_random_1*0.2)+0.1",
          "(variable.particle_age/variable.particle_lifetime)*(variable.particle_random_1*0.2)+0.1"
        ],
        "facing_camera_mode": "rotate_xyz",
        "uv": {
          "texture_width": 128,
          "texture_height": 128,
          "flipbook": {
            "base_UV": [
              0,
              0
            ],
            "size_UV": [
              8,
              8
            ],
            "step_UV": [
              8,
              0
            ],
            "frames_per_second": 3,
            "max_frame": 8,
            "stretch_to_lifetime": true
          }
        }
      },
      "minecraft:particle_appearance_tinting": {
        "color": [
          "Math.clamp(Math.clamp(Math.clamp(Math.clamp(Math.clamp(variable.particle_random_3 * 0.7 + 0.7, 0, 1), 0, 1), 0, 1), 0, 1), 0, 1)",
          "Math.clamp(Math.clamp(Math.clamp(Math.clamp(Math.clamp(variable.particle_random_3 * 0.8 + 0.7, 0, 1), 0, 1), 0, 1), 0, 1), 0, 1)",
          "Math.clamp(Math.clamp(Math.clamp(Math.clamp(Math.clamp(variable.particle_random_3 * 0.9 + 0.7, 0, 1), 0, 1), 0, 1), 0, 1), 0, 1)",
          1
        ]
      }
    }
  }
}