{
  "format_version": "1.10.0",
  "particle_effect": {
    "description": {
      "identifier": "hive:hatch_smoke",
      "basic_render_parameters": {
        "material": "particles_alpha",
        "texture": "textures/particle/campfire_smoke"
      }
    },
    "components": {
      "minecraft:emitter_rate_steady": {
        "spawn_rate": 40,
        "max_particles": 200
      },
      "minecraft:emitter_lifetime_expression": {
        "activation_expression": 1
      },
      "minecraft:emitter_shape_disc": {
        "offset": [
          0,
          0.2,
          0
        ],
        "radius": 0.5,
        "direction": "outwards"
      },
      "minecraft:particle_lifetime_expression": {
        "max_lifetime": 3
      },
      "minecraft:particle_initial_speed": 3,
      "minecraft:particle_motion_dynamic": {
        "linear_acceleration": [
          0,
          "variable.particle_age \u003c 0.5 ? 1 : -2",
          0
        ],
        "linear_drag_coefficient": 0.5
      },
      "minecraft:particle_appearance_billboard": {
        "size": [
          "(1-(variable.particle_age/variable.particle_lifetime))*1",
          "(1-(variable.particle_age/variable.particle_lifetime))*1"
        ],
        "facing_camera_mode": "rotate_xyz",
        "uv": {
          "texture_width": 16,
          "texture_height": 192,
          "flipbook": {
            "base_UV": [
              0,
              64
            ],
            "size_UV": [
              16,
              16
            ],
            "step_UV": [
              0,
              -16
            ],
            "frames_per_second": 8,
            "max_frame": 5,
            "stretch_to_lifetime": true
          }
        }
      },
      "minecraft:particle_motion_collision": {
        "collision_drag": 0.5,
        "collision_radius": 0.1
      },
      "minecraft:particle_appearance_tinting": {
        "color": [
          0.38824,
          0.21569,
          0.47451,
          1
        ]
      }
    }
  }
}