{
  "format_version": "1.10.0",
  "particle_effect": {
    "description": {
      "identifier": "hive:npc_explode",
      "basic_render_parameters": {
        "material": "particles_alpha",
        "texture": "textures/particle/hive/emp"
      }
    },
    "components": {
      "minecraft:emitter_initialization": {
        "creation_expression": "variable.size \u003d 0.14;variable.lifetime \u003d 1.8;variable.speed \u003d 50;"
      },
      "minecraft:emitter_rate_steady": {
        "spawn_rate": 40,
        "max_particles": 200
      },
      "minecraft:emitter_lifetime_once": {
        "active_time": 1.8
      },
      "minecraft:emitter_shape_sphere": {
        "offset": [
          0,
          "math.abs(math.cos(variable.emitter_age*variable.speed)*3.5)",
          0
        ],
        "radius": 0.2,
        "direction": "outwards"
      },
      "minecraft:particle_lifetime_expression": {
        "max_lifetime": "variable.lifetime"
      },
      "minecraft:particle_initial_spin": {
        "rotation": "math.random(-45,45)",
        "rotation_rate": "math.random(-45,45)"
      },
      "minecraft:particle_initial_speed": 6,
      "minecraft:particle_motion_dynamic": {
        "linear_acceleration": [
          "math.random(-3,3)",
          -3,
          "math.random(-3,3)"
        ],
        "linear_drag_coefficient": 2,
        "rotation_acceleration": "math.random(-45,45)"
      },
      "minecraft:particle_appearance_billboard": {
        "size": [
          "variable.size*(variable.lifetime-variable.particle_age)",
          "variable.size*(variable.lifetime-variable.particle_age)"
        ],
        "facing_camera_mode": "rotate_xyz",
        "uv": {
          "texture_width": 8,
          "texture_height": 32,
          "flipbook": {
            "base_UV": [
              0,
              24
            ],
            "size_UV": [
              8,
              8
            ],
            "step_UV": [
              0,
              -8
            ],
            "frames_per_second": 4,
            "max_frame": 4
          }
        }
      },
      "minecraft:particle_motion_collision": {
        "collision_drag": 0.2,
        "coefficient_of_restitution": 0.5,
        "collision_radius": 0.03
      },
      "minecraft:particle_appearance_tinting": {
        "color": {
          "interpolant": "variable.particle_age",
          "gradient": {
            "0.0": "#FFFFFFFF",
            "1.0": "#FF8C8C8C"
          }
        }
      }
    }
  }
}