{
  "format_version": "1.10.0",
  "particle_effect": {
    "description": {
      "identifier": "hive:sparks",
      "basic_render_parameters": {
        "material": "particles_blend",
        "texture": "textures/particle/hive/spark"
      }
    },
    "components": {
      "minecraft:emitter_rate_steady": {
        "spawn_rate": 10,
        "max_particles": 20
      },
      "minecraft:emitter_lifetime_once": {
        "active_time": 1
      },
      "minecraft:emitter_shape_point": {
        "direction": [
          "math.random(-2,2)",
          5,
          "math.random(-2,-1)"
        ]
      },
      "minecraft:particle_lifetime_expression": {
        "max_lifetime": 1.3
      },
      "minecraft:particle_initial_spin": {
        "rotation": 20
      },
      "minecraft:particle_initial_speed": -4,
      "minecraft:particle_motion_dynamic": {
        "linear_acceleration": [
          0,
          -2,
          0
        ],
        "linear_drag_coefficient": 3,
        "rotation_acceleration": -40
      },
      "minecraft:particle_appearance_billboard": {
        "size": [
          "(1-(variable.particle_age/variable.particle_lifetime))*0.2",
          "(1-(variable.particle_age/variable.particle_lifetime))*0.2"
        ],
        "facing_camera_mode": "lookat_xyz",
        "uv": {
          "texture_width": 16,
          "texture_height": 16,
          "uv": [
            0,
            0
          ],
          "uv_size": [
            16,
            16
          ]
        }
      },
      "minecraft:particle_motion_collision": {
        "collision_drag": 1,
        "coefficient_of_restitution": 0.7,
        "collision_radius": 0.03
      },
      "minecraft:particle_appearance_tinting": {
        "color": {
          "interpolant": "variable.particle_age",
          "gradient": {
            "0.0": "#FFFFD42C",
            "0.37": "#FFCC7137",
            "0.77": "#FF3A1C00",
            "1.0": "#FF220C04"
          }
        }
      }
    }
  }
}