{
  "format_version": "1.10.0",
  "particle_effect": {
    "description": {
      "identifier": "hive:spark_burst_opp",
      "basic_render_parameters": {
        "material": "particles_alpha",
        "texture": "textures/particle/particles"
      }
    },
    "components": {
      "minecraft:emitter_rate_instant": {
        "num_particles": 25
      },
      "minecraft:emitter_lifetime_once": {
        "active_time": 1
      },
      "minecraft:emitter_shape_box": {
        "half_dimensions": [
          0.1,
          0.1,
          0.1
        ],
        "direction": [
          "math.random(-1,1)",
          1,
          -2
        ]
      },
      "minecraft:particle_lifetime_expression": {
        "max_lifetime": 1.3
      },
      "minecraft:particle_initial_spin": {
        "rotation": 20
      },
      "minecraft:particle_initial_speed": "math.random(-2,-3)",
      "minecraft:particle_motion_dynamic": {
        "linear_acceleration": [
          0,
          -3,
          0
        ],
        "linear_drag_coefficient": 2,
        "rotation_acceleration": -40
      },
      "minecraft:particle_appearance_billboard": {
        "size": [
          "(1-(variable.particle_age/variable.particle_lifetime))*0.2",
          "(1-(variable.particle_age/variable.particle_lifetime))*0.2"
        ],
        "facing_camera_mode": "lookat_xyz",
        "uv": {
          "texture_width": 128,
          "texture_height": 128,
          "uv": [
            0,
            0
          ],
          "uv_size": [
            8,
            8
          ]
        }
      },
      "minecraft:particle_motion_collision": {
        "collision_drag": 1,
        "coefficient_of_restitution": 0.7,
        "collision_radius": 0.03
      },
      "minecraft:particle_appearance_tinting": {
        "color": {
          "interpolant": "variable.particle_age",
          "gradient": {
            "0.0": "#FFFFB62A",
            "0.8": "#FF3D2B1A"
          }
        }
      }
    }
  }
}