{
  "minecraft:geometry": [
    {
      "description": {
        "identifier": "geometry.hive.sonic.balloons",
        "texture_width": 64,
        "texture_height": 64,
        "visible_bounds_width": 4,
        "visible_bounds_height": 4,
        "visible_bounds_offset": [
          0,
          1,
          0
        ]
      },
      "bones": [
        {
          "name": "root",
          "pivot": [
            0,
            -16,
            0
          ],
          "locators": {
            "center": [
              0,
              8,
              0
            ]
          }
        },
        {
          "name": "ballonRed",
          "parent": "root",
          "pivot": [
            -1,
            7,
            3
          ],
          "rotation": [
            -10,
            0,
            0
          ],
          "cubes": [
            {
              "origin": [
                -6,
                9,
                -2
              ],
              "size": [
                10,
                11,
                10
              ],
              "uv": [
                0,
                0
              ]
            },
            {
              "origin": [
                -3,
                7,
                1
              ],
              "size": [
                4,
                2,
                4
              ],
              "uv": [
                30,
                0
              ]
            }
          ]
        },
        {
          "name": "balloonGreen",
          "parent": "root",
          "pivot": [
            7,
            3,
            -1
          ],
          "rotation": [
            0,
            0,
            10
          ],
          "cubes": [
            {
              "origin": [
                2,
                5,
                -6
              ],
              "size": [
                10,
                11,
                10
              ],
              "uv": [
                0,
                42
              ]
            },
            {
              "origin": [
                5,
                3,
                -3
              ],
              "size": [
                4,
                2,
                4
              ],
              "uv": [
                30,
                42
              ]
            }
          ]
        },
        {
          "name": "balloonBlue",
          "parent": "root",
          "pivot": [
            -4,
            0,
            -3
          ],
          "rotation": [
            12.5,
            0,
            -15
          ],
          "cubes": [
            {
              "origin": [
                -9,
                2,
                -8
              ],
              "size": [
                10,
                11,
                10
              ],
              "uv": [
                0,
                21
              ]
            },
            {
              "origin": [
                -6,
                0,
                -5
              ],
              "size": [
                4,
                2,
                4
              ],
              "uv": [
                30,
                21
              ]
            }
          ]
        }
      ]
    }
  ],
  "format_version": "1.12.0"
}