{
  "minecraft:geometry": [
    {
      "description": {
        "identifier": "geometry.hive.sonic.checkpoint.single",
        "texture_width": 64,
        "texture_height": 64,
        "visible_bounds_width": 6,
        "visible_bounds_height": 5,
        "visible_bounds_offset": [
          0,
          1.5,
          0
        ]
      },
      "bones": [
        {
          "name": "Checkpoint",
          "pivot": [
            0,
            0,
            0
          ],
          "cubes": [
            {
              "origin": [
                -5,
                0,
                -5
              ],
              "size": [
                10,
                12,
                10
              ],
              "uv": [
                24,
                11
              ]
            },
            {
              "origin": [
                -3,
                12,
                -3
              ],
              "size": [
                6,
                9,
                6
              ],
              "uv": [
                0,
                11
              ]
            },
            {
              "origin": [
                -4,
                14,
                -4
              ],
              "size": [
                8,
                8,
                3
              ],
              "uv": [
                0,
                0
              ]
            },
            {
              "origin": [
                -4,
                14,
                1
              ],
              "size": [
                8,
                8,
                3
              ],
              "uv": [
                23,
                0
              ]
            }
          ]
        },
        {
          "name": "spinner",
          "parent": "Checkpoint",
          "pivot": [
            0,
            18,
            0
          ],
          "cubes": [
            {
              "origin": [
                -1,
                20,
                -1
              ],
              "size": [
                2,
                15,
                2
              ],
              "uv": [
                32,
                33
              ]
            }
          ]
        },
        {
          "name": "head",
          "parent": "spinner",
          "pivot": [
            0,
            35,
            0
          ],
          "cubes": [
            {
              "origin": [
                -4,
                35,
                -4
              ],
              "size": [
                8,
                8,
                8
              ],
              "uv": [
                0,
                27
              ]
            }
          ]
        }
      ]
    }
  ],
  "format_version": "1.12.0"
}