{
  "minecraft:geometry": [
    {
      "description": {
        "identifier": "geometry.hive.sonic.checkpoint",
        "texture_width": 64,
        "texture_height": 64,
        "visible_bounds_width": 25,
        "visible_bounds_height": 3,
        "visible_bounds_offset": [
          0,
          0.5,
          0
        ]
      },
      "bones": [
        {
          "name": "root",
          "pivot": [
            0,
            6,
            0
          ]
        },
        {
          "name": "beam",
          "parent": "root",
          "pivot": [
            0,
            0,
            0
          ],
          "cubes": [
            {
              "origin": [
                -24,
                2,
                0
              ],
              "size": [
                48,
                9,
                0
              ],
              "uv": {
                "north": {
                  "uv": [
                    23,
                    47
                  ],
                  "uv_size": [
                    -23,
                    9
                  ]
                },
                "south": {
                  "uv": [
                    23,
                    47
                  ],
                  "uv_size": [
                    -23,
                    9
                  ]
                }
              }
            }
          ]
        },
        {
          "name": "right",
          "parent": "root",
          "pivot": [
            -29,
            0,
            0
          ],
          "cubes": [
            {
              "origin": [
                -34,
                0,
                -5
              ],
              "size": [
                10,
                12,
                10
              ],
              "uv": {
                "north": {
                  "uv": [
                    34,
                    21
                  ],
                  "uv_size": [
                    10,
                    12
                  ]
                },
                "east": {
                  "uv": [
                    24,
                    21
                  ],
                  "uv_size": [
                    10,
                    12
                  ]
                },
                "south": {
                  "uv": [
                    54,
                    21
                  ],
                  "uv_size": [
                    10,
                    12
                  ]
                },
                "west": {
                  "uv": [
                    44,
                    21
                  ],
                  "uv_size": [
                    10,
                    12
                  ]
                },
                "up": {
                  "uv": [
                    34,
                    11
                  ],
                  "uv_size": [
                    10,
                    10
                  ]
                },
                "down": {
                  "uv": [
                    44,
                    21
                  ],
                  "uv_size": [
                    10,
                    -10
                  ]
                }
              }
            },
            {
              "origin": [
                -32,
                12,
                -3
              ],
              "size": [
                6,
                9,
                6
              ],
              "uv": {
                "north": {
                  "uv": [
                    6,
                    17
                  ],
                  "uv_size": [
                    6,
                    9
                  ]
                },
                "east": {
                  "uv": [
                    0,
                    17
                  ],
                  "uv_size": [
                    6,
                    9
                  ]
                },
                "south": {
                  "uv": [
                    18,
                    17
                  ],
                  "uv_size": [
                    6,
                    9
                  ]
                },
                "west": {
                  "uv": [
                    12,
                    17
                  ],
                  "uv_size": [
                    6,
                    9
                  ]
                },
                "up": {
                  "uv": [
                    6,
                    11
                  ],
                  "uv_size": [
                    6,
                    6
                  ]
                },
                "down": {
                  "uv": [
                    12,
                    17
                  ],
                  "uv_size": [
                    6,
                    -6
                  ]
                }
              }
            },
            {
              "origin": [
                -33,
                14,
                -4
              ],
              "size": [
                8,
                8,
                3
              ],
              "uv": {
                "north": {
                  "uv": [
                    3,
                    3
                  ],
                  "uv_size": [
                    8,
                    8
                  ]
                },
                "east": {
                  "uv": [
                    0,
                    3
                  ],
                  "uv_size": [
                    3,
                    8
                  ]
                },
                "south": {
                  "uv": [
                    14,
                    3
                  ],
                  "uv_size": [
                    8,
                    8
                  ]
                },
                "west": {
                  "uv": [
                    11,
                    3
                  ],
                  "uv_size": [
                    3,
                    8
                  ]
                },
                "up": {
                  "uv": [
                    3,
                    0
                  ],
                  "uv_size": [
                    8,
                    3
                  ]
                },
                "down": {
                  "uv": [
                    11,
                    3
                  ],
                  "uv_size": [
                    8,
                    -3
                  ]
                }
              }
            },
            {
              "origin": [
                -33,
                14,
                1
              ],
              "size": [
                8,
                8,
                3
              ],
              "uv": {
                "north": {
                  "uv": [
                    26,
                    3
                  ],
                  "uv_size": [
                    8,
                    8
                  ]
                },
                "east": {
                  "uv": [
                    23,
                    3
                  ],
                  "uv_size": [
                    3,
                    8
                  ]
                },
                "south": {
                  "uv": [
                    37,
                    3
                  ],
                  "uv_size": [
                    8,
                    8
                  ]
                },
                "west": {
                  "uv": [
                    34,
                    3
                  ],
                  "uv_size": [
                    3,
                    8
                  ]
                },
                "up": {
                  "uv": [
                    26,
                    0
                  ],
                  "uv_size": [
                    8,
                    3
                  ]
                },
                "down": {
                  "uv": [
                    34,
                    3
                  ],
                  "uv_size": [
                    8,
                    -3
                  ]
                }
              }
            }
          ]
        },
        {
          "name": "rightSpinner",
          "parent": "right",
          "pivot": [
            -29,
            18,
            0
          ],
          "cubes": [
            {
              "origin": [
                -26,
                17,
                -1
              ],
              "size": [
                15,
                2,
                2
              ],
              "uv": {
                "north": {
                  "uv": [
                    32,
                    43
                  ],
                  "uv_size": [
                    15,
                    2
                  ]
                },
                "east": {
                  "uv": [
                    30,
                    43
                  ],
                  "uv_size": [
                    2,
                    2
                  ]
                },
                "south": {
                  "uv": [
                    49,
                    43
                  ],
                  "uv_size": [
                    15,
                    2
                  ]
                },
                "west": {
                  "uv": [
                    47,
                    43
                  ],
                  "uv_size": [
                    2,
                    2
                  ]
                },
                "up": {
                  "uv": [
                    32,
                    41
                  ],
                  "uv_size": [
                    15,
                    2
                  ]
                },
                "down": {
                  "uv": [
                    47,
                    43
                  ],
                  "uv_size": [
                    15,
                    -2
                  ]
                }
              }
            },
            {
              "origin": [
                -11,
                14,
                -4
              ],
              "size": [
                8,
                8,
                8
              ],
              "uv": {
                "north": {
                  "uv": [
                    8,
                    35
                  ],
                  "uv_size": [
                    8,
                    8
                  ]
                },
                "east": {
                  "uv": [
                    0,
                    35
                  ],
                  "uv_size": [
                    8,
                    8
                  ]
                },
                "south": {
                  "uv": [
                    24,
                    35
                  ],
                  "uv_size": [
                    8,
                    8
                  ]
                },
                "west": {
                  "uv": [
                    16,
                    35
                  ],
                  "uv_size": [
                    8,
                    8
                  ]
                },
                "up": {
                  "uv": [
                    8,
                    27
                  ],
                  "uv_size": [
                    8,
                    8
                  ]
                },
                "down": {
                  "uv": [
                    16,
                    35
                  ],
                  "uv_size": [
                    8,
                    -8
                  ]
                }
              }
            }
          ]
        },
        {
          "name": "left",
          "parent": "root",
          "pivot": [
            29,
            0,
            0
          ],
          "cubes": [
            {
              "origin": [
                24,
                0,
                -5
              ],
              "size": [
                10,
                12,
                10
              ],
              "uv": {
                "north": {
                  "uv": [
                    44,
                    21
                  ],
                  "uv_size": [
                    -10,
                    12
                  ]
                },
                "east": {
                  "uv": [
                    54,
                    21
                  ],
                  "uv_size": [
                    -10,
                    12
                  ]
                },
                "south": {
                  "uv": [
                    64,
                    21
                  ],
                  "uv_size": [
                    -10,
                    12
                  ]
                },
                "west": {
                  "uv": [
                    34,
                    21
                  ],
                  "uv_size": [
                    -10,
                    12
                  ]
                },
                "up": {
                  "uv": [
                    44,
                    11
                  ],
                  "uv_size": [
                    -10,
                    10
                  ]
                },
                "down": {
                  "uv": [
                    54,
                    21
                  ],
                  "uv_size": [
                    -10,
                    -10
                  ]
                }
              }
            },
            {
              "origin": [
                26,
                12,
                -3
              ],
              "size": [
                6,
                9,
                6
              ],
              "uv": {
                "north": {
                  "uv": [
                    12,
                    17
                  ],
                  "uv_size": [
                    -6,
                    9
                  ]
                },
                "east": {
                  "uv": [
                    18,
                    17
                  ],
                  "uv_size": [
                    -6,
                    9
                  ]
                },
                "south": {
                  "uv": [
                    24,
                    17
                  ],
                  "uv_size": [
                    -6,
                    9
                  ]
                },
                "west": {
                  "uv": [
                    6,
                    17
                  ],
                  "uv_size": [
                    -6,
                    9
                  ]
                },
                "up": {
                  "uv": [
                    12,
                    11
                  ],
                  "uv_size": [
                    -6,
                    6
                  ]
                },
                "down": {
                  "uv": [
                    18,
                    17
                  ],
                  "uv_size": [
                    -6,
                    -6
                  ]
                }
              }
            },
            {
              "origin": [
                25,
                14,
                -4
              ],
              "size": [
                8,
                8,
                3
              ],
              "uv": {
                "north": {
                  "uv": [
                    11,
                    3
                  ],
                  "uv_size": [
                    -8,
                    8
                  ]
                },
                "east": {
                  "uv": [
                    14,
                    3
                  ],
                  "uv_size": [
                    -3,
                    8
                  ]
                },
                "south": {
                  "uv": [
                    22,
                    3
                  ],
                  "uv_size": [
                    -8,
                    8
                  ]
                },
                "west": {
                  "uv": [
                    3,
                    3
                  ],
                  "uv_size": [
                    -3,
                    8
                  ]
                },
                "up": {
                  "uv": [
                    11,
                    0
                  ],
                  "uv_size": [
                    -8,
                    3
                  ]
                },
                "down": {
                  "uv": [
                    19,
                    3
                  ],
                  "uv_size": [
                    -8,
                    -3
                  ]
                }
              }
            },
            {
              "origin": [
                25,
                14,
                1
              ],
              "size": [
                8,
                8,
                3
              ],
              "uv": {
                "north": {
                  "uv": [
                    34,
                    3
                  ],
                  "uv_size": [
                    -8,
                    8
                  ]
                },
                "east": {
                  "uv": [
                    37,
                    3
                  ],
                  "uv_size": [
                    -3,
                    8
                  ]
                },
                "south": {
                  "uv": [
                    45,
                    3
                  ],
                  "uv_size": [
                    -8,
                    8
                  ]
                },
                "west": {
                  "uv": [
                    26,
                    3
                  ],
                  "uv_size": [
                    -3,
                    8
                  ]
                },
                "up": {
                  "uv": [
                    34,
                    0
                  ],
                  "uv_size": [
                    -8,
                    3
                  ]
                },
                "down": {
                  "uv": [
                    42,
                    3
                  ],
                  "uv_size": [
                    -8,
                    -3
                  ]
                }
              }
            }
          ]
        },
        {
          "name": "leftSpinner",
          "parent": "left",
          "pivot": [
            29,
            18,
            0
          ],
          "cubes": [
            {
              "origin": [
                11,
                17,
                -1
              ],
              "size": [
                15,
                2,
                2
              ],
              "uv": {
                "north": {
                  "uv": [
                    47,
                    43
                  ],
                  "uv_size": [
                    -15,
                    2
                  ]
                },
                "east": {
                  "uv": [
                    49,
                    43
                  ],
                  "uv_size": [
                    -2,
                    2
                  ]
                },
                "south": {
                  "uv": [
                    64,
                    43
                  ],
                  "uv_size": [
                    -15,
                    2
                  ]
                },
                "west": {
                  "uv": [
                    32,
                    43
                  ],
                  "uv_size": [
                    -2,
                    2
                  ]
                },
                "up": {
                  "uv": [
                    47,
                    41
                  ],
                  "uv_size": [
                    -15,
                    2
                  ]
                },
                "down": {
                  "uv": [
                    62,
                    43
                  ],
                  "uv_size": [
                    -15,
                    -2
                  ]
                }
              }
            },
            {
              "origin": [
                3,
                14,
                -4
              ],
              "size": [
                8,
                8,
                8
              ],
              "uv": {
                "north": {
                  "uv": [
                    16,
                    35
                  ],
                  "uv_size": [
                    -8,
                    8
                  ]
                },
                "east": {
                  "uv": [
                    24,
                    35
                  ],
                  "uv_size": [
                    -8,
                    8
                  ]
                },
                "south": {
                  "uv": [
                    32,
                    35
                  ],
                  "uv_size": [
                    -8,
                    8
                  ]
                },
                "west": {
                  "uv": [
                    8,
                    35
                  ],
                  "uv_size": [
                    -8,
                    8
                  ]
                },
                "up": {
                  "uv": [
                    16,
                    27
                  ],
                  "uv_size": [
                    -8,
                    8
                  ]
                },
                "down": {
                  "uv": [
                    24,
                    35
                  ],
                  "uv_size": [
                    -8,
                    -8
                  ]
                }
              }
            }
          ]
        }
      ]
    }
  ],
  "format_version": "1.12.0"
}