{
  "format_version": "1.12.0",
  "minecraft:geometry": [
    {
      "description": {
        "identifier": "geometry.hive.sonic.goal.ring",
        "texture_width": 128,
        "texture_height": 128,
        "visible_bounds_width": 5,
        "visible_bounds_height": 6,
        "visible_bounds_offset": [
          0,
          1,
          0
        ]
      },
      "bones": [
        {
          "name": "root",
          "pivot": [
            0,
            0,
            0
          ],
          "cubes": [
            {
              "origin": [
                -16,
                0,
                -2
              ],
              "size": [
                4,
                24,
                4
              ],
              "uv": [
                16,
                16
              ]
            },
            {
              "origin": [
                12,
                0,
                -2
              ],
              "size": [
                4,
                24,
                4
              ],
              "uv": [
                0,
                16
              ]
            },
            {
              "origin": [
                -12,
                24,
                -2
              ],
              "size": [
                24,
                4,
                4
              ],
              "uv": [
                0,
                8
              ]
            },
            {
              "origin": [
                -12,
                20,
                -2
              ],
              "size": [
                4,
                4,
                4
              ],
              "uv": [
                28,
                40
              ]
            },
            {
              "origin": [
                8,
                0,
                -2
              ],
              "size": [
                4,
                4,
                4
              ],
              "uv": [
                32,
                24
              ]
            },
            {
              "origin": [
                -12,
                0,
                -2
              ],
              "size": [
                4,
                4,
                4
              ],
              "uv": [
                32,
                16
              ]
            },
            {
              "origin": [
                8,
                20,
                -2
              ],
              "size": [
                4,
                4,
                4
              ],
              "uv": [
                32,
                32
              ]
            },
            {
              "origin": [
                -12,
                -4,
                -2
              ],
              "size": [
                24,
                4,
                4
              ],
              "uv": [
                0,
                0
              ]
            },
            {
              "origin": [
                -10,
                2,
                1
              ],
              "size": [
                20,
                20,
                0
              ],
              "uv": [
                0,
                76
              ]
            },
            {
              "origin": [
                -10,
                2,
                -1
              ],
              "size": [
                20,
                20,
                0
              ],
              "uv": [
                0,
                76
              ]
            }
          ],
          "locators": {
            "center": [
              0,
              13,
              0
            ]
          }
        },
        {
          "name": "rainbow",
          "parent": "root",
          "pivot": [
            0,
            0,
            0
          ],
          "cubes": [
            {
              "origin": [
                -12,
                0,
                0
              ],
              "size": [
                24,
                24,
                0
              ],
              "uv": [
                61,
                0
              ]
            }
          ]
        }
      ]
    }
  ]
}