{
  "minecraft:geometry": [
    {
      "description": {
        "identifier": "geometry.hive.sonic.jump.panel",
        "texture_width": 128,
        "texture_height": 128,
        "visible_bounds_width": 7,
        "visible_bounds_height": 6,
        "visible_bounds_offset": [
          0,
          1,
          0
        ]
      },
      "bones": [
        {
          "name": "root",
          "pivot": [
            0,
            0,
            -21
          ]
        },
        {
          "name": "bone",
          "parent": "root",
          "pivot": [
            0,
            0,
            -21.4
          ],
          "cubes": [
            {
              "origin": [
                -16,
                -3,
                -29.4
              ],
              "size": [
                32,
                0,
                63
              ],
              "pivot": [
                0,
                0,
                -29.4
              ],
              "rotation": [
                40,
                0,
                0
              ],
              "uv": {
                "north": {
                  "uv": [
                    0,
                    0
                  ],
                  "uv_size": [
                    32,
                    0
                  ]
                },
                "east": {
                  "uv": [
                    0,
                    0
                  ],
                  "uv_size": [
                    63,
                    0
                  ]
                },
                "south": {
                  "uv": [
                    0,
                    0
                  ],
                  "uv_size": [
                    32,
                    0
                  ]
                },
                "west": {
                  "uv": [
                    0,
                    0
                  ],
                  "uv_size": [
                    63,
                    0
                  ]
                },
                "up": {
                  "uv": [
                    0,
                    0
                  ],
                  "uv_size": [
                    32,
                    63
                  ]
                }
              }
            },
            {
              "origin": [
                -24,
                -6,
                -29.4
              ],
              "size": [
                8,
                6,
                63
              ],
              "pivot": [
                0,
                0,
                -29.4
              ],
              "rotation": [
                40,
                0,
                0
              ],
              "uv": {
                "north": {
                  "uv": [
                    77,
                    60
                  ],
                  "uv_size": [
                    -8,
                    6
                  ]
                },
                "east": {
                  "uv": [
                    48,
                    23
                  ],
                  "uv_size": [
                    63,
                    6
                  ]
                },
                "south": {
                  "uv": [
                    69,
                    66
                  ],
                  "uv_size": [
                    8,
                    6
                  ]
                },
                "west": {
                  "uv": [
                    48,
                    17
                  ],
                  "uv_size": [
                    63,
                    6
                  ]
                },
                "up": {
                  "uv": [
                    40,
                    17
                  ],
                  "uv_size": [
                    -8,
                    63
                  ]
                },
                "down": {
                  "uv": [
                    40,
                    80
                  ],
                  "uv_size": [
                    8,
                    -63
                  ]
                }
              }
            },
            {
              "origin": [
                16,
                -6,
                -29.4
              ],
              "size": [
                8,
                6,
                63
              ],
              "pivot": [
                0,
                0,
                -29.4
              ],
              "rotation": [
                40,
                0,
                0
              ],
              "uv": {
                "north": {
                  "uv": [
                    69,
                    60
                  ],
                  "uv_size": [
                    8,
                    6
                  ]
                },
                "east": {
                  "uv": [
                    48,
                    17
                  ],
                  "uv_size": [
                    63,
                    6
                  ]
                },
                "south": {
                  "uv": [
                    77,
                    66
                  ],
                  "uv_size": [
                    -8,
                    6
                  ]
                },
                "west": {
                  "uv": [
                    48,
                    23
                  ],
                  "uv_size": [
                    63,
                    6
                  ]
                },
                "up": {
                  "uv": [
                    32,
                    17
                  ],
                  "uv_size": [
                    8,
                    63
                  ]
                },
                "down": {
                  "uv": [
                    48,
                    80
                  ],
                  "uv_size": [
                    -8,
                    -63
                  ]
                }
              }
            },
            {
              "origin": [
                -17,
                1,
                0.1
              ],
              "size": [
                34,
                17,
                0
              ],
              "uv": {
                "east": {
                  "uv": [
                    0,
                    0
                  ],
                  "uv_size": [
                    0,
                    17
                  ]
                },
                "south": {
                  "uv": [
                    32,
                    0
                  ],
                  "uv_size": [
                    34,
                    17
                  ]
                },
                "west": {
                  "uv": [
                    0,
                    0
                  ],
                  "uv_size": [
                    0,
                    17
                  ]
                },
                "up": {
                  "uv": [
                    0,
                    0
                  ],
                  "uv_size": [
                    34,
                    0
                  ]
                },
                "down": {
                  "uv": [
                    0,
                    0
                  ],
                  "uv_size": [
                    34,
                    0
                  ]
                }
              }
            },
            {
              "origin": [
                17,
                0,
                -2.4
              ],
              "size": [
                6,
                19,
                5
              ],
              "uv": {
                "north": {
                  "uv": [
                    0,
                    63
                  ],
                  "uv_size": [
                    6,
                    19
                  ]
                },
                "east": {
                  "uv": [
                    24,
                    63
                  ],
                  "uv_size": [
                    5,
                    19
                  ]
                },
                "south": {
                  "uv": [
                    0,
                    63
                  ],
                  "uv_size": [
                    6,
                    19
                  ]
                },
                "west": {
                  "uv": [
                    24,
                    63
                  ],
                  "uv_size": [
                    5,
                    19
                  ]
                }
              }
            },
            {
              "origin": [
                -23,
                0,
                -2.4
              ],
              "size": [
                6,
                19,
                5
              ],
              "uv": {
                "north": {
                  "uv": [
                    0,
                    63
                  ],
                  "uv_size": [
                    6,
                    19
                  ]
                },
                "east": {
                  "uv": [
                    29,
                    63
                  ],
                  "uv_size": [
                    -5,
                    19
                  ]
                },
                "south": {
                  "uv": [
                    6,
                    63
                  ],
                  "uv_size": [
                    -6,
                    19
                  ]
                },
                "west": {
                  "uv": [
                    24,
                    63
                  ],
                  "uv_size": [
                    5,
                    19
                  ]
                }
              }
            }
          ]
        }
      ]
    }
  ],
  "format_version": "1.12.0"
}