{
  "minecraft:geometry": [
    {
      "description": {
        "identifier": "geometry.hive.sonic.ring",
        "texture_width": 32,
        "texture_height": 32,
        "visible_bounds_width": 2,
        "visible_bounds_height": 3,
        "visible_bounds_offset": [
          0,
          0.5,
          0
        ]
      },
      "bones": [
        {
          "name": "root",
          "pivot": [
            0,
            0,
            0
          ]
        },
        {
          "name": "ring",
          "parent": "root",
          "pivot": [
            0,
            11,
            0
          ],
          "cubes": [
            {
              "origin": [
                4,
                6,
                -1
              ],
              "size": [
                2,
                10,
                2
              ],
              "uv": [
                11,
                10
              ],
              "mirror": true
            },
            {
              "origin": [
                -5,
                5,
                -1
              ],
              "size": [
                10,
                2,
                2
              ],
              "uv": [
                0,
                5
              ]
            },
            {
              "origin": [
                -5,
                15,
                -1
              ],
              "size": [
                10,
                2,
                2
              ],
              "uv": [
                0,
                0
              ]
            },
            {
              "origin": [
                -4,
                14,
                -1
              ],
              "size": [
                1,
                1,
                2
              ],
              "uv": [
                0,
                23
              ]
            },
            {
              "origin": [
                -4,
                7,
                -1
              ],
              "size": [
                1,
                1,
                2
              ],
              "uv": [
                8,
                23
              ]
            },
            {
              "origin": [
                3,
                14,
                -1
              ],
              "size": [
                1,
                1,
                2
              ],
              "uv": [
                0,
                23
              ]
            },
            {
              "origin": [
                3,
                7,
                -1
              ],
              "size": [
                1,
                1,
                2
              ],
              "uv": [
                8,
                23
              ]
            },
            {
              "origin": [
                -6,
                6,
                -1
              ],
              "size": [
                2,
                10,
                2
              ],
              "uv": [
                0,
                10
              ]
            }
          ]
        }
      ]
    }
  ],
  "format_version": "1.12.0"
}