{
  "minecraft:geometry": [
    {
      "description": {
        "identifier": "geometry.hive.sonic.spring.single",
        "texture_width": 32,
        "texture_height": 32,
        "visible_bounds_width": 3,
        "visible_bounds_height": 3,
        "visible_bounds_offset": [
          0,
          0.5,
          0
        ]
      },
      "bones": [
        {
          "name": "root",
          "pivot": [
            0,
            0,
            0
          ]
        },
        {
          "name": "top",
          "parent": "root",
          "pivot": [
            0,
            3,
            0
          ],
          "rotation": [
            -10,
            0,
            0
          ],
          "cubes": [
            {
              "origin": [
                -8,
                2.25,
                -8.25
              ],
              "size": [
                16,
                6,
                16
              ],
              "uv": {
                "north": {
                  "uv": [
                    0,
                    16
                  ],
                  "uv_size": [
                    16,
                    6
                  ]
                },
                "east": {
                  "uv": [
                    0,
                    16
                  ],
                  "uv_size": [
                    16,
                    6
                  ]
                },
                "south": {
                  "uv": [
                    0,
                    16
                  ],
                  "uv_size": [
                    16,
                    6
                  ]
                },
                "west": {
                  "uv": [
                    0,
                    16
                  ],
                  "uv_size": [
                    16,
                    6
                  ]
                },
                "up": {
                  "uv": [
                    16,
                    16
                  ],
                  "uv_size": [
                    -16,
                    -16
                  ]
                },
                "down": {
                  "uv": [
                    32,
                    16
                  ],
                  "uv_size": [
                    16,
                    -16
                  ]
                }
              }
            }
          ]
        },
        {
          "name": "bottom",
          "parent": "root",
          "pivot": [
            0,
            0,
            0
          ],
          "cubes": [
            {
              "origin": [
                -4,
                0,
                -4
              ],
              "size": [
                8,
                3,
                8
              ],
              "uv": {
                "north": {
                  "uv": [
                    24,
                    16
                  ],
                  "uv_size": [
                    8,
                    3
                  ]
                },
                "east": {
                  "uv": [
                    24,
                    16
                  ],
                  "uv_size": [
                    8,
                    3
                  ]
                },
                "south": {
                  "uv": [
                    24,
                    16
                  ],
                  "uv_size": [
                    8,
                    3
                  ]
                },
                "west": {
                  "uv": [
                    24,
                    16
                  ],
                  "uv_size": [
                    8,
                    3
                  ]
                },
                "up": {
                  "uv": [
                    16,
                    16
                  ],
                  "uv_size": [
                    8,
                    8
                  ]
                },
                "down": {
                  "uv": [
                    16,
                    24
                  ],
                  "uv_size": [
                    8,
                    -8
                  ]
                }
              }
            }
          ]
        }
      ]
    }
  ],
  "format_version": "1.12.0"
}