{
  "format_version": "1.8.0",
  "minecraft:client_entity": {
    "description": {
      "identifier": "hive:buzzer",
      "materials": {
        "default": "entity_alphatest"
      },
      "textures": {
        "default": "textures/entity/hive/sonic/badnik/buzzer",
        "golden": "textures/entity/hive/sonic/badnik/buzzer_golden"
      },
      "geometry": {
        "default": "geometry.hive.sonic.badnik.buzzbomber"
      },
      "animations": {
        "idleWings": "animation.hive.sonic.badnik.buzzbomber.idle.wings",
        "idleBreathe": "animation.hive.sonic.badnik.buzzbomber.idle.breathe",
        "idleFloat": "animation.hive.sonic.badnik.buzzbomber.idle.float",
        "fire": "animation.hive.sonic.badnik.buzzbomber.fire",
        "explode": "animation.hive.sonic.badnik.buzzbomber.explode"
      },
      "particle_effects": {
        "golden": "hive:badnik_gold"
      },
      "animation_controllers": [
        {
          "idle": "controller.animation.hive.sonic.badnik.buzzbomber.idle"
        },
        {
          "fire": "controller.animation.hive.sonic.badnik.buzzbomber.fire"
        },
        {
          "explode": "controller.animation.hive.sonic.badnik.buzzbomber.explode"
        },
        {
          "golden": "controller.animation.hive.sonic.badnik.golden"
        }
      ],
      "render_controllers": [
        "controller.render.hive.sonic.badnik.golden"
      ]
    }
  }
}