{
  "format_version": "1.8.0",
  "minecraft:client_entity": {
    "description": {
      "identifier": "hive:chopper",
      "materials": {
        "default": "entity_alphatest"
      },
      "textures": {
        "default": "textures/entity/hive/sonic/badnik/chopper",
        "golden": "textures/entity/hive/sonic/badnik/chopper_golden"
      },
      "geometry": {
        "default": "geometry.hive.sonic.badnik.chopper"
      },
      "animations": {
        "idleBlink": "animation.hive.sonic.badnik.chopper.idleBlink",
        "idleTurbulence": "animation.hive.sonic.badnik.chopper.idleTurbulence",
        "slowSwim": "animation.hive.sonic.badnik.chopper.slowSwim",
        "fastSwim": "animation.hive.sonic.badnik.chopper.fastSwim",
        "fastWiggleSwim": "animation.hive.sonic.badnik.chopper.fastWiggleSwim",
        "bite": "animation.hive.sonic.badnik.chopper.bite",
        "rotate": "animation.hive.sonic.badnik.chopper.rotate",
        "explode": "animation.hive.sonic.badnik.chopper.explode"
      },
      "particle_effects": {
        "golden": "hive:badnik_gold"
      },
      "animation_controllers": [
        {
          "jump": "controller.animation.hive.sonic.badnik.chopper.jump"
        },
        {
          "idle": "controller.animation.hive.sonic.badnik.chopper.idle"
        },
        {
          "general": "controller.animation.hive.sonic.badnik.chopper.general"
        },
        {
          "golden": "controller.animation.hive.sonic.badnik.golden"
        }
      ],
      "render_controllers": [
        "controller.render.hive.sonic.badnik.golden"
      ]
    }
  }
}