{
  "format_version": "1.8.0",
  "minecraft:client_entity": {
    "description": {
      "identifier": "hive:eggpawn",
      "materials": {
        "default": "entity"
      },
      "textures": {
        "default": "textures/entity/hive/sonic/badnik/eggpawn"
      },
      "geometry": {
        "default": "geometry.hive.sonic.badnik.eggpawn"
      },
      "animations": {
        "idleMechanical": "animation.hive.sonic.badnik.eggpawn.idle.mechanical",
        "fireAim": "animation.hive.sonic.badnik.eggpawn.fire.aim",
        "fireAimed": "animation.hive.sonic.badnik.eggpawn.fire.aimed",
        "fireLeft": "animation.hive.sonic.badnik.eggpawn.fire.left",
        "fireRight": "animation.hive.sonic.badnik.eggpawn.fire.right",
        "lookLeft": "animation.hive.sonic.badnik.eggpawn.look.left",
        "lookRight": "animation.hive.sonic.badnik.eggpawn.look.right"
      },
      "animation_controllers": [
        {
          "idle": "controller.animation.hive.sonic.badnik.eggpawn.idle"
        },
        {
          "fire": "controller.animation.hive.sonic.badnik.eggpawn.fire"
        }
      ],
      "render_controllers": [
        "controller.render.hive.sonic.default"
      ]
    }
  }
}