{
  "format_version": "1.8.0",
  "minecraft:client_entity": {
    "description": {
      "identifier": "hive:grabber",
      "materials": {
        "default": "entity_alphatest"
      },
      "textures": {
        "default": "textures/entity/hive/sonic/badnik/grabber"
      },
      "geometry": {
        "default": "geometry.hive.sonic.badnik.grabber"
      },
      "scripts": {
        "pre_animation": [
          "variable.idleRandom \u003d math.random_integer(0, 3);"
        ]
      },
      "animations": {
        "idle": "animation.hive.sonic.badnik.grabber.idle",
        "idleThreat": "animation.hive.sonic.badnik.grabber.idle.threat",
        "idleBlink": "animation.hive.sonic.badnik.grabber.idle.blink",
        "idleLookRight": "animation.hive.sonic.badnik.grabber.idle.look.right",
        "idleLookLeft": "animation.hive.sonic.badnik.grabber.idle.look.left",
        "drop": "animation.hive.sonic.badnik.grabber.drop"
      },
      "animation_controllers": [
        {
          "drop": "controller.animation.hive.sonic.badnik.grabber.drop"
        },
        {
          "idle": "controller.animation.hive.sonic.badnik.grabber.idle"
        }
      ],
      "render_controllers": [
        "controller.render.hive.sonic.default"
      ]
    }
  }
}