{
  "format_version": "1.8.0",
  "minecraft:client_entity": {
    "description": {
      "identifier": "hive:motobug",
      "materials": {
        "default": "entity_alphatest"
      },
      "textures": {
        "default": "textures/entity/hive/sonic/badnik/motobug",
        "golden": "textures/entity/hive/sonic/badnik/motobug_golden"
      },
      "geometry": {
        "default": "geometry.hive.sonic.badnik.motobug"
      },
      "animations": {
        "idle": "animation.hive.sonic.badnik.motobug.idle",
        "idleLook1": "animation.hive.sonic.badnik.motobug.idleLook1",
        "idleBlink": "animation.hive.sonic.badnik.motobug.idleBlink",
        "walk": "animation.hive.sonic.badnik.motobug.walk",
        "boost": "animation.hive.sonic.badnik.motobug.boost",
        "walkWheel": "animation.hive.sonic.badnik.motobug.walkWheel",
        "explode": "animation.hive.sonic.badnik.motobug.explode"
      },
      "particle_effects": {
        "golden": "hive:badnik_gold",
        "exhaust": "hive:exhaust_trail",
        "boost": "hive:fire_trail"
      },
      "animation_controllers": [
        {
          "move": "controller.animation.hive.sonic.badnik.motobug.move"
        },
        {
          "idle": "controller.animation.hive.sonic.badnik.motobug.idle"
        },
        {
          "boost": "controller.animation.hive.sonic.badnik.motobug.boost"
        },
        {
          "golden": "controller.animation.hive.sonic.badnik.golden"
        }
      ],
      "render_controllers": [
        "controller.render.hive.sonic.badnik.golden"
      ]
    }
  }
}