{
  "format_version": "1.8.0",
  "minecraft:client_entity": {
    "description": {
      "identifier": "hive:spinner",
      "materials": {
        "default": "entity_alphatest"
      },
      "textures": {
        "default": "textures/entity/hive/sonic/badnik/spinner",
        "golden": "textures/entity/hive/sonic/badnik/spinner_golden"
      },
      "geometry": {
        "default": "geometry.hive.sonic.badnik.spinner"
      },
      "animations": {
        "idleBlink": "animation.hive.sonic.badnik.spinner.idle.blink",
        "idleSpin": "animation.hive.sonic.badnik.spinner.idle.spin",
        "idleFloat": "animation.hive.sonic.badnik.spinner.idle.float",
        "idleVibrate": "animation.hive.sonic.badnik.spinner.idle.vibrate",
        "explode": "animation.hive.sonic.badnik.spinner.explode"
      },
      "particle_effects": {
        "golden": "hive:badnik_gold"
      },
      "animation_controllers": [
        {
          "blink": "controller.animation.hive.sonic.badnik.spinner.blink"
        },
        {
          "idle": "controller.animation.hive.sonic.badnik.spinner.idle"
        },
        {
          "golden": "controller.animation.hive.sonic.badnik.golden"
        }
      ],
      "render_controllers": [
        "controller.render.hive.sonic.badnik.golden"
      ]
    }
  }
}