{
  "format_version": "1.8.0",
  "minecraft:client_entity": {
    "description": {
      "identifier": "hive:spiny",
      "materials": {
        "default": "entity_alphatest"
      },
      "textures": {
        "default": "textures/entity/hive/sonic/badnik/spiny"
      },
      "geometry": {
        "default": "geometry.hive.sonic.badnik.spiny"
      },
      "scripts": {
        "pre_animation": [
          "variable.idleRandom \u003d math.random_integer(0, 5);"
        ]
      },
      "animations": {
        "idleBreathe": "animation.hive.sonic.badnik.spiny.idle.breathe",
        "idleBlink": "animation.hive.sonic.badnik.spiny.idle.blink",
        "idleLegs1": "animation.hive.sonic.badnik.spiny.idle.legs1",
        "idleLegs2": "animation.hive.sonic.badnik.spiny.idle.legs2",
        "idleLookLeft": "animation.hive.sonic.badnik.spiny.idle.look.left",
        "idleLookRight": "animation.hive.sonic.badnik.spiny.idle.look.right",
        "idleLook": "animation.hive.sonic.badnik.spiny.idle.look",
        "fire": "animation.hive.sonic.badnik.spiny.fire",
        "rotate": "animation.hive.sonic.badnik.spiny.rotate"
      },
      "animation_controllers": [
        {
          "breathe": "controller.animation.hive.sonic.badnik.spiny.breathe"
        },
        {
          "idle": "controller.animation.hive.sonic.badnik.spiny.idle"
        },
        {
          "fire": "controller.animation.hive.sonic.badnik.spiny.fire"
        }
      ],
      "render_controllers": [
        "controller.render.hive.sonic.default"
      ]
    }
  }
}