{
  "format_version": "1.10.0",
  "animation_controllers": {
    "controller.animation.hive.sonic.projectile.rocket": {
      "states": {
        "default": {
          "animations": [
            "spawn",
            "idle"
          ],
          "transitions": [
            {
              "despawn": "query.is_tamed"
            }
          ],
          "particle_effects": [
            {
              "effect": "exhaust",
              "locator": "exhaust"
            }
          ]
        },
        "despawn": {
          "animations": [
            "despawn"
          ]
        }
      }
    }
  }
}