{
  "format_version": "1.12.0",
  "minecraft:geometry": [
    {
      "description": {
        "identifier": "geometry.hive.sonic.rr.dark_iron_bars_corner",
        "texture_width": 32,
        "texture_height": 32,
        "visible_bounds_width": 2,
        "visible_bounds_height": 3,
        "visible_bounds_offset": [
          0,
          0.5,
          0
        ]
      },
      "bones": [
        {
          "name": "root",
          "pivot": [
            0,
            0,
            0
          ],
          "cubes": [
            {
              "origin": [
                -1,
                0,
                -1
              ],
              "size": [
                2,
                16,
                2
              ],
              "uv": {
                "north": {
                  "uv": [
                    15,
                    0
                  ],
                  "uv_size": [
                    2,
                    16
                  ]
                },
                "east": {
                  "uv": [
                    15,
                    0
                  ],
                  "uv_size": [
                    2,
                    16
                  ]
                },
                "south": {
                  "uv": [
                    15,
                    0
                  ],
                  "uv_size": [
                    2,
                    16
                  ]
                },
                "west": {
                  "uv": [
                    15,
                    0
                  ],
                  "uv_size": [
                    2,
                    16
                  ]
                },
                "up": {
                  "uv": [
                    17,
                    18
                  ],
                  "uv_size": [
                    -2,
                    -2
                  ]
                },
                "down": {
                  "uv": [
                    17,
                    18
                  ],
                  "uv_size": [
                    -2,
                    -2
                  ]
                }
              }
            },
            {
              "origin": [
                -8,
                0,
                0
              ],
              "size": [
                7,
                15,
                0
              ],
              "uv": {
                "north": {
                  "uv": [
                    8,
                    1
                  ],
                  "uv_size": [
                    7,
                    15
                  ]
                },
                "east": {
                  "uv": [
                    0,
                    0
                  ],
                  "uv_size": [
                    0,
                    15
                  ]
                },
                "south": {
                  "uv": [
                    1,
                    1
                  ],
                  "uv_size": [
                    7,
                    15
                  ]
                },
                "west": {
                  "uv": [
                    0,
                    0
                  ],
                  "uv_size": [
                    0,
                    15
                  ]
                },
                "up": {
                  "uv": [
                    14,
                    0
                  ],
                  "uv_size": [
                    -14,
                    0
                  ]
                },
                "down": {
                  "uv": [
                    14,
                    0
                  ],
                  "uv_size": [
                    -14,
                    0
                  ]
                }
              }
            },
            {
              "origin": [
                0,
                0,
                -8
              ],
              "size": [
                0,
                15,
                7
              ],
              "uv": {
                "north": {
                  "uv": [
                    0,
                    0
                  ],
                  "uv_size": [
                    0,
                    15
                  ]
                },
                "east": {
                  "uv": [
                    1,
                    1
                  ],
                  "uv_size": [
                    7,
                    15
                  ]
                },
                "south": {
                  "uv": [
                    0,
                    0
                  ],
                  "uv_size": [
                    0,
                    15
                  ]
                },
                "west": {
                  "uv": [
                    8,
                    1
                  ],
                  "uv_size": [
                    7,
                    15
                  ]
                },
                "up": {
                  "uv": [
                    0,
                    7
                  ],
                  "uv_size": [
                    0,
                    -7
                  ]
                },
                "down": {
                  "uv": [
                    0,
                    7
                  ],
                  "uv_size": [
                    0,
                    -7
                  ]
                }
              }
            },
            {
              "origin": [
                -8,
                0,
                -1
              ],
              "size": [
                1,
                16,
                2
              ],
              "uv": {
                "north": {
                  "uv": [
                    15,
                    0
                  ],
                  "uv_size": [
                    1,
                    16
                  ]
                },
                "east": {
                  "uv": [
                    15,
                    0
                  ],
                  "uv_size": [
                    2,
                    16
                  ]
                },
                "south": {
                  "uv": [
                    15,
                    0
                  ],
                  "uv_size": [
                    1,
                    16
                  ]
                },
                "west": {
                  "uv": [
                    15,
                    0
                  ],
                  "uv_size": [
                    2,
                    16
                  ]
                },
                "up": {
                  "uv": [
                    16,
                    18
                  ],
                  "uv_size": [
                    -1,
                    -2
                  ]
                },
                "down": {
                  "uv": [
                    16,
                    18
                  ],
                  "uv_size": [
                    -1,
                    -2
                  ]
                }
              }
            },
            {
              "origin": [
                -1,
                0,
                -8
              ],
              "size": [
                2,
                16,
                1
              ],
              "uv": {
                "north": {
                  "uv": [
                    15,
                    0
                  ],
                  "uv_size": [
                    2,
                    16
                  ]
                },
                "east": {
                  "uv": [
                    15,
                    0
                  ],
                  "uv_size": [
                    1,
                    16
                  ]
                },
                "south": {
                  "uv": [
                    15,
                    0
                  ],
                  "uv_size": [
                    2,
                    16
                  ]
                },
                "west": {
                  "uv": [
                    15,
                    0
                  ],
                  "uv_size": [
                    1,
                    16
                  ]
                },
                "up": {
                  "uv": [
                    17,
                    18
                  ],
                  "uv_size": [
                    -2,
                    -1
                  ]
                },
                "down": {
                  "uv": [
                    17,
                    18
                  ],
                  "uv_size": [
                    -2,
                    -1
                  ]
                }
              }
            }
          ]
        }
      ]
    }
  ]
}