{
  "minecraft:geometry": [
    {
      "description": {
        "identifier": "geometry.hive.sonic.event.billboard.image",
        "texture_width": 640,
        "texture_height": 384,
        "visible_bounds_width": 11,
        "visible_bounds_height": 9,
        "visible_bounds_offset": [
          0,
          1.5,
          0
        ]
      },
      "bones": [
        {
          "name": "root",
          "pivot": [
            0,
            0,
            0
          ],
          "cubes": [
            {
              "origin": [
                -40,
                16,
                -0.5
              ],
              "size": [
                80,
                48,
                1
              ],
              "uv": {
                "north": {
                  "uv": [
                    0,
                    0
                  ],
                  "uv_size": [
                    640,
                    384
                  ]
                },
                "south": {
                  "uv": [
                    0,
                    0
                  ],
                  "uv_size": [
                    640,
                    384
                  ]
                }
              }
            }
          ]
        }
      ]
    }
  ],
  "format_version": "1.12.0"
}