{
  "format_version": "1.8.0",
  "minecraft:client_entity": {
    "description": {
      "identifier": "hive:event_ring_shop_sign",
      "materials": {
        "default": "entity_alphatest"
      },
      "textures": {
        "default": "textures/entity/hive/sonic/event/ringshop/sign"
      },
      "geometry": {
        "default": "geometry.hive.sonic.event.ringshop.sign"
      },
      "animations": {
        "sign": "animation.hive.sonic.event.ringshop.sign"
      },
      "animation_controllers": [
        {
          "hover": "controller.animation.hive.sonic.event.ringshop.sign"
        }
      ],
      "render_controllers": [
        "controller.render.hive.sonic.default"
      ]
    }
  }
}