{
  "format_version": "1.8.0",
  "render_controllers": {
    "controller.render.hive.sonic.event.eggmobile.shield": {
      "geometry": "query.is_baby ? Geometry.shield : Geometry.shieldless",
      "materials": [
        {
          "*": "Material.shield"
        }
      ],
      "textures": [
        "Texture.shield"
      ],
      "uv_anim": {
        "offset": [
          "(Math.floor(query.life_time * 20.0) + query.frame_alpha) * 0.01",
          "(Math.floor(query.life_time * 20.0) + query.frame_alpha) * 0.01"
        ],
        "scale": [
          1.0,
          1.0
        ]
      },
      "light_color_multiplier": 0.5,
      "ignore_lighting": true
    }
  }
}