{
  "format_version": "1.8.0",
  "animations": {
    "animation.hive.sonic.ghz.tree.idle": {
      "loop": true,
      "animation_length": 4.32,
      "bones": {
        "tree1": {
          "rotation": [
            0,
            0,
            0
          ]
        },
        "leaves": {
          "position": {
            "1.64": [
              0,
              0,
              0
            ],
            "2.92": [
              0,
              -0.25,
              0
            ],
            "3.72": [
              0,
              0,
              0
            ]
          },
          "scale": {
            "0.96": [
              1,
              1,
              1
            ],
            "1.96": [
              1,
              0.98,
              1
            ],
            "2.44": [
              1,
              0.95,
              1
            ],
            "4.32": [
              1,
              1,
              1
            ]
          }
        },
        "leafA": {
          "rotation": {
            "0.0": [
              0,
              0,
              0
            ],
            "0.16": [
              0.03,
              0,
              0
            ],
            "0.6": [
              0.4,
              0,
              0
            ],
            "1.52": [
              2.14,
              0,
              0
            ],
            "2.0": [
              2.775,
              0,
              0
            ],
            "2.28": [
              2.575,
              0,
              0
            ],
            "2.8": [
              0.98,
              0,
              0
            ],
            "3.28": [
              0.14,
              0,
              0
            ],
            "3.52": [
              0.06,
              0,
              0
            ],
            "4.32": [
              0,
              0,
              0
            ]
          }
        },
        "leafA1": {
          "rotation": {
            "0.0": [
              0,
              0,
              0
            ],
            "0.36": [
              0.12,
              0,
              0
            ],
            "2.0": [
              2.32,
              0,
              0
            ],
            "2.28": [
              2.5,
              0,
              0
            ],
            "3.16": [
              0.49,
              0,
              0
            ],
            "3.48": [
              0.125,
              0,
              0
            ],
            "4.32": [
              0,
              0,
              0
            ]
          }
        },
        "leafA2": {
          "rotation": {
            "0.0": [
              -1,
              0,
              0
            ],
            "0.36": [
              -1.14,
              0,
              0
            ],
            "1.2": [
              -1.48,
              0,
              0
            ],
            "1.92": [
              -0.07,
              0,
              0
            ],
            "2.24": [
              2.07,
              0,
              0
            ],
            "2.36": [
              2.79,
              0,
              0
            ],
            "2.64": [
              3,
              0,
              0
            ],
            "3.32": [
              0.17,
              0,
              0
            ],
            "3.76": [
              -0.51,
              0,
              0
            ],
            "4.32": [
              -1,
              0,
              0
            ]
          }
        },
        "leafG": {
          "rotation": {
            "0.0": [
              0,
              0,
              0
            ],
            "0.32": [
              0.18,
              0,
              0
            ],
            "1.4": [
              2.24,
              0,
              0
            ],
            "2.0": [
              2.5,
              0,
              0
            ],
            "2.44": [
              2.11,
              0,
              0
            ],
            "3.12": [
              0.225,
              0,
              0
            ],
            "3.6": [
              0,
              0,
              0
            ]
          }
        },
        "leafG1": {
          "rotation": {
            "0.0": [
              0.425,
              0,
              0
            ],
            "1.04": [
              0,
              0,
              0
            ],
            "1.4": [
              0,
              0,
              0
            ],
            "2.08": [
              4.05,
              0,
              0
            ],
            "2.44": [
              5,
              0,
              0
            ],
            "2.6": [
              4.48,
              0,
              0
            ],
            "3.48": [
              1.035,
              0,
              0
            ],
            "3.8": [
              0.425,
              0,
              0
            ]
          }
        },
        "leafB": {
          "rotation": {
            "0.12": [
              0,
              0,
              0
            ],
            "0.28": [
              0.03,
              0,
              0
            ],
            "0.72": [
              0.4,
              0,
              0
            ],
            "1.64": [
              2.14,
              0,
              0
            ],
            "2.12": [
              2.775,
              0,
              0
            ],
            "2.4": [
              2.575,
              0,
              0
            ],
            "2.92": [
              0.98,
              0,
              0
            ],
            "3.4": [
              0.14,
              0,
              0
            ],
            "3.72": [
              0.05,
              0,
              0
            ],
            "4.24": [
              0,
              0,
              0
            ]
          }
        },
        "leafA4": {
          "rotation": {
            "0.12": [
              -1,
              0,
              0
            ],
            "1.32": [
              -1.48,
              0,
              0
            ],
            "2.04": [
              -0.07,
              0,
              0
            ],
            "2.36": [
              2.07,
              0,
              0
            ],
            "2.48": [
              2.79,
              0,
              0
            ],
            "2.6": [
              3,
              0,
              0
            ],
            "3.4": [
              0.14,
              0,
              0
            ],
            "4.0": [
              -0.67,
              0,
              0
            ],
            "4.32": [
              -1,
              0,
              0
            ]
          }
        },
        "leafA5": {
          "rotation": {
            "0.12": [
              -1,
              0,
              0
            ],
            "1.32": [
              -1.48,
              0,
              0
            ],
            "2.04": [
              -0.07,
              0,
              0
            ],
            "2.36": [
              2.07,
              0,
              0
            ],
            "2.48": [
              2.79,
              0,
              0
            ],
            "2.6": [
              3,
              0,
              0
            ],
            "3.72": [
              -1,
              0,
              0
            ]
          }
        },
        "leafC": {
          "rotation": {
            "0.12": [
              0,
              0,
              0
            ],
            "0.28": [
              0.03,
              0,
              0
            ],
            "0.72": [
              0.4,
              0,
              0
            ],
            "1.64": [
              2.14,
              0,
              0
            ],
            "2.12": [
              2.775,
              0,
              0
            ],
            "2.4": [
              2.575,
              0,
              0
            ],
            "2.92": [
              0.98,
              0,
              0
            ],
            "3.4": [
              0.14,
              0,
              0
            ],
            "3.72": [
              0,
              0,
              0
            ]
          }
        },
        "leafA3": {
          "rotation": {
            "0.12": [
              -1,
              0,
              0
            ],
            "1.32": [
              -1.48,
              0,
              0
            ],
            "2.04": [
              -0.07,
              0,
              0
            ],
            "2.36": [
              2.07,
              0,
              0
            ],
            "2.48": [
              2.79,
              0,
              0
            ],
            "2.76": [
              3,
              0,
              0
            ],
            "3.72": [
              -1,
              0,
              0
            ]
          }
        },
        "leafA6": {
          "rotation": {
            "0.12": [
              -1,
              0,
              0
            ],
            "1.32": [
              -1.48,
              0,
              0
            ],
            "2.04": [
              -0.07,
              0,
              0
            ],
            "2.36": [
              2.07,
              0,
              0
            ],
            "2.48": [
              2.79,
              0,
              0
            ],
            "2.76": [
              3,
              0,
              0
            ],
            "3.72": [
              -1,
              0,
              0
            ]
          }
        },
        "leafD": {
          "rotation": {
            "0.12": [
              0,
              0,
              0
            ],
            "0.28": [
              0.03,
              0,
              0
            ],
            "0.72": [
              0.4,
              0,
              0
            ],
            "1.64": [
              2.14,
              0,
              0
            ],
            "2.12": [
              2.775,
              0,
              0
            ],
            "2.48": [
              2.575,
              0,
              0
            ],
            "3.0": [
              0.98,
              0,
              0
            ],
            "3.48": [
              0.14,
              0,
              0
            ],
            "3.8": [
              0,
              0,
              0
            ]
          }
        },
        "leafA7": {
          "rotation": {
            "0.12": [
              -1,
              0,
              0
            ],
            "1.32": [
              -1.48,
              0,
              0
            ],
            "2.04": [
              -0.07,
              0,
              0
            ],
            "2.44": [
              2.07,
              0,
              0
            ],
            "2.56": [
              2.79,
              0,
              0
            ],
            "2.68": [
              3,
              0,
              0
            ],
            "3.72": [
              -0.71,
              0,
              0
            ],
            "4.0": [
              -1,
              0,
              0
            ]
          }
        },
        "leafA8": {
          "rotation": {
            "0.12": [
              -1,
              0,
              0
            ],
            "1.32": [
              -1.48,
              0,
              0
            ],
            "2.04": [
              -0.07,
              0,
              0
            ],
            "2.44": [
              2.07,
              0,
              0
            ],
            "2.56": [
              2.79,
              0,
              0
            ],
            "2.84": [
              3,
              0,
              0
            ],
            "3.8": [
              -1,
              0,
              0
            ]
          }
        },
        "leafJ": {
          "rotation": {
            "0.0": [
              0,
              0,
              0
            ],
            "0.64": [
              0.18,
              0,
              0
            ],
            "1.72": [
              2.24,
              0,
              0
            ],
            "2.32": [
              2.5,
              0,
              0
            ],
            "2.76": [
              2.11,
              0,
              0
            ],
            "3.68": [
              0.225,
              0,
              0
            ],
            "4.32": [
              0,
              0,
              0
            ]
          }
        },
        "leafH": {
          "rotation": {
            "0.0": [
              0,
              0,
              0
            ],
            "0.32": [
              0.18,
              0,
              0
            ],
            "1.24": [
              2.24,
              0,
              0
            ],
            "1.84": [
              2.5,
              0,
              0
            ],
            "2.28": [
              2.11,
              0,
              0
            ],
            "3.12": [
              0.225,
              0,
              0
            ],
            "3.6": [
              0,
              0,
              0
            ]
          }
        },
        "leafG3": {
          "rotation": {
            "0.0": [
              0.425,
              0,
              0
            ],
            "0.88": [
              0,
              0,
              0
            ],
            "1.24": [
              0,
              0,
              0
            ],
            "1.92": [
              4.05,
              0,
              0
            ],
            "2.28": [
              5,
              0,
              0
            ],
            "2.44": [
              4.48,
              0,
              0
            ],
            "3.48": [
              1.035,
              0,
              0
            ],
            "3.72": [
              0.58,
              0,
              0
            ],
            "4.04": [
              0.425,
              0,
              0
            ]
          }
        },
        "leafI": {
          "rotation": {
            "0.0": [
              0,
              0,
              0
            ],
            "0.48": [
              0.18,
              0,
              0
            ],
            "1.56": [
              2.24,
              0,
              0
            ],
            "2.16": [
              2.5,
              0,
              0
            ],
            "2.6": [
              2.11,
              0,
              0
            ],
            "3.28": [
              0.225,
              0,
              0
            ],
            "3.76": [
              0,
              0,
              0
            ]
          }
        },
        "leafG5": {
          "rotation": {
            "0.0": [
              0.425,
              0,
              0
            ],
            "1.2": [
              0,
              0,
              0
            ],
            "1.56": [
              0,
              0,
              0
            ],
            "2.24": [
              4.05,
              0,
              0
            ],
            "2.6": [
              5,
              0,
              0
            ],
            "2.76": [
              4.48,
              0,
              0
            ],
            "3.64": [
              1.035,
              0,
              0
            ],
            "3.96": [
              0.425,
              0,
              0
            ]
          }
        },
        "leafG7": {
          "rotation": {
            "0.0": [
              0.425,
              0,
              0
            ],
            "1.36": [
              0,
              0,
              0
            ],
            "1.72": [
              0,
              0,
              0
            ],
            "2.4": [
              4.05,
              0,
              0
            ],
            "2.76": [
              5,
              0,
              0
            ],
            "2.92": [
              4.48,
              0,
              0
            ],
            "4.04": [
              1.035,
              0,
              0
            ],
            "4.32": [
              0.425,
              0,
              0
            ]
          }
        }
      }
    },
    "animation.hive.sonic.ghz.tree.idle2": {
      "loop": true,
      "animation_length": 6.83333,
      "bones": {
        "tree1": {
          "rotation": {
            "0.0": [
              0,
              0,
              0
            ],
            "0.2083": [
              0.05,
              0,
              -0.05
            ],
            "2.375": [
              0.92,
              0,
              -0.92
            ],
            "2.75": [
              0.97,
              0,
              -0.97
            ],
            "3.125": [
              1,
              0,
              -1
            ],
            "3.7083": [
              0.89,
              0,
              -0.89
            ],
            "5.0": [
              0.26,
              0,
              -0.26
            ],
            "5.375": [
              0.06,
              0,
              -0.06
            ],
            "5.8333": [
              0.01,
              0,
              -0.01
            ],
            "6.4167": [
              0,
              0,
              0
            ]
          }
        },
        "tree2": {
          "rotation": {
            "0.0": [
              0,
              0,
              0
            ],
            "0.2083": [
              0.05,
              0,
              -0.1
            ],
            "2.375": [
              0.92,
              0,
              -1.84
            ],
            "2.75": [
              0.97,
              0,
              -1.94
            ],
            "3.125": [
              1,
              0,
              -2
            ],
            "3.7083": [
              0.89,
              0,
              -1.79
            ],
            "5.0": [
              0.26,
              0,
              -0.53
            ],
            "5.375": [
              0.06,
              0,
              -0.13
            ],
            "5.8333": [
              0.01,
              0,
              -0.01
            ],
            "6.4167": [
              0,
              0,
              0
            ]
          }
        },
        "leaves": {
          "rotation": {
            "0.0": [
              0,
              0,
              0
            ],
            "0.375": [
              0.05,
              0,
              -0.1
            ],
            "1.2917": [
              0.73,
              0,
              -1.48
            ],
            "1.7083": [
              0.89,
              0,
              -1.79
            ],
            "2.125": [
              1,
              0,
              -2
            ],
            "2.5833": [
              1,
              0,
              -2
            ],
            "3.0": [
              0.89,
              0,
              -1.79
            ],
            "3.5": [
              0.73,
              0,
              -1.48
            ],
            "4.25": [
              0.2,
              0,
              -0.4
            ],
            "4.6667": [
              0.09,
              0,
              -0.18
            ],
            "5.875": [
              0,
              0,
              0
            ]
          }
        }
      }
    },
    "animation.hive.sonic.ghz.tree.interact": {
      "animation_length": 0.41667
    },
    "animation.hive.sonic.ghz.tree.idleBreeze1": {
      "loop": true,
      "animation_length": 8.76,
      "bones": {
        "tree1": {
          "rotation": {
            "0.0": [
              0,
              0,
              0
            ],
            "0.44": [
              0,
              0,
              -0.1
            ],
            "0.84": [
              0,
              0,
              -0.38
            ],
            "2.04": [
              0,
              0,
              -1.23
            ],
            "2.4": [
              0,
              0,
              -1.38
            ],
            "3.24": [
              0,
              0,
              -1.48
            ],
            "3.84": [
              0,
              0,
              -1.5
            ],
            "4.36": [
              0,
              0,
              -1.39
            ],
            "4.96": [
              0,
              0,
              -1.08
            ],
            "5.72": [
              0,
              0,
              -0.51
            ],
            "6.72": [
              0,
              0,
              -0.13
            ],
            "7.32": [
              0,
              0,
              -0.03
            ],
            "7.76": [
              0,
              0,
              0
            ]
          }
        },
        "tree2": {
          "rotation": {
            "0.0": [
              0,
              0,
              0
            ],
            "0.44": [
              0,
              0,
              -0.15
            ],
            "0.84": [
              0,
              0,
              -0.57
            ],
            "2.04": [
              0,
              0,
              -1.85
            ],
            "2.4": [
              0,
              0,
              -2.08
            ],
            "3.24": [
              0,
              0,
              -2.22
            ],
            "3.84": [
              0,
              0,
              -2.25
            ],
            "4.36": [
              0,
              0,
              -2.08
            ],
            "4.96": [
              0,
              0,
              -1.62
            ],
            "5.72": [
              0,
              0,
              -0.76
            ],
            "6.72": [
              0,
              0,
              -0.2
            ],
            "7.32": [
              0,
              0,
              -0.05
            ],
            "7.76": [
              0,
              0,
              0
            ]
          }
        },
        "leaves": {
          "rotation": {
            "0.32": [
              0,
              0,
              0
            ],
            "2.88": [
              0,
              0,
              -2.35
            ],
            "3.48": [
              0,
              0,
              -2.5
            ],
            "6.84": [
              0,
              0,
              0
            ]
          }
        }
      }
    },
    "animation.hive.sonic.ghz.tree.idleBreeze2": {
      "loop": true,
      "animation_length": 8.76,
      "bones": {
        "tree1": {
          "rotation": {
            "0.0": [
              0,
              0,
              0
            ],
            "0.44": [
              0,
              0,
              0.1
            ],
            "0.84": [
              0,
              0,
              0.38
            ],
            "2.04": [
              0,
              0,
              1.23
            ],
            "2.4": [
              0,
              0,
              1.38
            ],
            "3.24": [
              0,
              0,
              1.48
            ],
            "3.84": [
              0,
              0,
              1.5
            ],
            "4.36": [
              0,
              0,
              1.39
            ],
            "4.96": [
              0,
              0,
              1.08
            ],
            "5.72": [
              0,
              0,
              0.51
            ],
            "6.72": [
              0,
              0,
              0.13
            ],
            "7.32": [
              0,
              0,
              0.03
            ],
            "7.76": [
              0,
              0,
              0
            ]
          }
        },
        "tree2": {
          "rotation": {
            "0.0": [
              0,
              0,
              0
            ],
            "0.44": [
              0,
              0,
              0.15
            ],
            "0.84": [
              0,
              0,
              0.57
            ],
            "2.04": [
              0,
              0,
              1.85
            ],
            "2.4": [
              0,
              0,
              2.08
            ],
            "3.24": [
              0,
              0,
              2.22
            ],
            "3.84": [
              0,
              0,
              2.25
            ],
            "4.36": [
              0,
              0,
              2.08
            ],
            "4.96": [
              0,
              0,
              1.62
            ],
            "5.72": [
              0,
              0,
              0.76
            ],
            "6.72": [
              0,
              0,
              0.2
            ],
            "7.32": [
              0,
              0,
              0.05
            ],
            "7.76": [
              0,
              0,
              0
            ]
          }
        },
        "leaves": {
          "rotation": {
            "0.32": [
              0,
              0,
              0
            ],
            "2.88": [
              0,
              0,
              2.35
            ],
            "3.48": [
              0,
              0,
              2.5
            ],
            "6.84": [
              0,
              0,
              0
            ]
          }
        }
      }
    },
    "animation.hive.sonic.ghz.tree.punchSpin": {
      "animation_length": 1.76,
      "bones": {
        "root": {
          "rotation": {
            "0.0": [
              0,
              0,
              0
            ],
            "0.04": [
              0,
              5,
              0
            ],
            "0.08": [
              0,
              -5,
              0
            ],
            "0.12": [
              0,
              2.5,
              0
            ],
            "0.2": [
              0,
              -2.5,
              0
            ],
            "0.28": [
              0,
              1,
              0
            ],
            "0.36": [
              0,
              0,
              0
            ]
          },
          "scale": {
            "0.0": [
              1,
              1,
              1
            ],
            "0.04": [
              1,
              0.9,
              1
            ],
            "0.12": [
              1,
              1.04,
              1
            ],
            "0.36": [
              1,
              1.04,
              1
            ],
            "0.52": [
              1,
              0.98,
              1
            ],
            "0.64": [
              1,
              1,
              1
            ]
          }
        },
        "tree1": {
          "position": {
            "0.0": [
              0,
              0,
              0
            ],
            "0.04": [
              0,
              -1,
              0
            ],
            "0.08": [
              0,
              -3,
              0
            ],
            "0.16": [
              0,
              -1.22,
              0
            ],
            "0.24": [
              0,
              -0.18,
              0
            ],
            "0.44": [
              0,
              -0.07,
              0
            ],
            "0.64": [
              0,
              0,
              0
            ]
          }
        },
        "tree2": {
          "rotation": {
            "0.08": [
              0,
              0,
              0
            ],
            "0.12": [
              0,
              25,
              0
            ],
            "0.16": [
              0,
              0,
              0
            ],
            "0.28": [
              0,
              86.87,
              0
            ],
            "0.44": [
              0,
              144.775,
              0
            ],
            "0.6": [
              0,
              172.96,
              0
            ],
            "0.76": [
              0,
              180,
              0
            ]
          },
          "position": {
            "0.0": [
              0,
              0,
              0
            ],
            "0.08": [
              0,
              -2,
              0
            ],
            "0.12": [
              0,
              -3,
              0
            ],
            "0.16": [
              0,
              -0.4,
              0
            ],
            "0.32": [
              0,
              -0.14,
              0
            ],
            "0.52": [
              0,
              0,
              0
            ]
          }
        },
        "leafA": {
          "rotation": {
            "0.0": [
              0,
              0,
              0
            ],
            "0.04": [
              -15,
              0,
              0
            ],
            "0.08": [
              25,
              0,
              0
            ],
            "0.16": [
              2.08,
              0,
              0
            ],
            "0.4": [
              -2.5,
              0,
              0
            ],
            "0.52": [
              -10,
              0,
              0
            ],
            "0.6": [
              -5,
              0,
              0
            ],
            "0.64": [
              -3.75,
              0,
              0
            ],
            "0.68": [
              -1.25,
              0,
              0
            ],
            "0.72": [
              0,
              0,
              0
            ],
            "0.92": [
              -0.75,
              0,
              0
            ],
            "1.08": [
              -0.15,
              0,
              0
            ],
            "1.36": [
              0,
              0,
              0
            ]
          }
        },
        "leafA1": {
          "rotation": {
            "0.0": [
              0,
              0,
              0
            ],
            "0.08": [
              0,
              0,
              0
            ],
            "0.12": [
              27.5,
              0,
              0
            ],
            "0.2": [
              3.44,
              0,
              0
            ],
            "0.4": [
              0,
              0,
              0
            ],
            "0.52": [
              -2.5,
              0,
              0
            ],
            "0.8": [
              -0.56,
              0,
              0
            ],
            "0.96": [
              -0.24,
              0,
              0
            ],
            "1.2": [
              0,
              0,
              0
            ]
          }
        },
        "leafA2": {
          "rotation": {
            "0.0": [
              0,
              0,
              0
            ],
            "0.04": [
              12.5,
              0,
              0
            ],
            "0.08": [
              -30,
              0,
              0
            ],
            "0.12": [
              -5,
              0,
              0
            ],
            "0.16": [
              25,
              0,
              0
            ],
            "0.24": [
              6.67,
              0,
              0
            ],
            "0.4": [
              -2.5,
              0,
              0
            ],
            "0.68": [
              -12.5,
              0,
              0
            ],
            "0.76": [
              -6.07,
              0,
              0
            ],
            "0.84": [
              4,
              0,
              0
            ],
            "0.92": [
              1.55,
              0,
              0
            ],
            "1.16": [
              0.52,
              0,
              0
            ],
            "1.44": [
              0,
              0,
              0
            ]
          }
        },
        "leafB": {
          "rotation": {
            "0.0": [
              0,
              0,
              0
            ],
            "0.08": [
              -15,
              0,
              0
            ],
            "0.12": [
              25,
              0,
              0
            ],
            "0.2": [
              2.08,
              0,
              0
            ],
            "0.44": [
              -2.5,
              0,
              0
            ],
            "0.56": [
              -10,
              0,
              0
            ],
            "0.72": [
              -5,
              0,
              0
            ],
            "0.76": [
              -3.75,
              0,
              0
            ],
            "0.8": [
              -1.25,
              0,
              0
            ],
            "0.84": [
              0,
              0,
              0
            ],
            "1.04": [
              -0.75,
              0,
              0
            ],
            "1.2": [
              -0.15,
              0,
              0
            ],
            "1.48": [
              0,
              0,
              0
            ]
          }
        },
        "leafA4": {
          "rotation": {
            "0.0": [
              0,
              0,
              0
            ],
            "0.12": [
              0,
              0,
              0
            ],
            "0.16": [
              27.5,
              0,
              0
            ],
            "0.24": [
              3.44,
              0,
              0
            ],
            "0.44": [
              0,
              0,
              0
            ],
            "0.56": [
              -2.5,
              0,
              0
            ],
            "0.92": [
              -0.56,
              0,
              0
            ],
            "1.08": [
              -0.24,
              0,
              0
            ],
            "1.32": [
              0,
              0,
              0
            ]
          }
        },
        "leafA5": {
          "rotation": {
            "0.0": [
              0,
              0,
              0
            ],
            "0.08": [
              12.5,
              0,
              0
            ],
            "0.12": [
              -30,
              0,
              0
            ],
            "0.16": [
              -5,
              0,
              0
            ],
            "0.2": [
              25,
              0,
              0
            ],
            "0.28": [
              6.67,
              0,
              0
            ],
            "0.44": [
              -2.5,
              0,
              0
            ],
            "0.8": [
              -12.5,
              0,
              0
            ],
            "0.88": [
              -6.07,
              0,
              0
            ],
            "0.96": [
              4,
              0,
              0
            ],
            "1.04": [
              1.55,
              0,
              0
            ],
            "1.28": [
              0.52,
              0,
              0
            ],
            "1.56": [
              0,
              0,
              0
            ]
          }
        },
        "leafC": {
          "rotation": {
            "0.0": [
              0,
              0,
              0
            ],
            "0.04": [
              -15,
              0,
              0
            ],
            "0.08": [
              25,
              0,
              0
            ],
            "0.16": [
              2.08,
              0,
              0
            ],
            "0.4": [
              -2.5,
              0,
              0
            ],
            "0.52": [
              -10,
              0,
              0
            ],
            "0.6": [
              -5,
              0,
              0
            ],
            "0.64": [
              -3.75,
              0,
              0
            ],
            "0.68": [
              -1.25,
              0,
              0
            ],
            "0.72": [
              0,
              0,
              0
            ],
            "0.92": [
              -0.75,
              0,
              0
            ],
            "1.08": [
              -0.15,
              0,
              0
            ],
            "1.36": [
              0,
              0,
              0
            ]
          }
        },
        "leafA3": {
          "rotation": {
            "0.0": [
              0,
              0,
              0
            ],
            "0.08": [
              0,
              0,
              0
            ],
            "0.12": [
              27.5,
              0,
              0
            ],
            "0.2": [
              3.44,
              0,
              0
            ],
            "0.4": [
              0,
              0,
              0
            ],
            "0.52": [
              -2.5,
              0,
              0
            ],
            "0.8": [
              -0.56,
              0,
              0
            ],
            "0.96": [
              -0.24,
              0,
              0
            ],
            "1.2": [
              0,
              0,
              0
            ]
          }
        },
        "leafA6": {
          "rotation": {
            "0.0": [
              0,
              0,
              0
            ],
            "0.04": [
              12.5,
              0,
              0
            ],
            "0.08": [
              -30,
              0,
              0
            ],
            "0.12": [
              -5,
              0,
              0
            ],
            "0.16": [
              25,
              0,
              0
            ],
            "0.24": [
              6.67,
              0,
              0
            ],
            "0.4": [
              -2.5,
              0,
              0
            ],
            "0.68": [
              -12.5,
              0,
              0
            ],
            "0.76": [
              -6.07,
              0,
              0
            ],
            "0.84": [
              4,
              0,
              0
            ],
            "0.92": [
              1.55,
              0,
              0
            ],
            "1.16": [
              0.52,
              0,
              0
            ],
            "1.44": [
              0,
              0,
              0
            ]
          }
        },
        "leafD": {
          "rotation": {
            "0.0": [
              0,
              0,
              0
            ],
            "0.04": [
              -15,
              0,
              0
            ],
            "0.08": [
              25,
              0,
              0
            ],
            "0.16": [
              2.08,
              0,
              0
            ],
            "0.4": [
              -2.5,
              0,
              0
            ],
            "0.52": [
              -10,
              0,
              0
            ],
            "0.6": [
              -5,
              0,
              0
            ],
            "0.64": [
              -3.75,
              0,
              0
            ],
            "0.76": [
              -1.25,
              0,
              0
            ],
            "0.8": [
              0,
              0,
              0
            ],
            "1.08": [
              -0.75,
              0,
              0
            ],
            "1.24": [
              -0.15,
              0,
              0
            ],
            "1.52": [
              0,
              0,
              0
            ]
          }
        },
        "leafA7": {
          "rotation": {
            "0.0": [
              0,
              0,
              0
            ],
            "0.08": [
              0,
              0,
              0
            ],
            "0.12": [
              27.5,
              0,
              0
            ],
            "0.2": [
              3.44,
              0,
              0
            ],
            "0.4": [
              0,
              0,
              0
            ],
            "0.52": [
              -2.5,
              0,
              0
            ],
            "0.88": [
              -0.56,
              0,
              0
            ],
            "1.08": [
              -0.24,
              0,
              0
            ],
            "1.36": [
              0,
              0,
              0
            ]
          }
        },
        "leafA8": {
          "rotation": {
            "0.0": [
              0,
              0,
              0
            ],
            "0.04": [
              12.5,
              0,
              0
            ],
            "0.08": [
              -30,
              0,
              0
            ],
            "0.12": [
              -5,
              0,
              0
            ],
            "0.16": [
              25,
              0,
              0
            ],
            "0.24": [
              6.67,
              0,
              0
            ],
            "0.4": [
              -2.5,
              0,
              0
            ],
            "0.76": [
              -12.5,
              0,
              0
            ],
            "0.84": [
              -6.07,
              0,
              0
            ],
            "0.92": [
              4,
              0,
              0
            ],
            "1.08": [
              1.55,
              0,
              0
            ],
            "1.32": [
              0.52,
              0,
              0
            ],
            "1.6": [
              0,
              0,
              0
            ]
          }
        },
        "smallerLeaves": {
          "scale": {
            "0.0": [
              1,
              1,
              1
            ],
            "0.04": [
              1,
              1.4,
              1
            ],
            "0.08": [
              1,
              0.8,
              1
            ],
            "0.12": [
              1,
              0.4,
              1
            ],
            "0.24": [
              1,
              0.8875,
              1
            ],
            "0.36": [
              1,
              0.985,
              1
            ],
            "0.4": [
              1,
              1.05,
              1
            ],
            "0.48": [
              1,
              0.95,
              1
            ],
            "0.6": [
              1,
              1,
              1
            ]
          }
        }
      }
    }
  }
}