{
  "format_version": "1.8.0",
  "render_controllers": {
    "controller.render.hive.sonic.event.billboard.image": {
      "arrays": {
        "textures": {
          "array.textures": [
            "Texture.image",
            "Texture.image2"
          ]
        }
      },
      "geometry": "Geometry.image",
      "materials": [
        {
          "*": "Material.default"
        }
      ],
      "textures": [
        "array.textures[query.variant]"
      ],
      "light_color_multiplier": 1.0,
      "ignore_lighting": true
    }
  }
}