{
  "format_version": "1.8.0",
  "animations": {
    "animation.hive.sonic.event.emp.trigger": {
      "loop": "hold_on_last_frame",
      "animation_length": 2.6,
      "bones": {
        "root": {
          "scale": {
            "0.0": [
              0,
              0,
              0
            ],
            "1.28": [
              13.5712,
              13.9487,
              13.9487
            ],
            "1.44": [
              14.7624,
              14.7624,
              14.7624
            ],
            "1.64": [
              15.7795,
              15.7795,
              15.7795
            ],
            "2.04": [
              16.5423,
              16.5423,
              16.5423
            ],
            "2.28": [
              16.8169,
              16.8169,
              16.8169
            ],
            "2.6": [
              17,
              17,
              17
            ]
          }
        },
        "uw2": {
          "position": {
            "0.28": [
              0,
              0,
              0
            ],
            "1.72": [
              0,
              0,
              5
            ]
          },
          "scale": {
            "0.28": [
              1,
              1,
              1
            ],
            "1.72": [
              1,
              1,
              0
            ]
          }
        },
        "uw3": {
          "position": {
            "0.28": [
              0,
              0,
              0
            ],
            "1.56": [
              -5,
              0,
              0
            ]
          },
          "scale": {
            "0.28": [
              1,
              1,
              1
            ],
            "1.56": [
              0,
              1,
              1
            ]
          }
        },
        "uw4": {
          "position": {
            "0.28": [
              0,
              0,
              0
            ],
            "1.12": [
              0,
              0,
              -5
            ]
          },
          "scale": {
            "0.28": [
              1,
              1,
              1
            ],
            "1.12": [
              1,
              1,
              0
            ]
          }
        },
        "uw1": {
          "position": {
            "0.28": [
              0,
              0,
              0
            ],
            "1.12": [
              5,
              0,
              0
            ]
          },
          "scale": {
            "0.28": [
              1,
              1,
              1
            ],
            "1.12": [
              0,
              1,
              1
            ]
          }
        },
        "ow1": {
          "position": {
            "0.0": [
              0,
              0,
              0
            ],
            "1.56": [
              0,
              0,
              -34
            ]
          },
          "scale": {
            "0.0": [
              1,
              1,
              1
            ],
            "1.56": [
              1,
              1,
              0
            ]
          }
        },
        "ow2": {
          "position": {
            "0.0": [
              0,
              0,
              0
            ],
            "1.56": [
              -34,
              0,
              0
            ]
          },
          "scale": {
            "0.0": [
              1,
              1,
              1
            ],
            "1.56": [
              0,
              1,
              1
            ]
          }
        },
        "ow3": {
          "position": {
            "0.0": [
              0,
              0,
              0
            ],
            "1.56": [
              0,
              0,
              34
            ]
          },
          "scale": {
            "0.0": [
              1,
              1,
              1
            ],
            "1.56": [
              1,
              1,
              0
            ]
          }
        },
        "ow4": {
          "position": {
            "0.0": [
              0,
              0,
              0
            ],
            "1.56": [
              34,
              0,
              0
            ]
          },
          "scale": {
            "0.0": [
              1,
              1,
              1
            ],
            "1.56": [
              0,
              1,
              1
            ]
          }
        },
        "blue1": {
          "scale": {
            "0.0": [
              1,
              1,
              1
            ],
            "0.48": [
              1,
              1,
              0.4872
            ],
            "0.84": [
              1,
              1,
              0.1985
            ],
            "1.12": [
              1,
              1,
              0.0772
            ],
            "2.0": [
              1,
              1,
              0
            ]
          }
        },
        "blue2": {
          "scale": {
            "0.0": [
              1,
              1,
              1
            ],
            "0.48": [
              0.4872,
              1,
              0.7821
            ],
            "0.84": [
              0.1985,
              1,
              0.6594
            ],
            "1.12": [
              0.0772,
              1,
              0.6078
            ],
            "2.0": [
              0,
              1,
              0.575
            ]
          }
        },
        "blue3": {
          "scale": {
            "0.0": [
              1,
              1,
              1
            ],
            "0.48": [
              1,
              1,
              0.4872
            ],
            "0.84": [
              1,
              1,
              0.1985
            ],
            "1.12": [
              1,
              1,
              0.0772
            ],
            "2.0": [
              1,
              1,
              0
            ]
          }
        },
        "blue4": {
          "scale": {
            "0.0": [
              1,
              1,
              1
            ],
            "0.48": [
              0.4872,
              1,
              0.7821
            ],
            "0.84": [
              0.1985,
              1,
              0.6594
            ],
            "1.12": [
              0.0772,
              1,
              0.6078
            ],
            "2.0": [
              0,
              1,
              0.575
            ]
          }
        },
        "outerWhite": {
          "rotation": {
            "0.0": [
              0,
              45,
              0
            ],
            "2.0": [
              0,
              115,
              0
            ]
          }
        }
      }
    }
  }
}