{
  "format_version": "1.8.0",
  "minecraft:client_entity": {
    "description": {
      "identifier": "hive:ss_chao",
      "materials": {
        "default": "entity_alphatest"
      },
      "textures": {
        "dark": "textures/entity/hive/sonic/ss/chao/dark",
        "hero": "textures/entity/hive/sonic/ss/chao/hero",
        "neutral": "textures/entity/hive/sonic/ss/chao/neutral"
      },
      "geometry": {
        "dark": "geometry.hive.sonic.ss.chao.dark",
        "hero": "geometry.hive.sonic.ss.chao.hero",
        "neutral": "geometry.hive.sonic.ss.chao.neutral",
        "locator": "geometry.hive.sonic.ss.chao.locator"
      },
      "scripts": {
        "pre_animation": [
          "variable.idleRandom \u003d math.random_integer(0, 100);"
        ]
      },
      "animations": {
        "idleBase": "animation.hive.sonic.ss.chao.idleBase",
        "idlePose": "animation.hive.sonic.ss.chao.idlePose",
        "idle1": "animation.hive.sonic.ss.chao.idle1",
        "idle2": "animation.hive.sonic.ss.chao.idle2",
        "float": "animation.hive.sonic.ss.chao.float",
        "rock": "animation.hive.sonic.ss.chao.rock",
        "sit": "animation.hive.sonic.ss.chao.sit"
      },
      "animation_controllers": [
        {
          "idleBase": "controller.animation.hive.sonic.ss.chao.idleBase"
        },
        {
          "idle": "controller.animation.hive.sonic.ss.chao.idle"
        }
      ],
      "particle_effects": {
        "sparkle": "hive:ss_chao_sparkle"
      },
      "render_controllers": [
        "controller.render.hive.sonic.ss.chao",
        "controller.render.hive.sonic.ss.chao.locator"
      ]
    }
  }
}