{
  "format_version": "1.8.0",
  "minecraft:client_entity": {
    "description": {
      "identifier": "hive:ss_cloud",
      "materials": {
        "default": "entity"
      },
      "textures": {
        "default": "textures/entity/hive/sonic/ss/cloud"
      },
      "geometry": {
        "default": "geometry.hive.sonic.ss.cloud"
      },
      "animations": {
        "idleFloat": "animation.hive.sonic.ss.cloud.idleFloat",
        "idleDrift": "animation.hive.sonic.ss.cloud.idleDrift",
        "bounce": "animation.hive.sonic.ss.cloud.bounce"
      },
      "animation_controllers": [
        {
          "idle": "controller.animation.hive.sonic.ss.cloud.idle"
        },
        {
          "bounce": "controller.animation.hive.sonic.ss.cloud.bounce"
        }
      ],
      "particle_effects": {
        "idle": "hive:cloud_idle",
        "bounce": "hive:cloud_bounce"
      },
      "render_controllers": [
        "controller.render.hive.sonic.default"
      ]
    }
  }
}