{
  "format_version": "1.8.0",
  "minecraft:client_entity": {
    "description": {
      "identifier": "hive:ss_safezone",
      "materials": {
        "default": "slime_outer"
      },
      "textures": {
        "default": "textures/entity/hive/sonic/ss/safezone"
      },
      "geometry": {
        "default": "geometry.hive.sonic.ss.safezone"
      },
      "animations": {
        "safezone": "animation.hive.sonic.ss.safezone"
      },
      "animation_controllers": [
        {
          "safezone": "controller.animation.hive.sonic.ss.safezone"
        }
      ],
      "render_controllers": [
        "controller.render.hive.sonic.default"
      ]
    }
  }
}