{
  "minecraft:geometry": [
    {
      "description": {
        "identifier": "geometry.hive.sonic.bpg.sign.graphic",
        "texture_width": 144,
        "texture_height": 96,
        "visible_bounds_width": 8,
        "visible_bounds_height": 6,
        "visible_bounds_offset": [
          0,
          2,
          0
        ]
      },
      "bones": [
        {
          "name": "root",
          "pivot": [
            0,
            0,
            0
          ]
        },
        {
          "name": "sign",
          "parent": "root",
          "pivot": [
            0,
            14,
            0
          ],
          "cubes": [
            {
              "origin": [
                -22,
                16,
                -4.3
              ],
              "size": [
                44,
                28,
                0
              ],
              "uv": {
                "north": {
                  "uv": [
                    0,
                    0
                  ],
                  "uv_size": [
                    44,
                    28
                  ]
                }
              }
            }
          ]
        },
        {
          "name": "smearBack",
          "parent": "sign",
          "pivot": [
            24,
            29,
            -4
          ],
          "rotation": [
            0,
            180,
            0
          ]
        },
        {
          "name": "smearFront",
          "parent": "sign",
          "pivot": [
            -24,
            30,
            4
          ]
        },
        {
          "name": "logo",
          "parent": "sign",
          "pivot": [
            0,
            0,
            0
          ],
          "cubes": [
            {
              "origin": [
                -15,
                23,
                -4.7
              ],
              "size": [
                30,
                24,
                0
              ],
              "uv": {
                "north": {
                  "uv": [
                    44,
                    0
                  ],
                  "uv_size": [
                    30,
                    24
                  ]
                }
              }
            }
          ]
        },
        {
          "name": "text",
          "parent": "sign",
          "pivot": [
            0,
            0,
            -1
          ],
          "cubes": [
            {
              "origin": [
                -24,
                15,
                -6
              ],
              "size": [
                48,
                13,
                0
              ],
              "uv": {
                "north": {
                  "uv": [
                    0,
                    57
                  ],
                  "uv_size": [
                    144,
                    39
                  ]
                }
              }
            }
          ]
        }
      ]
    }
  ],
  "format_version": "1.12.0"
}