{
  "minecraft:geometry": [
    {
      "description": {
        "identifier": "geometry.hive.sonic.event.ringshop.sign",
        "texture_width": 128,
        "texture_height": 128,
        "visible_bounds_width": 9,
        "visible_bounds_height": 7,
        "visible_bounds_offset": [
          0,
          1.5,
          0
        ]
      },
      "bones": [
        {
          "name": "root",
          "pivot": [
            0,
            0,
            -8
          ]
        },
        {
          "name": "logs",
          "parent": "root",
          "pivot": [
            0,
            0,
            -8
          ],
          "cubes": [
            {
              "origin": [
                -33.71041,
                63.23249,
                -34.54074
              ],
              "size": [
                5,
                5,
                22
              ],
              "pivot": [
                0,
                0,
                -8
              ],
              "rotation": [
                -5,
                30,
                0
              ],
              "uv": {
                "north": {
                  "uv": [
                    84,
                    40
                  ],
                  "uv_size": [
                    5,
                    5
                  ]
                },
                "east": {
                  "uv": [
                    96,
                    40
                  ],
                  "uv_size": [
                    22,
                    5
                  ]
                },
                "south": {
                  "uv": [
                    84,
                    40
                  ],
                  "uv_size": [
                    5,
                    5
                  ]
                },
                "west": {
                  "uv": [
                    118,
                    40
                  ],
                  "uv_size": [
                    -22,
                    5
                  ]
                },
                "up": {
                  "uv": [
                    123,
                    62
                  ],
                  "uv_size": [
                    -5,
                    -22
                  ]
                },
                "down": {
                  "uv": [
                    128,
                    62
                  ],
                  "uv_size": [
                    -5,
                    -22
                  ]
                }
              }
            },
            {
              "origin": [
                28.71041,
                63.23249,
                -34.54074
              ],
              "size": [
                5,
                5,
                22
              ],
              "pivot": [
                0,
                0,
                -8
              ],
              "rotation": [
                -5,
                -30,
                0
              ],
              "uv": {
                "north": {
                  "uv": [
                    89,
                    40
                  ],
                  "uv_size": [
                    -5,
                    5
                  ]
                },
                "east": {
                  "uv": [
                    96,
                    40
                  ],
                  "uv_size": [
                    22,
                    5
                  ]
                },
                "south": {
                  "uv": [
                    89,
                    40
                  ],
                  "uv_size": [
                    -5,
                    5
                  ]
                },
                "west": {
                  "uv": [
                    118,
                    40
                  ],
                  "uv_size": [
                    -22,
                    5
                  ]
                },
                "up": {
                  "uv": [
                    123,
                    62
                  ],
                  "uv_size": [
                    -5,
                    -22
                  ]
                },
                "down": {
                  "uv": [
                    123,
                    62
                  ],
                  "uv_size": [
                    5,
                    -22
                  ]
                }
              }
            }
          ]
        },
        {
          "name": "rope",
          "parent": "logs",
          "pivot": [
            36,
            65,
            -8
          ],
          "cubes": [
            {
              "origin": [
                -26.46087,
                51,
                17.66798
              ],
              "size": [
                3,
                14,
                0
              ],
              "pivot": [
                0,
                0,
                -8
              ],
              "rotation": [
                0,
                -45,
                0
              ],
              "uv": {
                "north": {
                  "uv": [
                    88,
                    46
                  ],
                  "uv_size": [
                    -3,
                    14
                  ]
                },
                "east": {
                  "uv": [
                    0,
                    0
                  ],
                  "uv_size": [
                    0,
                    14
                  ]
                },
                "south": {
                  "uv": [
                    0,
                    0
                  ],
                  "uv_size": [
                    2,
                    14
                  ]
                },
                "west": {
                  "uv": [
                    0,
                    0
                  ],
                  "uv_size": [
                    0,
                    14
                  ]
                },
                "up": {
                  "uv": [
                    2,
                    0
                  ],
                  "uv_size": [
                    -2,
                    0
                  ]
                },
                "down": {
                  "uv": [
                    2,
                    0
                  ],
                  "uv_size": [
                    -2,
                    0
                  ]
                }
              }
            },
            {
              "origin": [
                23.46087,
                51,
                17.66798
              ],
              "size": [
                3,
                14,
                0
              ],
              "pivot": [
                0,
                0,
                -8
              ],
              "rotation": [
                0,
                45,
                0
              ],
              "uv": {
                "north": {
                  "uv": [
                    85,
                    46
                  ],
                  "uv_size": [
                    3,
                    14
                  ]
                },
                "east": {
                  "uv": [
                    0,
                    0
                  ],
                  "uv_size": [
                    0,
                    14
                  ]
                },
                "south": {
                  "uv": [
                    2,
                    0
                  ],
                  "uv_size": [
                    -2,
                    14
                  ]
                },
                "west": {
                  "uv": [
                    0,
                    0
                  ],
                  "uv_size": [
                    0,
                    14
                  ]
                },
                "up": {
                  "uv": [
                    0,
                    0
                  ],
                  "uv_size": [
                    2,
                    0
                  ]
                },
                "down": {
                  "uv": [
                    0,
                    0
                  ],
                  "uv_size": [
                    2,
                    0
                  ]
                }
              }
            },
            {
              "origin": [
                -27.16798,
                51,
                -32.96087
              ],
              "size": [
                3,
                14,
                0
              ],
              "pivot": [
                0,
                0,
                -8
              ],
              "rotation": [
                0,
                45,
                0
              ],
              "uv": {
                "north": {
                  "uv": [
                    88,
                    46
                  ],
                  "uv_size": [
                    -3,
                    14
                  ]
                },
                "east": {
                  "uv": [
                    0,
                    0
                  ],
                  "uv_size": [
                    0,
                    14
                  ]
                },
                "south": {
                  "uv": [
                    0,
                    0
                  ],
                  "uv_size": [
                    2,
                    14
                  ]
                },
                "west": {
                  "uv": [
                    0,
                    0
                  ],
                  "uv_size": [
                    0,
                    14
                  ]
                },
                "up": {
                  "uv": [
                    2,
                    0
                  ],
                  "uv_size": [
                    -2,
                    0
                  ]
                },
                "down": {
                  "uv": [
                    2,
                    0
                  ],
                  "uv_size": [
                    -2,
                    0
                  ]
                }
              }
            },
            {
              "origin": [
                24.16798,
                51,
                -32.96087
              ],
              "size": [
                3,
                14,
                0
              ],
              "pivot": [
                0,
                0,
                -8
              ],
              "rotation": [
                0,
                -45,
                0
              ],
              "uv": {
                "north": {
                  "uv": [
                    85,
                    46
                  ],
                  "uv_size": [
                    3,
                    14
                  ]
                },
                "east": {
                  "uv": [
                    0,
                    0
                  ],
                  "uv_size": [
                    0,
                    14
                  ]
                },
                "south": {
                  "uv": [
                    2,
                    0
                  ],
                  "uv_size": [
                    -2,
                    14
                  ]
                },
                "west": {
                  "uv": [
                    0,
                    0
                  ],
                  "uv_size": [
                    0,
                    14
                  ]
                },
                "up": {
                  "uv": [
                    0,
                    0
                  ],
                  "uv_size": [
                    2,
                    0
                  ]
                },
                "down": {
                  "uv": [
                    0,
                    0
                  ],
                  "uv_size": [
                    2,
                    0
                  ]
                }
              }
            }
          ]
        },
        {
          "name": "sign",
          "parent": "rope",
          "pivot": [
            36,
            52,
            -8
          ],
          "cubes": [
            {
              "origin": [
                -27,
                7,
                -7.1
              ],
              "size": [
                56,
                34,
                0
              ],
              "uv": {
                "north": {
                  "uv": [
                    6,
                    3
                  ],
                  "uv_size": [
                    56,
                    34
                  ]
                },
                "east": {
                  "uv": [
                    0,
                    0
                  ],
                  "uv_size": [
                    0,
                    40
                  ]
                },
                "west": {
                  "uv": [
                    0,
                    0
                  ],
                  "uv_size": [
                    0,
                    40
                  ]
                },
                "up": {
                  "uv": [
                    0,
                    0
                  ],
                  "uv_size": [
                    66,
                    0
                  ]
                },
                "down": {
                  "uv": [
                    0,
                    0
                  ],
                  "uv_size": [
                    66,
                    0
                  ]
                }
              }
            },
            {
              "origin": [
                -33,
                5,
                -7
              ],
              "size": [
                66,
                38,
                0
              ],
              "uv": {
                "north": {
                  "uv": [
                    16,
                    70
                  ],
                  "uv_size": [
                    66,
                    38
                  ]
                },
                "east": {
                  "uv": [
                    0,
                    0
                  ],
                  "uv_size": [
                    0,
                    40
                  ]
                },
                "west": {
                  "uv": [
                    0,
                    0
                  ],
                  "uv_size": [
                    0,
                    40
                  ]
                },
                "up": {
                  "uv": [
                    0,
                    0
                  ],
                  "uv_size": [
                    66,
                    0
                  ]
                },
                "down": {
                  "uv": [
                    0,
                    0
                  ],
                  "uv_size": [
                    66,
                    0
                  ]
                }
              }
            },
            {
              "origin": [
                -39,
                0,
                -12
              ],
              "size": [
                78,
                5,
                5
              ],
              "uv": {
                "north": {
                  "uv": [
                    3,
                    50
                  ],
                  "uv_size": [
                    78,
                    5
                  ]
                },
                "east": {
                  "uv": [
                    84,
                    40
                  ],
                  "uv_size": [
                    5,
                    5
                  ]
                },
                "south": {
                  "uv": [
                    3,
                    55
                  ],
                  "uv_size": [
                    78,
                    5
                  ]
                },
                "west": {
                  "uv": [
                    84,
                    40
                  ],
                  "uv_size": [
                    5,
                    5
                  ]
                },
                "up": {
                  "uv": [
                    81,
                    55
                  ],
                  "uv_size": [
                    -78,
                    -5
                  ]
                },
                "down": {
                  "uv": [
                    3,
                    60
                  ],
                  "uv_size": [
                    78,
                    -5
                  ]
                }
              }
            },
            {
              "origin": [
                -42,
                43,
                -12
              ],
              "size": [
                84,
                5,
                5
              ],
              "uv": {
                "north": {
                  "uv": [
                    0,
                    40
                  ],
                  "uv_size": [
                    84,
                    5
                  ]
                },
                "east": {
                  "uv": [
                    84,
                    40
                  ],
                  "uv_size": [
                    5,
                    5
                  ]
                },
                "south": {
                  "uv": [
                    0,
                    45
                  ],
                  "uv_size": [
                    84,
                    5
                  ]
                },
                "west": {
                  "uv": [
                    84,
                    40
                  ],
                  "uv_size": [
                    5,
                    5
                  ]
                },
                "up": {
                  "uv": [
                    84,
                    45
                  ],
                  "uv_size": [
                    -84,
                    -5
                  ]
                },
                "down": {
                  "uv": [
                    0,
                    50
                  ],
                  "uv_size": [
                    84,
                    -5
                  ]
                }
              }
            },
            {
              "origin": [
                -33.70392,
                -2.21863,
                -10
              ],
              "size": [
                5,
                57,
                5
              ],
              "pivot": [
                0,
                0,
                -8
              ],
              "rotation": [
                0,
                0,
                -5
              ],
              "uv": {
                "north": {
                  "uv": [
                    0,
                    70
                  ],
                  "uv_size": [
                    5,
                    57
                  ]
                },
                "east": {
                  "uv": [
                    10,
                    70
                  ],
                  "uv_size": [
                    5,
                    57
                  ]
                },
                "south": {
                  "uv": [
                    5,
                    70
                  ],
                  "uv_size": [
                    5,
                    57
                  ]
                },
                "west": {
                  "uv": [
                    15,
                    70
                  ],
                  "uv_size": [
                    -5,
                    57
                  ]
                },
                "up": {
                  "uv": [
                    84,
                    40
                  ],
                  "uv_size": [
                    5,
                    5
                  ]
                },
                "down": {
                  "uv": [
                    84,
                    45
                  ],
                  "uv_size": [
                    5,
                    -5
                  ]
                }
              }
            },
            {
              "origin": [
                28.70392,
                -2.21863,
                -10
              ],
              "size": [
                5,
                57,
                5
              ],
              "pivot": [
                0,
                0,
                -8
              ],
              "rotation": [
                0,
                0,
                5
              ],
              "uv": {
                "north": {
                  "uv": [
                    5,
                    70
                  ],
                  "uv_size": [
                    -5,
                    57
                  ]
                },
                "east": {
                  "uv": [
                    10,
                    70
                  ],
                  "uv_size": [
                    5,
                    57
                  ]
                },
                "south": {
                  "uv": [
                    10,
                    70
                  ],
                  "uv_size": [
                    -5,
                    57
                  ]
                },
                "west": {
                  "uv": [
                    15,
                    70
                  ],
                  "uv_size": [
                    -5,
                    57
                  ]
                },
                "up": {
                  "uv": [
                    89,
                    40
                  ],
                  "uv_size": [
                    -5,
                    5
                  ]
                },
                "down": {
                  "uv": [
                    89,
                    45
                  ],
                  "uv_size": [
                    -5,
                    -5
                  ]
                }
              }
            }
          ]
        },
        {
          "name": "vines",
          "parent": "sign",
          "pivot": [
            -1,
            8,
            -10
          ],
          "cubes": [
            {
              "origin": [
                -30,
                35.89826,
                -28.2621
              ],
              "size": [
                8,
                10,
                0
              ],
              "pivot": [
                0,
                0,
                -8
              ],
              "rotation": [
                -20,
                0,
                0
              ],
              "uv": {
                "north": {
                  "uv": [
                    82,
                    118
                  ],
                  "uv_size": [
                    8,
                    10
                  ]
                },
                "east": {
                  "uv": [
                    0,
                    0
                  ],
                  "uv_size": [
                    0,
                    11
                  ]
                },
                "west": {
                  "uv": [
                    0,
                    0
                  ],
                  "uv_size": [
                    0,
                    11
                  ]
                },
                "up": {
                  "uv": [
                    0,
                    0
                  ],
                  "uv_size": [
                    8,
                    0
                  ]
                },
                "down": {
                  "uv": [
                    0,
                    0
                  ],
                  "uv_size": [
                    8,
                    0
                  ]
                }
              }
            },
            {
              "origin": [
                -34,
                33.84648,
                -2.59828
              ],
              "size": [
                8,
                9,
                0
              ],
              "pivot": [
                0,
                0,
                -8
              ],
              "rotation": [
                12.5,
                0,
                0
              ],
              "uv": {
                "east": {
                  "uv": [
                    0,
                    0
                  ],
                  "uv_size": [
                    0,
                    9
                  ]
                },
                "south": {
                  "uv": [
                    99,
                    108
                  ],
                  "uv_size": [
                    -8,
                    9
                  ]
                },
                "west": {
                  "uv": [
                    0,
                    0
                  ],
                  "uv_size": [
                    0,
                    9
                  ]
                },
                "up": {
                  "uv": [
                    0,
                    0
                  ],
                  "uv_size": [
                    8,
                    0
                  ]
                },
                "down": {
                  "uv": [
                    0,
                    0
                  ],
                  "uv_size": [
                    8,
                    0
                  ]
                }
              }
            },
            {
              "origin": [
                -24,
                34.04385,
                -21.86141
              ],
              "size": [
                8,
                10,
                0
              ],
              "pivot": [
                0,
                0,
                -8
              ],
              "rotation": [
                -12.5,
                0,
                0
              ],
              "uv": {
                "north": {
                  "uv": [
                    91,
                    117
                  ],
                  "uv_size": [
                    8,
                    10
                  ]
                },
                "east": {
                  "uv": [
                    0,
                    0
                  ],
                  "uv_size": [
                    0,
                    10
                  ]
                },
                "west": {
                  "uv": [
                    0,
                    0
                  ],
                  "uv_size": [
                    0,
                    10
                  ]
                },
                "up": {
                  "uv": [
                    0,
                    0
                  ],
                  "uv_size": [
                    8,
                    0
                  ]
                },
                "down": {
                  "uv": [
                    0,
                    0
                  ],
                  "uv_size": [
                    8,
                    0
                  ]
                }
              }
            }
          ]
        },
        {
          "name": "vines2",
          "parent": "vines",
          "pivot": [
            0,
            0,
            -8
          ],
          "cubes": [
            {
              "origin": [
                24,
                36.02015,
                -22.07785
              ],
              "size": [
                8,
                9,
                0
              ],
              "pivot": [
                0,
                0,
                -8
              ],
              "rotation": [
                -12.5,
                0,
                0
              ],
              "uv": {
                "north": {
                  "uv": [
                    100,
                    108
                  ],
                  "uv_size": [
                    8,
                    9
                  ]
                },
                "east": {
                  "uv": [
                    0,
                    0
                  ],
                  "uv_size": [
                    0,
                    9
                  ]
                },
                "west": {
                  "uv": [
                    0,
                    0
                  ],
                  "uv_size": [
                    0,
                    9
                  ]
                },
                "up": {
                  "uv": [
                    0,
                    0
                  ],
                  "uv_size": [
                    8,
                    0
                  ]
                },
                "down": {
                  "uv": [
                    0,
                    0
                  ],
                  "uv_size": [
                    8,
                    0
                  ]
                }
              }
            },
            {
              "origin": [
                32,
                33.11002,
                -17.5784
              ],
              "size": [
                8,
                9,
                0
              ],
              "pivot": [
                0,
                0,
                -8
              ],
              "rotation": [
                -7.5,
                0,
                0
              ],
              "uv": {
                "north": {
                  "uv": [
                    109,
                    108
                  ],
                  "uv_size": [
                    8,
                    9
                  ]
                },
                "east": {
                  "uv": [
                    0,
                    0
                  ],
                  "uv_size": [
                    0,
                    9
                  ]
                },
                "west": {
                  "uv": [
                    0,
                    0
                  ],
                  "uv_size": [
                    0,
                    9
                  ]
                },
                "up": {
                  "uv": [
                    0,
                    0
                  ],
                  "uv_size": [
                    8,
                    0
                  ]
                },
                "down": {
                  "uv": [
                    0,
                    0
                  ],
                  "uv_size": [
                    8,
                    0
                  ]
                }
              }
            },
            {
              "origin": [
                16,
                40.23343,
                -6.56144
              ],
              "size": [
                8,
                9,
                0
              ],
              "pivot": [
                0,
                0,
                -8
              ],
              "rotation": [
                7.5,
                0,
                0
              ],
              "uv": {
                "east": {
                  "uv": [
                    0,
                    0
                  ],
                  "uv_size": [
                    0,
                    9
                  ]
                },
                "south": {
                  "uv": [
                    99,
                    108
                  ],
                  "uv_size": [
                    -8,
                    9
                  ]
                },
                "west": {
                  "uv": [
                    0,
                    0
                  ],
                  "uv_size": [
                    0,
                    9
                  ]
                },
                "up": {
                  "uv": [
                    0,
                    0
                  ],
                  "uv_size": [
                    8,
                    0
                  ]
                },
                "down": {
                  "uv": [
                    0,
                    0
                  ],
                  "uv_size": [
                    8,
                    0
                  ]
                }
              }
            },
            {
              "origin": [
                29,
                18.4994,
                -13.63762
              ],
              "size": [
                8,
                9,
                0
              ],
              "pivot": [
                0,
                0,
                -8
              ],
              "rotation": [
                -7.5,
                0,
                0
              ],
              "uv": {
                "north": {
                  "uv": [
                    82,
                    108
                  ],
                  "uv_size": [
                    8,
                    9
                  ]
                },
                "east": {
                  "uv": [
                    0,
                    0
                  ],
                  "uv_size": [
                    0,
                    9
                  ]
                },
                "west": {
                  "uv": [
                    0,
                    0
                  ],
                  "uv_size": [
                    0,
                    9
                  ]
                },
                "up": {
                  "uv": [
                    0,
                    0
                  ],
                  "uv_size": [
                    8,
                    0
                  ]
                },
                "down": {
                  "uv": [
                    0,
                    0
                  ],
                  "uv_size": [
                    8,
                    0
                  ]
                }
              }
            },
            {
              "origin": [
                25,
                25.56164,
                -24.49988
              ],
              "size": [
                8,
                11,
                0
              ],
              "pivot": [
                0,
                0,
                -8
              ],
              "rotation": [
                -20,
                0,
                0
              ],
              "uv": {
                "north": {
                  "uv": [
                    100,
                    117
                  ],
                  "uv_size": [
                    8,
                    11
                  ]
                },
                "east": {
                  "uv": [
                    0,
                    0
                  ],
                  "uv_size": [
                    0,
                    11
                  ]
                },
                "west": {
                  "uv": [
                    0,
                    0
                  ],
                  "uv_size": [
                    0,
                    11
                  ]
                },
                "up": {
                  "uv": [
                    0,
                    0
                  ],
                  "uv_size": [
                    8,
                    0
                  ]
                },
                "down": {
                  "uv": [
                    0,
                    0
                  ],
                  "uv_size": [
                    8,
                    0
                  ]
                }
              }
            },
            {
              "origin": [
                31,
                23.73748,
                -17.52798
              ],
              "size": [
                8,
                10,
                0
              ],
              "pivot": [
                0,
                0,
                -8
              ],
              "rotation": [
                -12.5,
                0,
                0
              ],
              "uv": {
                "north": {
                  "uv": [
                    91,
                    117
                  ],
                  "uv_size": [
                    8,
                    10
                  ]
                },
                "east": {
                  "uv": [
                    0,
                    0
                  ],
                  "uv_size": [
                    0,
                    10
                  ]
                },
                "west": {
                  "uv": [
                    0,
                    0
                  ],
                  "uv_size": [
                    0,
                    10
                  ]
                },
                "up": {
                  "uv": [
                    0,
                    0
                  ],
                  "uv_size": [
                    8,
                    0
                  ]
                },
                "down": {
                  "uv": [
                    0,
                    0
                  ],
                  "uv_size": [
                    8,
                    0
                  ]
                }
              }
            }
          ]
        },
        {
          "name": "vines3",
          "parent": "vines",
          "pivot": [
            0,
            0,
            -7
          ],
          "cubes": [
            {
              "origin": [
                -32,
                -3.85054,
                -14.49493
              ],
              "size": [
                8,
                11,
                0
              ],
              "pivot": [
                0,
                0,
                -8
              ],
              "rotation": [
                -20,
                0,
                0
              ],
              "uv": {
                "north": {
                  "uv": [
                    100,
                    117
                  ],
                  "uv_size": [
                    8,
                    11
                  ]
                },
                "east": {
                  "uv": [
                    0,
                    0
                  ],
                  "uv_size": [
                    0,
                    11
                  ]
                },
                "west": {
                  "uv": [
                    0,
                    0
                  ],
                  "uv_size": [
                    0,
                    11
                  ]
                },
                "up": {
                  "uv": [
                    0,
                    0
                  ],
                  "uv_size": [
                    8,
                    0
                  ]
                },
                "down": {
                  "uv": [
                    0,
                    0
                  ],
                  "uv_size": [
                    8,
                    0
                  ]
                }
              }
            },
            {
              "origin": [
                -40,
                -1.40773,
                -13.98363
              ],
              "size": [
                8,
                10,
                0
              ],
              "pivot": [
                0,
                0,
                -8
              ],
              "rotation": [
                -20,
                0,
                0
              ],
              "uv": {
                "north": {
                  "uv": [
                    90,
                    118
                  ],
                  "uv_size": [
                    -8,
                    10
                  ]
                },
                "east": {
                  "uv": [
                    0,
                    0
                  ],
                  "uv_size": [
                    0,
                    11
                  ]
                },
                "west": {
                  "uv": [
                    0,
                    0
                  ],
                  "uv_size": [
                    0,
                    11
                  ]
                },
                "up": {
                  "uv": [
                    0,
                    0
                  ],
                  "uv_size": [
                    8,
                    0
                  ]
                },
                "down": {
                  "uv": [
                    0,
                    0
                  ],
                  "uv_size": [
                    8,
                    0
                  ]
                }
              }
            },
            {
              "origin": [
                -37,
                8.33318,
                -14.08865
              ],
              "size": [
                8,
                9,
                0
              ],
              "pivot": [
                0,
                0,
                -8
              ],
              "rotation": [
                -12.5,
                0,
                0
              ],
              "uv": {
                "north": {
                  "uv": [
                    82,
                    108
                  ],
                  "uv_size": [
                    8,
                    9
                  ]
                },
                "east": {
                  "uv": [
                    0,
                    0
                  ],
                  "uv_size": [
                    0,
                    9
                  ]
                },
                "west": {
                  "uv": [
                    0,
                    0
                  ],
                  "uv_size": [
                    0,
                    9
                  ]
                },
                "up": {
                  "uv": [
                    0,
                    0
                  ],
                  "uv_size": [
                    8,
                    0
                  ]
                },
                "down": {
                  "uv": [
                    0,
                    0
                  ],
                  "uv_size": [
                    8,
                    0
                  ]
                }
              }
            },
            {
              "origin": [
                -22,
                -9.66682,
                -4.91135
              ],
              "size": [
                8,
                9,
                0
              ],
              "pivot": [
                15,
                -18,
                -11
              ],
              "rotation": [
                12.5,
                0,
                0
              ],
              "uv": {
                "east": {
                  "uv": [
                    0,
                    0
                  ],
                  "uv_size": [
                    0,
                    9
                  ]
                },
                "south": {
                  "uv": [
                    90,
                    108
                  ],
                  "uv_size": [
                    -8,
                    9
                  ]
                },
                "west": {
                  "uv": [
                    0,
                    0
                  ],
                  "uv_size": [
                    0,
                    9
                  ]
                },
                "up": {
                  "uv": [
                    0,
                    0
                  ],
                  "uv_size": [
                    8,
                    0
                  ]
                },
                "down": {
                  "uv": [
                    0,
                    0
                  ],
                  "uv_size": [
                    8,
                    0
                  ]
                }
              }
            },
            {
              "origin": [
                -17,
                -5.96058,
                -12.77095
              ],
              "size": [
                8,
                9,
                0
              ],
              "pivot": [
                0,
                0,
                -8
              ],
              "rotation": [
                -12.5,
                0,
                0
              ],
              "uv": {
                "north": {
                  "uv": [
                    91,
                    108
                  ],
                  "uv_size": [
                    8,
                    9
                  ]
                },
                "east": {
                  "uv": [
                    0,
                    0
                  ],
                  "uv_size": [
                    0,
                    9
                  ]
                },
                "west": {
                  "uv": [
                    0,
                    0
                  ],
                  "uv_size": [
                    0,
                    9
                  ]
                },
                "up": {
                  "uv": [
                    0,
                    0
                  ],
                  "uv_size": [
                    8,
                    0
                  ]
                },
                "down": {
                  "uv": [
                    0,
                    0
                  ],
                  "uv_size": [
                    8,
                    0
                  ]
                }
              }
            },
            {
              "origin": [
                -25,
                -5.96058,
                -12.77095
              ],
              "size": [
                8,
                9,
                0
              ],
              "pivot": [
                0,
                0,
                -8
              ],
              "rotation": [
                -12.5,
                0,
                0
              ],
              "uv": {
                "north": {
                  "uv": [
                    109,
                    108
                  ],
                  "uv_size": [
                    8,
                    9
                  ]
                },
                "east": {
                  "uv": [
                    0,
                    0
                  ],
                  "uv_size": [
                    0,
                    9
                  ]
                },
                "west": {
                  "uv": [
                    0,
                    0
                  ],
                  "uv_size": [
                    0,
                    9
                  ]
                },
                "up": {
                  "uv": [
                    0,
                    0
                  ],
                  "uv_size": [
                    8,
                    0
                  ]
                },
                "down": {
                  "uv": [
                    0,
                    0
                  ],
                  "uv_size": [
                    8,
                    0
                  ]
                }
              }
            }
          ]
        },
        {
          "name": "vineSway",
          "parent": "vines3",
          "pivot": [
            -30,
            0,
            -12
          ],
          "cubes": [
            {
              "origin": [
                -36,
                -8.12881,
                -12.6121
              ],
              "size": [
                8,
                11,
                0
              ],
              "pivot": [
                0,
                0,
                -8
              ],
              "rotation": [
                20,
                0,
                0
              ],
              "uv": {
                "east": {
                  "uv": [
                    0,
                    0
                  ],
                  "uv_size": [
                    0,
                    11
                  ]
                },
                "south": {
                  "uv": [
                    100,
                    117
                  ],
                  "uv_size": [
                    8,
                    11
                  ]
                },
                "west": {
                  "uv": [
                    0,
                    0
                  ],
                  "uv_size": [
                    0,
                    11
                  ]
                },
                "up": {
                  "uv": [
                    0,
                    0
                  ],
                  "uv_size": [
                    8,
                    0
                  ]
                },
                "down": {
                  "uv": [
                    0,
                    0
                  ],
                  "uv_size": [
                    8,
                    0
                  ]
                }
              }
            },
            {
              "origin": [
                -28,
                -11.84206,
                -9.68874
              ],
              "size": [
                8,
                10,
                0
              ],
              "pivot": [
                0,
                0,
                -7
              ],
              "rotation": [
                -12.5,
                0,
                0
              ],
              "uv": {
                "north": {
                  "uv": [
                    91,
                    117
                  ],
                  "uv_size": [
                    8,
                    10
                  ]
                },
                "east": {
                  "uv": [
                    0,
                    0
                  ],
                  "uv_size": [
                    0,
                    10
                  ]
                },
                "west": {
                  "uv": [
                    0,
                    0
                  ],
                  "uv_size": [
                    0,
                    10
                  ]
                },
                "up": {
                  "uv": [
                    0,
                    0
                  ],
                  "uv_size": [
                    8,
                    0
                  ]
                },
                "down": {
                  "uv": [
                    0,
                    0
                  ],
                  "uv_size": [
                    8,
                    0
                  ]
                }
              }
            }
          ]
        },
        {
          "name": "vineSway2",
          "parent": "vineSway",
          "pivot": [
            -30,
            -9,
            -10
          ],
          "cubes": [
            {
              "origin": [
                -32,
                -18.32314,
                -8.93012
              ],
              "size": [
                8,
                9,
                0
              ],
              "pivot": [
                0,
                0,
                -8
              ],
              "rotation": [
                -7.5,
                0,
                0
              ],
              "uv": {
                "north": {
                  "uv": [
                    109,
                    108
                  ],
                  "uv_size": [
                    8,
                    9
                  ]
                },
                "east": {
                  "uv": [
                    0,
                    0
                  ],
                  "uv_size": [
                    0,
                    9
                  ]
                },
                "west": {
                  "uv": [
                    0,
                    0
                  ],
                  "uv_size": [
                    0,
                    9
                  ]
                },
                "up": {
                  "uv": [
                    0,
                    0
                  ],
                  "uv_size": [
                    8,
                    0
                  ]
                },
                "down": {
                  "uv": [
                    0,
                    0
                  ],
                  "uv_size": [
                    8,
                    0
                  ]
                }
              }
            }
          ]
        },
        {
          "name": "vines4",
          "parent": "vines",
          "pivot": [
            0,
            0,
            -8
          ],
          "cubes": [
            {
              "origin": [
                30,
                4.23526,
                -12.98275
              ],
              "size": [
                8,
                9,
                0
              ],
              "pivot": [
                0,
                0,
                -8
              ],
              "rotation": [
                -12.5,
                0,
                0
              ],
              "uv": {
                "north": {
                  "uv": [
                    82,
                    108
                  ],
                  "uv_size": [
                    8,
                    9
                  ]
                },
                "east": {
                  "uv": [
                    0,
                    0
                  ],
                  "uv_size": [
                    0,
                    9
                  ]
                },
                "west": {
                  "uv": [
                    0,
                    0
                  ],
                  "uv_size": [
                    0,
                    9
                  ]
                },
                "up": {
                  "uv": [
                    0,
                    0
                  ],
                  "uv_size": [
                    8,
                    0
                  ]
                },
                "down": {
                  "uv": [
                    0,
                    0
                  ],
                  "uv_size": [
                    8,
                    0
                  ]
                }
              }
            },
            {
              "origin": [
                30,
                -3.57344,
                -12.74893
              ],
              "size": [
                8,
                9,
                0
              ],
              "pivot": [
                0,
                0,
                -8
              ],
              "rotation": [
                -7.5,
                0,
                0
              ],
              "uv": {
                "north": {
                  "uv": [
                    91,
                    108
                  ],
                  "uv_size": [
                    8,
                    9
                  ]
                },
                "east": {
                  "uv": [
                    0,
                    0
                  ],
                  "uv_size": [
                    0,
                    9
                  ]
                },
                "west": {
                  "uv": [
                    0,
                    0
                  ],
                  "uv_size": [
                    0,
                    9
                  ]
                },
                "up": {
                  "uv": [
                    0,
                    0
                  ],
                  "uv_size": [
                    8,
                    0
                  ]
                },
                "down": {
                  "uv": [
                    0,
                    0
                  ],
                  "uv_size": [
                    8,
                    0
                  ]
                }
              }
            },
            {
              "origin": [
                23,
                -5.98428,
                -12.98738
              ],
              "size": [
                8,
                10,
                0
              ],
              "pivot": [
                0,
                0,
                -8
              ],
              "rotation": [
                -12.5,
                0,
                0
              ],
              "uv": {
                "north": {
                  "uv": [
                    91,
                    117
                  ],
                  "uv_size": [
                    8,
                    10
                  ]
                },
                "east": {
                  "uv": [
                    0,
                    0
                  ],
                  "uv_size": [
                    0,
                    10
                  ]
                },
                "west": {
                  "uv": [
                    0,
                    0
                  ],
                  "uv_size": [
                    0,
                    10
                  ]
                },
                "up": {
                  "uv": [
                    0,
                    0
                  ],
                  "uv_size": [
                    8,
                    0
                  ]
                },
                "down": {
                  "uv": [
                    0,
                    0
                  ],
                  "uv_size": [
                    8,
                    0
                  ]
                }
              }
            }
          ]
        }
      ]
    }
  ],
  "format_version": "1.12.0"
}