{
  "minecraft:geometry": [
    {
      "description": {
        "identifier": "geometry.hive.sonic.cp.emergency_light",
        "texture_width": 25,
        "texture_height": 25,
        "visible_bounds_width": 2,
        "visible_bounds_height": 3,
        "visible_bounds_offset": [
          0,
          0.5,
          0
        ]
      },
      "bones": [
        {
          "name": "root",
          "pivot": [
            0,
            0,
            0
          ],
          "cubes": [
            {
              "origin": [
                -6,
                0,
                -6
              ],
              "size": [
                12,
                3,
                12
              ],
              "uv": {
                "north": {
                  "uv": [
                    0,
                    10
                  ],
                  "uv_size": [
                    12,
                    3
                  ]
                },
                "east": {
                  "uv": [
                    0,
                    10
                  ],
                  "uv_size": [
                    12,
                    3
                  ]
                },
                "south": {
                  "uv": [
                    0,
                    10
                  ],
                  "uv_size": [
                    12,
                    3
                  ]
                },
                "west": {
                  "uv": [
                    0,
                    10
                  ],
                  "uv_size": [
                    12,
                    3
                  ]
                },
                "up": {
                  "uv": [
                    0,
                    13
                  ],
                  "uv_size": [
                    12,
                    12
                  ]
                },
                "down": {
                  "uv": [
                    0,
                    25
                  ],
                  "uv_size": [
                    12,
                    -12
                  ]
                }
              }
            },
            {
              "origin": [
                -5,
                3,
                -5
              ],
              "size": [
                10,
                10,
                10
              ],
              "uv": {
                "north": {
                  "uv": [
                    0,
                    0
                  ],
                  "uv_size": [
                    10,
                    10
                  ]
                },
                "east": {
                  "uv": [
                    0,
                    0
                  ],
                  "uv_size": [
                    10,
                    10
                  ]
                },
                "south": {
                  "uv": [
                    0,
                    0
                  ],
                  "uv_size": [
                    10,
                    10
                  ]
                },
                "west": {
                  "uv": [
                    0,
                    0
                  ],
                  "uv_size": [
                    10,
                    10
                  ]
                },
                "up": {
                  "uv": [
                    10,
                    0
                  ],
                  "uv_size": [
                    10,
                    10
                  ]
                }
              }
            }
          ]
        }
      ]
    }
  ],
  "format_version": "1.12.0"
}