{
  "format_version": "1.12.0",
  "minecraft:geometry": [
    {
      "description": {
        "identifier": "geometry.hive.sonic.projectile.energy_orb",
        "texture_width": 16,
        "texture_height": 16,
        "visible_bounds_width": 6,
        "visible_bounds_height": 4,
        "visible_bounds_offset": [
          0,
          1,
          0
        ]
      },
      "bones": [
        {
          "name": "root",
          "pivot": [
            0,
            5,
            0
          ]
        },
        {
          "name": "bone",
          "parent": "root",
          "pivot": [
            0,
            -2,
            0
          ],
          "cubes": [
            {
              "origin": [
                -3,
                2,
                -3
              ],
              "size": [
                6,
                6,
                6
              ],
              "uv": {
                "north": {
                  "uv": [
                    7,
                    1
                  ],
                  "uv_size": [
                    -6,
                    6
                  ]
                },
                "east": {
                  "uv": [
                    1,
                    1
                  ],
                  "uv_size": [
                    6,
                    6
                  ]
                },
                "south": {
                  "uv": [
                    7,
                    1
                  ],
                  "uv_size": [
                    -6,
                    6
                  ]
                },
                "west": {
                  "uv": [
                    1,
                    1
                  ],
                  "uv_size": [
                    6,
                    6
                  ]
                },
                "up": {
                  "uv": [
                    1,
                    1
                  ],
                  "uv_size": [
                    6,
                    6
                  ]
                },
                "down": {
                  "uv": [
                    1,
                    1
                  ],
                  "uv_size": [
                    6,
                    6
                  ]
                }
              }
            },
            {
              "origin": [
                -5,
                0,
                -5
              ],
              "size": [
                10,
                10,
                10
              ],
              "uv": {
                "north": {
                  "uv": [
                    16,
                    0
                  ],
                  "uv_size": [
                    -8,
                    8
                  ]
                },
                "east": {
                  "uv": [
                    8,
                    0
                  ],
                  "uv_size": [
                    8,
                    8
                  ]
                },
                "south": {
                  "uv": [
                    16,
                    0
                  ],
                  "uv_size": [
                    -8,
                    8
                  ]
                },
                "west": {
                  "uv": [
                    8,
                    0
                  ],
                  "uv_size": [
                    8,
                    8
                  ]
                },
                "up": {
                  "uv": [
                    8,
                    0
                  ],
                  "uv_size": [
                    8,
                    8
                  ]
                },
                "down": {
                  "uv": [
                    8,
                    0
                  ],
                  "uv_size": [
                    8,
                    8
                  ]
                }
              }
            }
          ]
        }
      ]
    }
  ]
}