{
  "format_version": "1.12.0",
  "minecraft:geometry": [
    {
      "description": {
        "identifier": "geometry.hive.sonic.projectile.rocket",
        "texture_width": 32,
        "texture_height": 32,
        "visible_bounds_width": 6,
        "visible_bounds_height": 4,
        "visible_bounds_offset": [
          0,
          1,
          0
        ]
      },
      "bones": [
        {
          "name": "root",
          "pivot": [
            0,
            0,
            0
          ]
        },
        {
          "name": "rear",
          "parent": "root",
          "pivot": [
            0,
            8,
            11
          ]
        },
        {
          "name": "front",
          "parent": "rear",
          "pivot": [
            0,
            8,
            -9
          ],
          "cubes": [
            {
              "origin": [
                4,
                -1,
                5
              ],
              "size": [
                0,
                5,
                7
              ],
              "pivot": [
                4,
                4,
                5
              ],
              "rotation": [
                0,
                0,
                -45
              ],
              "uv": {
                "north": {
                  "uv": [
                    0,
                    0
                  ],
                  "uv_size": [
                    0,
                    5
                  ]
                },
                "south": {
                  "uv": [
                    0,
                    0
                  ],
                  "uv_size": [
                    0,
                    5
                  ]
                },
                "west": {
                  "uv": [
                    24,
                    31
                  ],
                  "uv_size": [
                    7,
                    -5
                  ]
                },
                "up": {
                  "uv": [
                    0,
                    0
                  ],
                  "uv_size": [
                    0,
                    7
                  ]
                },
                "down": {
                  "uv": [
                    0,
                    7
                  ],
                  "uv_size": [
                    0,
                    -7
                  ]
                }
              }
            },
            {
              "origin": [
                -4,
                4,
                -9
              ],
              "size": [
                8,
                8,
                18
              ],
              "uv": {
                "north": {
                  "uv": [
                    18,
                    0
                  ],
                  "uv_size": [
                    8,
                    8
                  ]
                },
                "east": {
                  "uv": [
                    0,
                    0
                  ],
                  "uv_size": [
                    18,
                    8
                  ]
                },
                "south": {
                  "uv": [
                    7,
                    19
                  ],
                  "uv_size": [
                    1,
                    1
                  ]
                },
                "west": {
                  "uv": [
                    18,
                    0
                  ],
                  "uv_size": [
                    -18,
                    8
                  ]
                },
                "up": {
                  "uv": [
                    0,
                    8
                  ],
                  "uv_size": [
                    8,
                    18
                  ]
                },
                "down": {
                  "uv": [
                    0,
                    26
                  ],
                  "uv_size": [
                    8,
                    -18
                  ]
                }
              }
            },
            {
              "origin": [
                -3,
                5,
                9
              ],
              "size": [
                6,
                6,
                2
              ],
              "uv": {
                "east": {
                  "uv": [
                    9,
                    12
                  ],
                  "uv_size": [
                    2,
                    6
                  ]
                },
                "south": {
                  "uv": [
                    25,
                    14
                  ],
                  "uv_size": [
                    6,
                    6
                  ]
                },
                "west": {
                  "uv": [
                    11,
                    12
                  ],
                  "uv_size": [
                    -2,
                    6
                  ]
                },
                "up": {
                  "uv": [
                    9,
                    18
                  ],
                  "uv_size": [
                    6,
                    2
                  ]
                },
                "down": {
                  "uv": [
                    9,
                    20
                  ],
                  "uv_size": [
                    6,
                    -2
                  ]
                }
              }
            },
            {
              "origin": [
                4,
                12,
                5
              ],
              "size": [
                0,
                5,
                7
              ],
              "pivot": [
                4,
                12,
                5
              ],
              "rotation": [
                0,
                0,
                45
              ],
              "uv": {
                "north": {
                  "uv": [
                    0,
                    0
                  ],
                  "uv_size": [
                    0,
                    5
                  ]
                },
                "south": {
                  "uv": [
                    0,
                    0
                  ],
                  "uv_size": [
                    0,
                    5
                  ]
                },
                "west": {
                  "uv": [
                    24,
                    26
                  ],
                  "uv_size": [
                    7,
                    5
                  ]
                },
                "up": {
                  "uv": [
                    0,
                    0
                  ],
                  "uv_size": [
                    0,
                    7
                  ]
                },
                "down": {
                  "uv": [
                    0,
                    7
                  ],
                  "uv_size": [
                    0,
                    -7
                  ]
                }
              }
            },
            {
              "origin": [
                -4,
                12,
                5
              ],
              "size": [
                0,
                5,
                7
              ],
              "pivot": [
                -4,
                12,
                5
              ],
              "rotation": [
                0,
                0,
                -45
              ],
              "uv": {
                "north": {
                  "uv": [
                    0,
                    0
                  ],
                  "uv_size": [
                    0,
                    5
                  ]
                },
                "south": {
                  "uv": [
                    0,
                    0
                  ],
                  "uv_size": [
                    0,
                    5
                  ]
                },
                "west": {
                  "uv": [
                    24,
                    26
                  ],
                  "uv_size": [
                    7,
                    5
                  ]
                },
                "up": {
                  "uv": [
                    0,
                    0
                  ],
                  "uv_size": [
                    0,
                    7
                  ]
                },
                "down": {
                  "uv": [
                    0,
                    7
                  ],
                  "uv_size": [
                    0,
                    -7
                  ]
                }
              }
            },
            {
              "origin": [
                -4,
                -1,
                5
              ],
              "size": [
                0,
                5,
                7
              ],
              "pivot": [
                -4,
                4,
                5
              ],
              "rotation": [
                0,
                0,
                45
              ],
              "uv": {
                "north": {
                  "uv": [
                    0,
                    0
                  ],
                  "uv_size": [
                    0,
                    5
                  ]
                },
                "south": {
                  "uv": [
                    0,
                    0
                  ],
                  "uv_size": [
                    0,
                    5
                  ]
                },
                "west": {
                  "uv": [
                    24,
                    31
                  ],
                  "uv_size": [
                    7,
                    -5
                  ]
                },
                "up": {
                  "uv": [
                    0,
                    0
                  ],
                  "uv_size": [
                    0,
                    7
                  ]
                },
                "down": {
                  "uv": [
                    0,
                    7
                  ],
                  "uv_size": [
                    0,
                    -7
                  ]
                }
              }
            }
          ]
        },
        {
          "name": "flame",
          "parent": "front",
          "pivot": [
            0,
            8,
            11
          ],
          "cubes": [
            {
              "origin": [
                0,
                4,
                11
              ],
              "size": [
                0,
                8,
                9
              ],
              "pivot": [
                0,
                8,
                11
              ],
              "rotation": [
                0,
                0,
                45
              ],
              "uv": {
                "north": {
                  "uv": [
                    0,
                    0
                  ],
                  "uv_size": [
                    0,
                    8
                  ]
                },
                "south": {
                  "uv": [
                    0,
                    0
                  ],
                  "uv_size": [
                    0,
                    8
                  ]
                },
                "west": {
                  "uv": [
                    10,
                    22
                  ],
                  "uv_size": [
                    9,
                    8
                  ]
                },
                "up": {
                  "uv": [
                    0,
                    0
                  ],
                  "uv_size": [
                    0,
                    9
                  ]
                },
                "down": {
                  "uv": [
                    0,
                    9
                  ],
                  "uv_size": [
                    0,
                    -9
                  ]
                }
              }
            },
            {
              "origin": [
                0,
                4,
                11
              ],
              "size": [
                0,
                8,
                9
              ],
              "pivot": [
                0,
                8,
                11
              ],
              "rotation": [
                0,
                0,
                -45
              ],
              "uv": {
                "north": {
                  "uv": [
                    0,
                    0
                  ],
                  "uv_size": [
                    0,
                    8
                  ]
                },
                "east": {
                  "uv": [
                    19,
                    22
                  ],
                  "uv_size": [
                    -9,
                    8
                  ]
                },
                "south": {
                  "uv": [
                    0,
                    0
                  ],
                  "uv_size": [
                    0,
                    8
                  ]
                },
                "up": {
                  "uv": [
                    0,
                    0
                  ],
                  "uv_size": [
                    0,
                    9
                  ]
                },
                "down": {
                  "uv": [
                    0,
                    9
                  ],
                  "uv_size": [
                    0,
                    -9
                  ]
                }
              }
            }
          ],
          "locators": {
            "exhaust": [
              0,
              8,
              20
            ]
          }
        }
      ]
    }
  ]
}