{
  "format_version": "1.10.0",
  "animation_controllers": {
    "controller.animation.hive.sonic.ss.chao.idleBase": {
      "states": {
        "default": {
          "animations": [
            "idleBase"
          ],
          "particle_effects": [
            {
              "effect": "sparkle",
              "locator": "sparkle"
            }
          ]
        }
      }
    },
    "controller.animation.hive.sonic.ss.chao.idle": {
      "states": {
        "default": {
          "animations": [
            "idlePose"
          ],
          "transitions": [
            {
              "idle1": "variable.idleRandom \u003e\u003d 0 \u0026\u0026 variable.idleRandom \u003c 35"
            },
            {
              "idle2": "variable.idleRandom \u003e\u003d 35 \u0026\u0026 variable.idleRandom \u003c 70"
            },
            {
              "float": "variable.idleRandom \u003e\u003d 70 \u0026\u0026 variable.idleRandom \u003c 80"
            },
            {
              "rock": "variable.idleRandom \u003e\u003d 80 \u0026\u0026 variable.idleRandom \u003c 90"
            },
            {
              "sit": "variable.idleRandom \u003e\u003d 90 \u0026\u0026 variable.idleRandom \u003c\u003d 100"
            }
          ],
          "blend_transition": 0.2
        },
        "idle1": {
          "animations": [
            "idle1"
          ],
          "transitions": [
            {
              "default": "query.all_animations_finished"
            }
          ],
          "blend_transition": 0.2
        },
        "idle2": {
          "animations": [
            "idle2"
          ],
          "transitions": [
            {
              "default": "query.all_animations_finished"
            }
          ],
          "blend_transition": 0.2
        },
        "float": {
          "animations": [
            "float"
          ],
          "transitions": [
            {
              "default": "query.all_animations_finished"
            }
          ],
          "blend_transition": 0.2
        },
        "rock": {
          "animations": [
            "rock"
          ],
          "transitions": [
            {
              "default": "query.all_animations_finished"
            }
          ],
          "blend_transition": 0.2
        },
        "sit": {
          "animations": [
            "sit"
          ],
          "transitions": [
            {
              "default": "query.all_animations_finished"
            }
          ],
          "blend_transition": 0.2
        }
      }
    }
  }
}