{
  "format_version": "1.10.0",
  "animation_controllers": {
    "controller.animation.hive.sonic.ss.cloud.idle": {
      "states": {
        "default": {
          "animations": [
            "idleFloat",
            "idleDrift"
          ],
          "particle_effects": [
            {
              "effect": "idle",
              "locator": "bottom"
            }
          ]
        }
      }
    },
    "controller.animation.hive.sonic.ss.cloud.bounce": {
      "states": {
        "default": {
          "transitions": [
            {
              "bounce": "query.is_tamed"
            }
          ],
          "blend_transition": 0.2
        },
        "bounce": {
          "animations": [
            "bounce"
          ],
          "particle_effects": [
            {
              "effect": "bounce",
              "locator": "bottom"
            }
          ],
          "transitions": [
            {
              "default": "query.all_animations_finished"
            }
          ],
          "blend_transition": 0.2
        }
      }
    }
  }
}