{
  "minecraft:geometry": [
    {
      "description": {
        "identifier": "geometry.hive.sonic.badnik.buzzbomber",
        "texture_width": 64,
        "texture_height": 64,
        "visible_bounds_width": 5,
        "visible_bounds_height": 5,
        "visible_bounds_offset": [
          0,
          1.5,
          0
        ]
      },
      "bones": [
        {
          "name": "root",
          "pivot": [
            0,
            0,
            0
          ],
          "locators": {
            "golden": [
              0,
              13,
              0
            ]
          }
        },
        {
          "name": "middle",
          "parent": "root",
          "pivot": [
            0,
            21,
            1
          ]
        },
        {
          "name": "head",
          "parent": "middle",
          "pivot": [
            0,
            21.5,
            0.5
          ],
          "rotation": [
            7.5,
            0,
            0
          ],
          "cubes": [
            {
              "origin": [
                -3,
                21.5,
                -7.5
              ],
              "size": [
                6,
                5,
                8
              ],
              "uv": [
                0,
                0
              ]
            }
          ]
        },
        {
          "name": "antenna",
          "parent": "head",
          "pivot": [
            0,
            26.5,
            -0.5
          ],
          "cubes": [
            {
              "origin": [
                2,
                26.5,
                -5.5
              ],
              "size": [
                0,
                5,
                6
              ],
              "pivot": [
                2,
                26.5,
                -0.5
              ],
              "rotation": [
                0,
                -30,
                0
              ],
              "uv": [
                29,
                2
              ],
              "mirror": true
            },
            {
              "origin": [
                -2,
                26.5,
                -5.5
              ],
              "size": [
                0,
                5,
                6
              ],
              "pivot": [
                -2,
                26.5,
                -0.5
              ],
              "rotation": [
                0,
                30,
                0
              ],
              "uv": [
                29,
                2
              ]
            }
          ]
        },
        {
          "name": "eyes",
          "parent": "head",
          "pivot": [
            0,
            22.5,
            -5
          ],
          "cubes": [
            {
              "origin": [
                -4,
                21.5,
                -6.5
              ],
              "size": [
                1,
                4,
                4
              ],
              "uv": [
                0,
                38
              ]
            },
            {
              "origin": [
                3,
                21.5,
                -6.5
              ],
              "size": [
                1,
                4,
                4
              ],
              "uv": [
                0,
                38
              ],
              "mirror": true
            }
          ]
        },
        {
          "name": "teeth",
          "parent": "head",
          "pivot": [
            0,
            22.5,
            -7.5
          ],
          "rotation": [
            20,
            0,
            0
          ],
          "cubes": [
            {
              "origin": [
                -3,
                22.5,
                -10.5
              ],
              "size": [
                6,
                0,
                3
              ],
              "uv": [
                18,
                0
              ]
            }
          ]
        },
        {
          "name": "chest",
          "parent": "middle",
          "pivot": [
            0,
            22,
            1
          ],
          "rotation": [
            -40,
            0,
            0
          ],
          "cubes": [
            {
              "origin": [
                -3,
                18,
                1
              ],
              "size": [
                6,
                6,
                6
              ],
              "uv": [
                0,
                13
              ]
            }
          ]
        },
        {
          "name": "leftArm",
          "parent": "chest",
          "pivot": [
            3,
            19.5,
            2.5
          ],
          "rotation": [
            40,
            0,
            0
          ],
          "cubes": [
            {
              "origin": [
                3,
                18.5,
                2.5
              ],
              "size": [
                3,
                2,
                0
              ],
              "uv": [
                0,
                15
              ],
              "mirror": true
            }
          ]
        },
        {
          "name": "leftRocketScale",
          "parent": "leftArm",
          "pivot": [
            8,
            19.5,
            6
          ],
          "cubes": [
            {
              "origin": [
                6,
                17.5,
                -1.5
              ],
              "size": [
                4,
                4,
                9
              ],
              "uv": [
                0,
                25
              ],
              "mirror": true
            }
          ]
        },
        {
          "name": "rightArm",
          "parent": "chest",
          "pivot": [
            -3,
            19.5,
            2.5
          ],
          "rotation": [
            40,
            0,
            0
          ],
          "cubes": [
            {
              "origin": [
                -6,
                18.5,
                2.5
              ],
              "size": [
                3,
                2,
                0
              ],
              "uv": [
                0,
                15
              ]
            }
          ]
        },
        {
          "name": "rightRocketScale",
          "parent": "rightArm",
          "pivot": [
            -8,
            19.5,
            6
          ],
          "cubes": [
            {
              "origin": [
                -10,
                17.5,
                -1.5
              ],
              "size": [
                4,
                4,
                9
              ],
              "uv": [
                0,
                25
              ]
            }
          ]
        },
        {
          "name": "leftWing",
          "parent": "chest",
          "pivot": [
            2,
            24,
            4
          ],
          "rotation": [
            0,
            0,
            40
          ],
          "cubes": [
            {
              "origin": [
                2,
                24,
                1
              ],
              "size": [
                0,
                13,
                11
              ],
              "uv": [
                29,
                5
              ],
              "mirror": true
            }
          ]
        },
        {
          "name": "rightWing",
          "parent": "chest",
          "pivot": [
            -2,
            24,
            4
          ],
          "rotation": [
            0,
            0,
            -40
          ],
          "cubes": [
            {
              "origin": [
                -2,
                24,
                1
              ],
              "size": [
                0,
                13,
                11
              ],
              "uv": [
                29,
                5
              ]
            }
          ]
        },
        {
          "name": "midBody",
          "parent": "chest",
          "pivot": [
            0,
            24,
            7
          ],
          "rotation": [
            -40,
            0,
            0
          ],
          "cubes": [
            {
              "origin": [
                -1.5,
                21,
                7
              ],
              "size": [
                3,
                3,
                11
              ],
              "uv": [
                0,
                50
              ]
            }
          ]
        },
        {
          "name": "stringer",
          "parent": "midBody",
          "pivot": [
            0,
            23,
            17
          ],
          "rotation": [
            -45,
            0,
            0
          ],
          "cubes": [
            {
              "origin": [
                -4,
                18.5,
                17
              ],
              "size": [
                8,
                8,
                8
              ],
              "uv": [
                32,
                48
              ]
            },
            {
              "origin": [
                -2,
                20.5,
                25
              ],
              "size": [
                4,
                4,
                4
              ],
              "uv": [
                48,
                39
              ]
            }
          ]
        }
      ]
    }
  ],
  "format_version": "1.12.0"
}