{
  "minecraft:geometry": [
    {
      "description": {
        "identifier": "geometry.hive.sonic.badnik.chopper",
        "texture_width": 64,
        "texture_height": 64,
        "visible_bounds_width": 4,
        "visible_bounds_height": 4,
        "visible_bounds_offset": [
          0,
          1,
          0
        ]
      },
      "bones": [
        {
          "name": "root",
          "pivot": [
            0,
            6,
            0
          ],
          "locators": {
            "golden": [
              0,
              6,
              0
            ]
          }
        },
        {
          "name": "body",
          "parent": "root",
          "pivot": [
            0,
            1,
            0
          ]
        },
        {
          "name": "bob",
          "parent": "body",
          "pivot": [
            0,
            0,
            0
          ],
          "cubes": [
            {
              "origin": [
                -3,
                1,
                -6
              ],
              "size": [
                6,
                10,
                9
              ],
              "uv": [
                0,
                0
              ]
            },
            {
              "origin": [
                -4,
                4,
                -5
              ],
              "size": [
                1,
                4,
                4
              ],
              "uv": [
                0,
                39
              ]
            },
            {
              "origin": [
                3,
                4,
                -6
              ],
              "size": [
                1,
                4,
                4
              ],
              "uv": [
                0,
                39
              ],
              "mirror": true
            }
          ]
        },
        {
          "name": "head",
          "parent": "bob",
          "pivot": [
            0,
            7,
            -6
          ],
          "cubes": [
            {
              "origin": [
                -3,
                4,
                -12
              ],
              "size": [
                6,
                7,
                6
              ],
              "uv": [
                16,
                19
              ]
            }
          ]
        },
        {
          "name": "teeth",
          "parent": "head",
          "pivot": [
            0,
            4,
            -10
          ],
          "cubes": [
            {
              "origin": [
                -2,
                3,
                -11.5
              ],
              "size": [
                4,
                1,
                5
              ],
              "uv": [
                30,
                12
              ]
            }
          ]
        },
        {
          "name": "rightEye",
          "parent": "head",
          "pivot": [
            -3,
            7,
            -9
          ],
          "cubes": [
            {
              "origin": [
                -3.51764,
                5,
                -10.93185
              ],
              "size": [
                2,
                4,
                4
              ],
              "pivot": [
                -3,
                7,
                -9
              ],
              "rotation": [
                0,
                -15,
                0
              ],
              "uv": [
                23,
                32
              ]
            }
          ]
        },
        {
          "name": "leftEye",
          "parent": "head",
          "pivot": [
            3,
            7,
            -9
          ],
          "cubes": [
            {
              "origin": [
                1.51764,
                5,
                -10.93185
              ],
              "size": [
                2,
                4,
                4
              ],
              "pivot": [
                3,
                7,
                -9
              ],
              "rotation": [
                0,
                15,
                0
              ],
              "uv": [
                23,
                32
              ],
              "mirror": true
            }
          ]
        },
        {
          "name": "mouth",
          "parent": "head",
          "pivot": [
            0,
            4,
            -6
          ],
          "rotation": [
            20,
            0,
            0
          ],
          "cubes": [
            {
              "origin": [
                -2.5,
                1,
                -12
              ],
              "size": [
                5,
                3,
                6
              ],
              "uv": [
                21,
                0
              ]
            }
          ]
        },
        {
          "name": "rightFin",
          "parent": "bob",
          "pivot": [
            -4,
            6,
            -3
          ],
          "rotation": [
            0,
            0,
            -20
          ],
          "cubes": [
            {
              "origin": [
                -12,
                6,
                -4
              ],
              "size": [
                8,
                0,
                3
              ],
              "uv": [
                27,
                9
              ]
            }
          ]
        },
        {
          "name": "leftFin",
          "parent": "bob",
          "pivot": [
            4,
            6,
            -4
          ],
          "rotation": [
            0,
            0,
            20
          ],
          "cubes": [
            {
              "origin": [
                4,
                6,
                -5
              ],
              "size": [
                8,
                0,
                3
              ],
              "uv": [
                27,
                9
              ],
              "mirror": true
            }
          ]
        },
        {
          "name": "topFin",
          "parent": "bob",
          "pivot": [
            0,
            11,
            -5
          ],
          "cubes": [
            {
              "origin": [
                0,
                11,
                -6
              ],
              "size": [
                0,
                6,
                11
              ],
              "uv": [
                0,
                8
              ]
            }
          ]
        },
        {
          "name": "tail",
          "parent": "bob",
          "pivot": [
            0,
            5,
            3
          ],
          "cubes": [
            {
              "origin": [
                -2,
                2,
                3
              ],
              "size": [
                4,
                8,
                3
              ],
              "uv": [
                9,
                32
              ]
            }
          ]
        },
        {
          "name": "tail2",
          "parent": "tail",
          "pivot": [
            0,
            6,
            6
          ],
          "cubes": [
            {
              "origin": [
                -1,
                3,
                6
              ],
              "size": [
                2,
                6,
                3
              ],
              "uv": [
                35,
                32
              ]
            }
          ]
        },
        {
          "name": "tail3",
          "parent": "tail2",
          "pivot": [
            0,
            6,
            9
          ],
          "cubes": [
            {
              "origin": [
                0,
                1,
                11
              ],
              "size": [
                0,
                10,
                6
              ],
              "uv": [
                0,
                19
              ]
            },
            {
              "origin": [
                -1,
                5,
                9
              ],
              "size": [
                2,
                2,
                3
              ],
              "uv": [
                34,
                18
              ]
            }
          ]
        },
        {
          "name": "tailFin",
          "parent": "tail",
          "pivot": [
            0,
            10,
            5
          ],
          "cubes": [
            {
              "origin": [
                0,
                10,
                4
              ],
              "size": [
                0,
                3,
                4
              ],
              "uv": [
                0,
                0
              ]
            }
          ]
        }
      ]
    }
  ],
  "format_version": "1.12.0"
}