{
  "minecraft:geometry": [
    {
      "description": {
        "identifier": "geometry.hive.sonic.badnik.newtron",
        "texture_width": 64,
        "texture_height": 64,
        "visible_bounds_width": 6,
        "visible_bounds_height": 4,
        "visible_bounds_offset": [
          0,
          1,
          0
        ]
      },
      "bones": [
        {
          "name": "root",
          "pivot": [
            0,
            0,
            0
          ]
        },
        {
          "name": "body",
          "parent": "root",
          "pivot": [
            0.5,
            6,
            -1
          ],
          "cubes": [
            {
              "origin": [
                -4.5,
                6,
                -8
              ],
              "size": [
                9,
                8,
                14
              ],
              "uv": [
                0,
                0
              ]
            },
            {
              "origin": [
                -2.5,
                7,
                6
              ],
              "size": [
                5,
                6,
                2
              ],
              "uv": [
                47,
                11
              ]
            }
          ]
        },
        {
          "name": "Neck",
          "parent": "body",
          "pivot": [
            0,
            11,
            -8
          ],
          "cubes": [
            {
              "origin": [
                -3.5,
                8,
                -11
              ],
              "size": [
                7,
                5,
                4
              ],
              "uv": [
                29,
                23
              ]
            }
          ]
        },
        {
          "name": "Head",
          "parent": "Neck",
          "pivot": [
            -0.5,
            13,
            -10
          ],
          "cubes": [
            {
              "origin": [
                -4.5,
                8,
                -20
              ],
              "size": [
                9,
                7,
                10
              ],
              "uv": [
                0,
                23
              ]
            },
            {
              "origin": [
                0,
                15,
                -17
              ],
              "size": [
                0,
                4,
                8
              ],
              "uv": [
                31,
                33
              ]
            }
          ]
        },
        {
          "name": "leftEye",
          "parent": "Head",
          "pivot": [
            4.5,
            10,
            -14
          ],
          "rotation": [
            0,
            12.5,
            0
          ],
          "cubes": [
            {
              "origin": [
                3.93288,
                9,
                -15.95259
              ],
              "size": [
                2,
                4,
                4
              ],
              "uv": [
                17,
                50
              ],
              "mirror": true
            }
          ]
        },
        {
          "name": "rightEye",
          "parent": "Head",
          "pivot": [
            -4.5,
            10,
            -14
          ],
          "rotation": [
            0,
            -12.5,
            0
          ],
          "cubes": [
            {
              "origin": [
                -5.93288,
                9,
                -15.95259
              ],
              "size": [
                2,
                4,
                4
              ],
              "uv": [
                17,
                50
              ]
            }
          ]
        },
        {
          "name": "mouth",
          "parent": "Head",
          "pivot": [
            0.5,
            8,
            -10
          ],
          "cubes": [
            {
              "origin": [
                -5.5,
                7,
                -11
              ],
              "size": [
                2,
                2,
                2
              ],
              "uv": [
                0,
                9
              ],
              "mirror": true
            },
            {
              "origin": [
                3.5,
                7,
                -11
              ],
              "size": [
                2,
                2,
                2
              ],
              "uv": [
                0,
                9
              ]
            },
            {
              "origin": [
                -3.5,
                6,
                -19
              ],
              "size": [
                7,
                2,
                8
              ],
              "uv": [
                33,
                0
              ]
            }
          ]
        },
        {
          "name": "tail",
          "parent": "body",
          "pivot": [
            0,
            10,
            8
          ]
        },
        {
          "name": "segment1",
          "parent": "tail",
          "pivot": [
            0,
            10,
            8
          ],
          "cubes": [
            {
              "origin": [
                0,
                8,
                7
              ],
              "size": [
                0,
                4,
                3
              ],
              "uv": [
                0,
                23
              ]
            },
            {
              "origin": [
                -2,
                8,
                9
              ],
              "size": [
                4,
                4,
                4
              ],
              "uv": [
                0,
                41
              ]
            }
          ]
        },
        {
          "name": "segment2",
          "parent": "segment1",
          "pivot": [
            0,
            10.5,
            13
          ],
          "cubes": [
            {
              "origin": [
                0,
                9,
                12
              ],
              "size": [
                0,
                3,
                3
              ],
              "uv": [
                33,
                0
              ]
            },
            {
              "origin": [
                -2,
                9,
                14
              ],
              "size": [
                4,
                3,
                4
              ],
              "uv": [
                44,
                42
              ]
            }
          ]
        },
        {
          "name": "segment3",
          "parent": "segment2",
          "pivot": [
            0,
            10.5,
            18
          ],
          "cubes": [
            {
              "origin": [
                0,
                9,
                17
              ],
              "size": [
                0,
                3,
                3
              ],
              "uv": [
                33,
                0
              ]
            },
            {
              "origin": [
                -2,
                9,
                19
              ],
              "size": [
                4,
                3,
                4
              ],
              "uv": [
                40,
                33
              ]
            }
          ]
        },
        {
          "name": "segment4",
          "parent": "segment3",
          "pivot": [
            0,
            10.5,
            23
          ],
          "cubes": [
            {
              "origin": [
                0,
                9,
                22
              ],
              "size": [
                0,
                3,
                3
              ],
              "uv": [
                33,
                0
              ]
            },
            {
              "origin": [
                -2,
                9,
                24
              ],
              "size": [
                4,
                3,
                3
              ],
              "uv": [
                31,
                47
              ]
            }
          ]
        },
        {
          "name": "segment5",
          "parent": "segment4",
          "pivot": [
            0,
            11,
            27
          ],
          "cubes": [
            {
              "origin": [
                0,
                10,
                26
              ],
              "size": [
                0,
                2,
                3
              ],
              "uv": [
                41,
                54
              ]
            },
            {
              "origin": [
                -2,
                10,
                28
              ],
              "size": [
                4,
                2,
                3
              ],
              "uv": [
                46,
                50
              ]
            }
          ]
        },
        {
          "name": "segment6",
          "parent": "segment5",
          "pivot": [
            0,
            11,
            31
          ],
          "cubes": [
            {
              "origin": [
                0,
                10,
                30
              ],
              "size": [
                0,
                2,
                3
              ],
              "uv": [
                41,
                54
              ]
            },
            {
              "origin": [
                -1,
                10,
                32
              ],
              "size": [
                2,
                2,
                3
              ],
              "uv": [
                30,
                54
              ]
            }
          ]
        },
        {
          "name": "shoulder1",
          "parent": "body",
          "pivot": [
            4.5,
            12,
            -4
          ],
          "rotation": [
            0,
            0,
            20
          ],
          "cubes": [
            {
              "origin": [
                4.5,
                9,
                -7
              ],
              "size": [
                3,
                3,
                5
              ],
              "uv": [
                17,
                41
              ]
            }
          ]
        },
        {
          "name": "shoulder2",
          "parent": "body",
          "pivot": [
            4.5,
            12,
            3
          ],
          "rotation": [
            0,
            0,
            20
          ],
          "cubes": [
            {
              "origin": [
                4.5,
                9,
                0
              ],
              "size": [
                3,
                3,
                5
              ],
              "uv": [
                17,
                41
              ]
            }
          ]
        },
        {
          "name": "shoulder3",
          "parent": "body",
          "pivot": [
            -4.5,
            12,
            -4
          ],
          "rotation": [
            0,
            0,
            -20
          ],
          "cubes": [
            {
              "origin": [
                -7.5,
                9,
                -7
              ],
              "size": [
                3,
                3,
                5
              ],
              "uv": [
                17,
                41
              ],
              "mirror": true
            }
          ]
        },
        {
          "name": "shoulder4",
          "parent": "body",
          "pivot": [
            -4.5,
            12,
            3
          ],
          "rotation": [
            0,
            0,
            -20
          ],
          "cubes": [
            {
              "origin": [
                -7.5,
                9,
                0
              ],
              "size": [
                3,
                3,
                5
              ],
              "uv": [
                17,
                41
              ],
              "mirror": true
            }
          ]
        },
        {
          "name": "leg1",
          "parent": "root",
          "pivot": [
            4.5,
            11,
            -4.5
          ],
          "rotation": [
            0,
            0.00001,
            30
          ]
        },
        {
          "name": "bodyIK2",
          "parent": "leg1",
          "pivot": [
            12.5,
            9,
            -4.5
          ],
          "cubes": [
            {
              "origin": [
                4.5,
                9,
                -5.5
              ],
              "size": [
                6,
                2,
                2
              ],
              "uv": [
                0,
                50
              ]
            },
            {
              "origin": [
                10.5,
                9,
                -6.5
              ],
              "size": [
                2,
                2,
                4
              ],
              "uv": [
                52,
                25
              ]
            }
          ]
        },
        {
          "name": "lowerleg",
          "parent": "leg1",
          "pivot": [
            12.5,
            11,
            -4.5
          ],
          "rotation": [
            0,
            0,
            45
          ],
          "cubes": [
            {
              "origin": [
                12.5,
                9,
                -5.5
              ],
              "size": [
                6,
                2,
                2
              ],
              "uv": [
                48,
                20
              ]
            }
          ]
        },
        {
          "name": "foot",
          "parent": "lowerleg",
          "pivot": [
            17.5,
            10,
            -4.5
          ],
          "rotation": [
            0,
            0,
            15
          ],
          "cubes": [
            {
              "origin": [
                17.5,
                8,
                -6.5
              ],
              "size": [
                2,
                4,
                4
              ],
              "uv": [
                0,
                0
              ]
            }
          ]
        },
        {
          "name": "toe",
          "parent": "foot",
          "pivot": [
            18.5,
            8,
            -3.5
          ],
          "rotation": [
            0,
            0,
            -14
          ],
          "cubes": [
            {
              "origin": [
                18.5,
                5,
                -5.5
              ],
              "size": [
                0,
                3,
                2
              ],
              "uv": [
                0,
                55
              ]
            }
          ]
        },
        {
          "name": "toe2",
          "parent": "foot",
          "pivot": [
            18.5,
            12,
            -6.5
          ],
          "rotation": [
            0,
            0,
            14
          ],
          "cubes": [
            {
              "origin": [
                18.5,
                12,
                -7.5
              ],
              "size": [
                0,
                3,
                2
              ],
              "uv": [
                0,
                55
              ]
            }
          ]
        },
        {
          "name": "toe3",
          "parent": "foot",
          "pivot": [
            18.5,
            12,
            -2.5
          ],
          "rotation": [
            0,
            0,
            14
          ],
          "cubes": [
            {
              "origin": [
                18.5,
                12,
                -3.5
              ],
              "size": [
                0,
                3,
                2
              ],
              "uv": [
                0,
                55
              ]
            }
          ]
        },
        {
          "name": "leg2",
          "parent": "root",
          "pivot": [
            4.5,
            11,
            2.5
          ],
          "rotation": [
            0,
            -0.00001,
            30
          ]
        },
        {
          "name": "bodyIK",
          "parent": "leg2",
          "pivot": [
            12.5,
            9,
            2.5
          ],
          "cubes": [
            {
              "origin": [
                4.5,
                9,
                1.5
              ],
              "size": [
                6,
                2,
                2
              ],
              "uv": [
                0,
                50
              ]
            },
            {
              "origin": [
                10.5,
                9,
                0.5
              ],
              "size": [
                2,
                2,
                4
              ],
              "uv": [
                52,
                25
              ]
            }
          ]
        },
        {
          "name": "lowerleg2",
          "parent": "leg2",
          "pivot": [
            12.5,
            11,
            2.5
          ],
          "rotation": [
            0,
            0,
            45
          ],
          "cubes": [
            {
              "origin": [
                12.5,
                9,
                1.5
              ],
              "size": [
                6,
                2,
                2
              ],
              "uv": [
                48,
                20
              ]
            }
          ]
        },
        {
          "name": "foot2",
          "parent": "lowerleg2",
          "pivot": [
            17.5,
            10,
            2.5
          ],
          "rotation": [
            0,
            0,
            15
          ],
          "cubes": [
            {
              "origin": [
                17.5,
                8,
                0.5
              ],
              "size": [
                2,
                4,
                4
              ],
              "uv": [
                0,
                0
              ]
            }
          ]
        },
        {
          "name": "toe4",
          "parent": "foot2",
          "pivot": [
            18.5,
            8,
            3.5
          ],
          "rotation": [
            0,
            0,
            -14
          ],
          "cubes": [
            {
              "origin": [
                18.5,
                5,
                1.5
              ],
              "size": [
                0,
                3,
                2
              ],
              "uv": [
                0,
                55
              ]
            }
          ]
        },
        {
          "name": "toe5",
          "parent": "foot2",
          "pivot": [
            18.5,
            12,
            0.5
          ],
          "rotation": [
            0,
            0,
            14
          ],
          "cubes": [
            {
              "origin": [
                18.5,
                12,
                -0.5
              ],
              "size": [
                0,
                3,
                2
              ],
              "uv": [
                0,
                55
              ]
            }
          ]
        },
        {
          "name": "toe6",
          "parent": "foot2",
          "pivot": [
            18.5,
            12,
            4.5
          ],
          "rotation": [
            0,
            0,
            14
          ],
          "cubes": [
            {
              "origin": [
                18.5,
                12,
                3.5
              ],
              "size": [
                0,
                3,
                2
              ],
              "uv": [
                0,
                55
              ]
            }
          ]
        },
        {
          "name": "leg3",
          "parent": "root",
          "pivot": [
            -4.5,
            11,
            -4.5
          ],
          "rotation": [
            0,
            -0.00001,
            -30
          ]
        },
        {
          "name": "bodyIK3",
          "parent": "leg3",
          "pivot": [
            -12.5,
            9,
            -4.5
          ],
          "cubes": [
            {
              "origin": [
                -10.5,
                9,
                -5.5
              ],
              "size": [
                6,
                2,
                2
              ],
              "uv": [
                0,
                50
              ],
              "mirror": true
            },
            {
              "origin": [
                -12.5,
                9,
                -6.5
              ],
              "size": [
                2,
                2,
                4
              ],
              "uv": [
                52,
                25
              ]
            }
          ]
        },
        {
          "name": "lowerleg3",
          "parent": "leg3",
          "pivot": [
            -12.5,
            11,
            -4.5
          ],
          "rotation": [
            0,
            0,
            -45
          ],
          "cubes": [
            {
              "origin": [
                -18.5,
                9,
                -5.5
              ],
              "size": [
                6,
                2,
                2
              ],
              "uv": [
                48,
                20
              ],
              "mirror": true
            }
          ]
        },
        {
          "name": "foot3",
          "parent": "lowerleg3",
          "pivot": [
            -17.5,
            10,
            -4.5
          ],
          "rotation": [
            0,
            0,
            -15
          ],
          "cubes": [
            {
              "origin": [
                -19.5,
                8,
                -6.5
              ],
              "size": [
                2,
                4,
                4
              ],
              "uv": [
                0,
                0
              ],
              "mirror": true
            }
          ]
        },
        {
          "name": "toe7",
          "parent": "foot3",
          "pivot": [
            -18.5,
            8,
            -3.5
          ],
          "rotation": [
            0,
            0,
            14
          ],
          "cubes": [
            {
              "origin": [
                -18.5,
                5,
                -5.5
              ],
              "size": [
                0,
                3,
                2
              ],
              "uv": [
                0,
                55
              ]
            }
          ]
        },
        {
          "name": "toe8",
          "parent": "foot3",
          "pivot": [
            -18.5,
            12,
            -6.5
          ],
          "rotation": [
            0,
            0,
            -14
          ],
          "cubes": [
            {
              "origin": [
                -18.5,
                12,
                -7.5
              ],
              "size": [
                0,
                3,
                2
              ],
              "uv": [
                0,
                55
              ]
            }
          ]
        },
        {
          "name": "toe9",
          "parent": "foot3",
          "pivot": [
            -18.5,
            12,
            -2.5
          ],
          "rotation": [
            0,
            0,
            -14
          ],
          "cubes": [
            {
              "origin": [
                -18.5,
                12,
                -3.5
              ],
              "size": [
                0,
                3,
                2
              ],
              "uv": [
                0,
                55
              ]
            }
          ]
        },
        {
          "name": "leg4",
          "parent": "root",
          "pivot": [
            -4.5,
            11,
            2.5
          ],
          "rotation": [
            0,
            0.00001,
            -30
          ]
        },
        {
          "name": "bodyIK4",
          "parent": "leg4",
          "pivot": [
            -12.5,
            9,
            2.5
          ],
          "cubes": [
            {
              "origin": [
                -10.5,
                9,
                1.5
              ],
              "size": [
                6,
                2,
                2
              ],
              "uv": [
                0,
                50
              ],
              "mirror": true
            },
            {
              "origin": [
                -12.5,
                9,
                0.5
              ],
              "size": [
                2,
                2,
                4
              ],
              "uv": [
                52,
                25
              ]
            }
          ]
        },
        {
          "name": "lowerleg4",
          "parent": "leg4",
          "pivot": [
            -12.5,
            11,
            2.5
          ],
          "rotation": [
            0,
            0,
            -45
          ],
          "cubes": [
            {
              "origin": [
                -18.5,
                9,
                1.5
              ],
              "size": [
                6,
                2,
                2
              ],
              "uv": [
                48,
                20
              ],
              "mirror": true
            }
          ]
        },
        {
          "name": "foot4",
          "parent": "lowerleg4",
          "pivot": [
            -17.5,
            10,
            2.5
          ],
          "rotation": [
            0,
            0,
            -15
          ],
          "cubes": [
            {
              "origin": [
                -19.5,
                8,
                0.5
              ],
              "size": [
                2,
                4,
                4
              ],
              "uv": [
                0,
                0
              ],
              "mirror": true
            }
          ]
        },
        {
          "name": "toe10",
          "parent": "foot4",
          "pivot": [
            -18.5,
            8,
            3.5
          ],
          "rotation": [
            0,
            0,
            14
          ],
          "cubes": [
            {
              "origin": [
                -18.5,
                5,
                1.5
              ],
              "size": [
                0,
                3,
                2
              ],
              "uv": [
                0,
                55
              ],
              "mirror": true
            }
          ]
        },
        {
          "name": "toe11",
          "parent": "foot4",
          "pivot": [
            -18.5,
            12,
            0.5
          ],
          "rotation": [
            0,
            0,
            -14
          ],
          "cubes": [
            {
              "origin": [
                -18.5,
                12,
                -0.5
              ],
              "size": [
                0,
                3,
                2
              ],
              "uv": [
                0,
                55
              ]
            }
          ]
        },
        {
          "name": "toe12",
          "parent": "foot4",
          "pivot": [
            -18.5,
            12,
            4.5
          ],
          "rotation": [
            0,
            0,
            -14
          ],
          "cubes": [
            {
              "origin": [
                -18.5,
                12,
                3.5
              ],
              "size": [
                0,
                3,
                2
              ],
              "uv": [
                0,
                55
              ]
            }
          ]
        }
      ]
    }
  ],
  "format_version": "1.12.0"
}