{
  "minecraft:geometry": [
    {
      "description": {
        "identifier": "geometry.hive.sonic.ghz.flower.fern",
        "texture_width": 32,
        "texture_height": 32,
        "visible_bounds_width": 6,
        "visible_bounds_height": 4,
        "visible_bounds_offset": [
          0,
          1,
          0
        ]
      },
      "bones": [
        {
          "name": "root",
          "pivot": [
            0,
            0,
            0
          ],
          "cubes": [
            {
              "origin": [
                -4.5,
                1.02606,
                -2.81908
              ],
              "size": [
                9,
                13,
                0
              ],
              "pivot": [
                0,
                0,
                0
              ],
              "rotation": [
                20,
                0,
                0
              ],
              "uv": {
                "north": {
                  "uv": [
                    0,
                    0
                  ],
                  "uv_size": [
                    9,
                    13
                  ]
                },
                "east": {
                  "uv": [
                    0,
                    0
                  ],
                  "uv_size": [
                    0,
                    13
                  ]
                },
                "west": {
                  "uv": [
                    0,
                    0
                  ],
                  "uv_size": [
                    0,
                    13
                  ]
                },
                "up": {
                  "uv": [
                    9,
                    0
                  ],
                  "uv_size": [
                    -9,
                    0
                  ]
                },
                "down": {
                  "uv": [
                    9,
                    0
                  ],
                  "uv_size": [
                    -9,
                    0
                  ]
                }
              }
            },
            {
              "origin": [
                -3.5,
                11.55358,
                8.43723
              ],
              "size": [
                7,
                6,
                0
              ],
              "pivot": [
                0,
                0,
                0
              ],
              "rotation": [
                67.5,
                0,
                0
              ],
              "uv": {
                "north": {
                  "uv": [
                    9,
                    0
                  ],
                  "uv_size": [
                    7,
                    6
                  ]
                },
                "east": {
                  "uv": [
                    0,
                    0
                  ],
                  "uv_size": [
                    0,
                    6
                  ]
                },
                "west": {
                  "uv": [
                    0,
                    0
                  ],
                  "uv_size": [
                    0,
                    6
                  ]
                },
                "up": {
                  "uv": [
                    7,
                    0
                  ],
                  "uv_size": [
                    -7,
                    0
                  ]
                },
                "down": {
                  "uv": [
                    7,
                    0
                  ],
                  "uv_size": [
                    -7,
                    0
                  ]
                }
              }
            },
            {
              "origin": [
                -3.5,
                11.55358,
                -8.43723
              ],
              "size": [
                7,
                6,
                0
              ],
              "pivot": [
                0,
                0,
                0
              ],
              "rotation": [
                -67.5,
                0,
                0
              ],
              "uv": {
                "east": {
                  "uv": [
                    0,
                    0
                  ],
                  "uv_size": [
                    0,
                    6
                  ]
                },
                "south": {
                  "uv": [
                    16,
                    0
                  ],
                  "uv_size": [
                    -7,
                    6
                  ]
                },
                "west": {
                  "uv": [
                    0,
                    0
                  ],
                  "uv_size": [
                    0,
                    6
                  ]
                },
                "up": {
                  "uv": [
                    7,
                    0
                  ],
                  "uv_size": [
                    -7,
                    0
                  ]
                },
                "down": {
                  "uv": [
                    7,
                    0
                  ],
                  "uv_size": [
                    -7,
                    0
                  ]
                }
              }
            },
            {
              "origin": [
                -6.5,
                2.42,
                -6.57785
              ],
              "size": [
                5,
                8,
                0
              ],
              "pivot": [
                0,
                0,
                0
              ],
              "rotation": [
                20,
                0,
                0
              ],
              "uv": {
                "north": {
                  "uv": [
                    10,
                    6
                  ],
                  "uv_size": [
                    5,
                    8
                  ]
                },
                "east": {
                  "uv": [
                    0,
                    0
                  ],
                  "uv_size": [
                    0,
                    8
                  ]
                },
                "west": {
                  "uv": [
                    0,
                    0
                  ],
                  "uv_size": [
                    0,
                    8
                  ]
                },
                "up": {
                  "uv": [
                    5,
                    0
                  ],
                  "uv_size": [
                    -5,
                    0
                  ]
                },
                "down": {
                  "uv": [
                    5,
                    0
                  ],
                  "uv_size": [
                    -5,
                    0
                  ]
                }
              }
            },
            {
              "origin": [
                1.5,
                2.42,
                6.57785
              ],
              "size": [
                5,
                8,
                0
              ],
              "pivot": [
                0,
                0,
                0
              ],
              "rotation": [
                -20,
                0,
                0
              ],
              "uv": {
                "east": {
                  "uv": [
                    0,
                    0
                  ],
                  "uv_size": [
                    0,
                    8
                  ]
                },
                "south": {
                  "uv": [
                    10,
                    6
                  ],
                  "uv_size": [
                    5,
                    8
                  ]
                },
                "west": {
                  "uv": [
                    0,
                    0
                  ],
                  "uv_size": [
                    0,
                    8
                  ]
                },
                "up": {
                  "uv": [
                    5,
                    0
                  ],
                  "uv_size": [
                    -5,
                    0
                  ]
                },
                "down": {
                  "uv": [
                    5,
                    0
                  ],
                  "uv_size": [
                    -5,
                    0
                  ]
                }
              }
            },
            {
              "origin": [
                -4.5,
                1.02606,
                2.81908
              ],
              "size": [
                9,
                13,
                0
              ],
              "pivot": [
                0,
                0,
                0
              ],
              "rotation": [
                -20,
                0,
                0
              ],
              "uv": {
                "east": {
                  "uv": [
                    0,
                    0
                  ],
                  "uv_size": [
                    0,
                    13
                  ]
                },
                "south": {
                  "uv": [
                    0,
                    0
                  ],
                  "uv_size": [
                    9,
                    13
                  ]
                },
                "west": {
                  "uv": [
                    0,
                    0
                  ],
                  "uv_size": [
                    0,
                    13
                  ]
                },
                "up": {
                  "uv": [
                    9,
                    0
                  ],
                  "uv_size": [
                    -9,
                    0
                  ]
                },
                "down": {
                  "uv": [
                    9,
                    0
                  ],
                  "uv_size": [
                    -9,
                    0
                  ]
                }
              }
            },
            {
              "origin": [
                -2.81908,
                1.02606,
                -4.5
              ],
              "size": [
                0,
                13,
                9
              ],
              "pivot": [
                0,
                0,
                0
              ],
              "rotation": [
                0,
                0,
                -20
              ],
              "uv": {
                "north": {
                  "uv": [
                    0,
                    0
                  ],
                  "uv_size": [
                    0,
                    13
                  ]
                },
                "east": {
                  "uv": [
                    0,
                    0
                  ],
                  "uv_size": [
                    9,
                    13
                  ]
                },
                "south": {
                  "uv": [
                    0,
                    0
                  ],
                  "uv_size": [
                    0,
                    13
                  ]
                },
                "up": {
                  "uv": [
                    0,
                    9
                  ],
                  "uv_size": [
                    0,
                    -9
                  ]
                },
                "down": {
                  "uv": [
                    0,
                    9
                  ],
                  "uv_size": [
                    0,
                    -9
                  ]
                }
              }
            },
            {
              "origin": [
                6.57785,
                2.42,
                -6.5
              ],
              "size": [
                0,
                8,
                5
              ],
              "pivot": [
                0,
                0,
                0
              ],
              "rotation": [
                0,
                0,
                20
              ],
              "uv": {
                "north": {
                  "uv": [
                    0,
                    0
                  ],
                  "uv_size": [
                    0,
                    8
                  ]
                },
                "south": {
                  "uv": [
                    0,
                    0
                  ],
                  "uv_size": [
                    0,
                    8
                  ]
                },
                "west": {
                  "uv": [
                    15,
                    6
                  ],
                  "uv_size": [
                    -5,
                    8
                  ]
                },
                "up": {
                  "uv": [
                    0,
                    5
                  ],
                  "uv_size": [
                    0,
                    -5
                  ]
                },
                "down": {
                  "uv": [
                    0,
                    5
                  ],
                  "uv_size": [
                    0,
                    -5
                  ]
                }
              }
            },
            {
              "origin": [
                -6.57785,
                2.42,
                1.5
              ],
              "size": [
                0,
                8,
                5
              ],
              "pivot": [
                0,
                0,
                0
              ],
              "rotation": [
                0,
                0,
                -20
              ],
              "uv": {
                "north": {
                  "uv": [
                    0,
                    0
                  ],
                  "uv_size": [
                    0,
                    8
                  ]
                },
                "east": {
                  "uv": [
                    10,
                    6
                  ],
                  "uv_size": [
                    5,
                    8
                  ]
                },
                "south": {
                  "uv": [
                    0,
                    0
                  ],
                  "uv_size": [
                    0,
                    8
                  ]
                },
                "up": {
                  "uv": [
                    0,
                    5
                  ],
                  "uv_size": [
                    0,
                    -5
                  ]
                },
                "down": {
                  "uv": [
                    0,
                    5
                  ],
                  "uv_size": [
                    0,
                    -5
                  ]
                }
              }
            },
            {
              "origin": [
                8.43688,
                11.55504,
                -3.5
              ],
              "size": [
                0,
                6,
                7
              ],
              "pivot": [
                0,
                0,
                0
              ],
              "rotation": [
                0,
                0,
                -67.5
              ],
              "uv": {
                "north": {
                  "uv": [
                    0,
                    0
                  ],
                  "uv_size": [
                    0,
                    6
                  ]
                },
                "east": {
                  "uv": [
                    9,
                    0
                  ],
                  "uv_size": [
                    7,
                    6
                  ]
                },
                "south": {
                  "uv": [
                    0,
                    0
                  ],
                  "uv_size": [
                    0,
                    6
                  ]
                },
                "up": {
                  "uv": [
                    0,
                    7
                  ],
                  "uv_size": [
                    0,
                    -7
                  ]
                },
                "down": {
                  "uv": [
                    0,
                    7
                  ],
                  "uv_size": [
                    0,
                    -7
                  ]
                }
              }
            },
            {
              "origin": [
                -8.43688,
                11.55504,
                -3.5
              ],
              "size": [
                0,
                6,
                7
              ],
              "pivot": [
                0,
                0,
                0
              ],
              "rotation": [
                0,
                0,
                67.5
              ],
              "uv": {
                "north": {
                  "uv": [
                    0,
                    0
                  ],
                  "uv_size": [
                    0,
                    6
                  ]
                },
                "south": {
                  "uv": [
                    0,
                    0
                  ],
                  "uv_size": [
                    0,
                    6
                  ]
                },
                "west": {
                  "uv": [
                    16,
                    0
                  ],
                  "uv_size": [
                    -7,
                    6
                  ]
                },
                "up": {
                  "uv": [
                    0,
                    7
                  ],
                  "uv_size": [
                    0,
                    -7
                  ]
                },
                "down": {
                  "uv": [
                    0,
                    7
                  ],
                  "uv_size": [
                    0,
                    -7
                  ]
                }
              }
            },
            {
              "origin": [
                2.81908,
                1.02606,
                -4.5
              ],
              "size": [
                0,
                13,
                9
              ],
              "pivot": [
                0,
                0,
                0
              ],
              "rotation": [
                0,
                0,
                20
              ],
              "uv": {
                "north": {
                  "uv": [
                    0,
                    0
                  ],
                  "uv_size": [
                    0,
                    13
                  ]
                },
                "south": {
                  "uv": [
                    0,
                    0
                  ],
                  "uv_size": [
                    0,
                    13
                  ]
                },
                "west": {
                  "uv": [
                    0,
                    0
                  ],
                  "uv_size": [
                    9,
                    13
                  ]
                },
                "up": {
                  "uv": [
                    0,
                    9
                  ],
                  "uv_size": [
                    0,
                    -9
                  ]
                },
                "down": {
                  "uv": [
                    0,
                    9
                  ],
                  "uv_size": [
                    0,
                    -9
                  ]
                }
              }
            },
            {
              "origin": [
                0,
                0.91368,
                -6.94011
              ],
              "size": [
                7,
                10,
                0
              ],
              "pivot": [
                0,
                0,
                0
              ],
              "rotation": [
                7.5,
                0,
                0
              ],
              "uv": {
                "north": {
                  "uv": [
                    16,
                    0
                  ],
                  "uv_size": [
                    7,
                    10
                  ]
                },
                "east": {
                  "uv": [
                    0,
                    0
                  ],
                  "uv_size": [
                    0,
                    10
                  ]
                },
                "west": {
                  "uv": [
                    0,
                    0
                  ],
                  "uv_size": [
                    0,
                    10
                  ]
                },
                "up": {
                  "uv": [
                    7,
                    0
                  ],
                  "uv_size": [
                    -7,
                    0
                  ]
                },
                "down": {
                  "uv": [
                    7,
                    0
                  ],
                  "uv_size": [
                    -7,
                    0
                  ]
                }
              }
            },
            {
              "origin": [
                -7,
                0.91368,
                6.94011
              ],
              "size": [
                7,
                10,
                0
              ],
              "pivot": [
                0,
                0,
                0
              ],
              "rotation": [
                -7.5,
                0,
                0
              ],
              "uv": {
                "east": {
                  "uv": [
                    0,
                    0
                  ],
                  "uv_size": [
                    0,
                    10
                  ]
                },
                "south": {
                  "uv": [
                    23,
                    0
                  ],
                  "uv_size": [
                    -7,
                    10
                  ]
                },
                "west": {
                  "uv": [
                    0,
                    0
                  ],
                  "uv_size": [
                    0,
                    10
                  ]
                },
                "up": {
                  "uv": [
                    7,
                    0
                  ],
                  "uv_size": [
                    -7,
                    0
                  ]
                },
                "down": {
                  "uv": [
                    7,
                    0
                  ],
                  "uv_size": [
                    -7,
                    0
                  ]
                }
              }
            },
            {
              "origin": [
                -6.94011,
                0.91368,
                -7
              ],
              "size": [
                0,
                10,
                7
              ],
              "pivot": [
                0,
                0,
                0
              ],
              "rotation": [
                0,
                0,
                -7.5
              ],
              "uv": {
                "north": {
                  "uv": [
                    0,
                    0
                  ],
                  "uv_size": [
                    0,
                    10
                  ]
                },
                "east": {
                  "uv": [
                    16,
                    0
                  ],
                  "uv_size": [
                    7,
                    10
                  ]
                },
                "south": {
                  "uv": [
                    0,
                    0
                  ],
                  "uv_size": [
                    0,
                    10
                  ]
                },
                "up": {
                  "uv": [
                    0,
                    7
                  ],
                  "uv_size": [
                    0,
                    -7
                  ]
                },
                "down": {
                  "uv": [
                    0,
                    7
                  ],
                  "uv_size": [
                    0,
                    -7
                  ]
                }
              }
            },
            {
              "origin": [
                6.94011,
                0.91368,
                0
              ],
              "size": [
                0,
                10,
                7
              ],
              "pivot": [
                0,
                0,
                0
              ],
              "rotation": [
                0,
                0,
                7.5
              ],
              "uv": {
                "north": {
                  "uv": [
                    0,
                    0
                  ],
                  "uv_size": [
                    0,
                    10
                  ]
                },
                "south": {
                  "uv": [
                    0,
                    0
                  ],
                  "uv_size": [
                    0,
                    10
                  ]
                },
                "west": {
                  "uv": [
                    23,
                    0
                  ],
                  "uv_size": [
                    -7,
                    10
                  ]
                },
                "up": {
                  "uv": [
                    0,
                    7
                  ],
                  "uv_size": [
                    0,
                    -7
                  ]
                },
                "down": {
                  "uv": [
                    0,
                    7
                  ],
                  "uv_size": [
                    0,
                    -7
                  ]
                }
              }
            }
          ]
        }
      ]
    }
  ],
  "format_version": "1.12.0"
}