{
  "minecraft:geometry": [
    {
      "description": {
        "identifier": "geometry.hive.sonic.ghz.flower.purple",
        "texture_width": 32,
        "texture_height": 32,
        "visible_bounds_width": 3,
        "visible_bounds_height": 5,
        "visible_bounds_offset": [
          0,
          1.5,
          0
        ]
      },
      "bones": [
        {
          "name": "root",
          "pivot": [
            0,
            0,
            -1
          ],
          "cubes": [
            {
              "origin": [
                -6,
                9.7,
                -8.5
              ],
              "size": [
                12,
                12,
                0
              ],
              "pivot": [
                0,
                0,
                -1
              ],
              "rotation": [
                -22.5,
                0,
                0
              ],
              "uv": {
                "north": {
                  "uv": [
                    0,
                    0
                  ],
                  "uv_size": [
                    12,
                    12
                  ]
                }
              }
            },
            {
              "origin": [
                -4,
                11.7,
                -7.8
              ],
              "size": [
                8,
                8,
                0
              ],
              "pivot": [
                0,
                0,
                -1
              ],
              "rotation": [
                -22.5,
                0,
                0
              ],
              "uv": {
                "north": {
                  "uv": [
                    0,
                    12
                  ],
                  "uv_size": [
                    8,
                    8
                  ]
                },
                "east": {
                  "uv": [
                    24,
                    0
                  ],
                  "uv_size": [
                    0,
                    10
                  ]
                },
                "south": {
                  "uv": [
                    22,
                    0
                  ],
                  "uv_size": [
                    10,
                    10
                  ]
                },
                "west": {
                  "uv": [
                    34,
                    0
                  ],
                  "uv_size": [
                    0,
                    10
                  ]
                },
                "up": {
                  "uv": [
                    24,
                    0
                  ],
                  "uv_size": [
                    10,
                    0
                  ]
                },
                "down": {
                  "uv": [
                    34,
                    0
                  ],
                  "uv_size": [
                    10,
                    0
                  ]
                }
              }
            },
            {
              "origin": [
                0.5,
                0,
                -7.75
              ],
              "size": [
                0,
                18,
                15
              ],
              "pivot": [
                0,
                0,
                -0.25
              ],
              "rotation": [
                0,
                45,
                0
              ],
              "uv": {
                "west": {
                  "uv": [
                    28,
                    0
                  ],
                  "uv_size": [
                    -15,
                    18
                  ]
                }
              }
            },
            {
              "origin": [
                -0.5,
                0,
                -7.75
              ],
              "size": [
                0,
                18,
                15
              ],
              "pivot": [
                0,
                0,
                -0.25
              ],
              "rotation": [
                0,
                -45,
                0
              ],
              "uv": {
                "west": {
                  "uv": [
                    28,
                    0
                  ],
                  "uv_size": [
                    -15,
                    18
                  ]
                }
              }
            }
          ]
        }
      ]
    }
  ],
  "format_version": "1.12.0"
}