{
  "minecraft:geometry": [
    {
      "description": {
        "identifier": "geometry.hive.sonic.ghz.flower.vine",
        "texture_width": 16,
        "texture_height": 16,
        "visible_bounds_width": 3,
        "visible_bounds_height": 3,
        "visible_bounds_offset": [
          0,
          0.5,
          0
        ]
      },
      "bones": [
        {
          "name": "root",
          "pivot": [
            0,
            0,
            0
          ],
          "cubes": [
            {
              "origin": [
                -8,
                9.35225,
                4.34733
              ],
              "size": [
                8,
                8,
                0
              ],
              "pivot": [
                0,
                0,
                0
              ],
              "rotation": [
                -12.5,
                0,
                0
              ],
              "uv": {
                "north": {
                  "uv": [
                    0,
                    0
                  ],
                  "uv_size": [
                    8,
                    8
                  ]
                }
              }
            },
            {
              "origin": [
                0,
                5.93299,
                6.23472
              ],
              "size": [
                8,
                8,
                0
              ],
              "pivot": [
                0,
                0,
                0
              ],
              "rotation": [
                -7.5,
                0,
                0
              ],
              "uv": {
                "north": {
                  "uv": [
                    8,
                    0
                  ],
                  "uv_size": [
                    8,
                    8
                  ]
                }
              }
            },
            {
              "origin": [
                -7,
                3.19339,
                4.43936
              ],
              "size": [
                8,
                8,
                0
              ],
              "pivot": [
                0,
                0,
                0
              ],
              "rotation": [
                -20,
                0,
                0
              ],
              "uv": {
                "north": {
                  "uv": [
                    8,
                    8
                  ],
                  "uv_size": [
                    8,
                    8
                  ]
                }
              }
            },
            {
              "origin": [
                -1,
                -0.41071,
                6.51173
              ],
              "size": [
                8,
                8,
                0
              ],
              "pivot": [
                0,
                0,
                0
              ],
              "rotation": [
                -12.5,
                0,
                0
              ],
              "uv": {
                "north": {
                  "uv": [
                    0,
                    8
                  ],
                  "uv_size": [
                    8,
                    8
                  ]
                }
              }
            }
          ]
        }
      ]
    }
  ],
  "format_version": "1.12.0"
}