{
  "format_version": "1.8.0",
  "minecraft:client_entity": {
    "description": {
      "identifier": "hive:event_hatch_large",
      "materials": {
        "default": "entity_alphatest"
      },
      "textures": {
        "default": "textures/entity/hive/sonic/event/hatch/large"
      },
      "geometry": {
        "default": "geometry.hive.sonic.event.hatch.large"
      },
      "particle_effects": {
        "hatch_steam": "hive:hatch_steam",
        "piston_steam": "hive:piston_steam",
        "sparks": "hive:sparks",
        "sparks_opp": "hive:sparks_opp",
        "sparks_burst": "hive:spark_burst",
        "sparks_burst_opp": "hive:spark_burst_opp"
      },
      "animations": {
        "open": "animation.hive.sonic.event.hatch.large.open",
        "opened": "animation.hive.sonic.event.hatch.large.opened"
      },
      "animation_controllers": [
        {
          "hatch": "controller.animation.hive.sonic.event.hatch"
        }
      ],
      "render_controllers": [
        "controller.render.hive.sonic.default"
      ]
    }
  }
}