{
  "format_version": "1.8.0",
  "minecraft:client_entity": {
    "description": {
      "identifier": "hive:event_hatch_medium",
      "materials": {
        "default": "entity_alphatest"
      },
      "textures": {
        "default": "textures/entity/hive/sonic/event/hatch/medium"
      },
      "geometry": {
        "default": "geometry.hive.sonic.event.hatch.medium"
      },
      "animations": {
        "open": "animation.hive.sonic.event.hatch.medium.open",
        "opened": "animation.hive.sonic.event.hatch.medium.opened",
        "orientation": "animation.hive.sonic.event.hatch.small.orientation"
      },
      "animation_controllers": [
        {
          "hatch": "controller.animation.hive.sonic.event.hatch"
        },
        {
          "orientation": "controller.animation.hive.sonic.event.hatch.orientation"
        }
      ],
      "render_controllers": [
        "controller.render.hive.sonic.default"
      ]
    }
  }
}