{
  "format_version": "1.8.0",
  "animations": {
    "animation.hive.sonic.npc.sonic.spawn": {
      "loop": "hold_on_last_frame",
      "animation_length": 1.12,
      "bones": {
        "root": {
          "scale": {
            "0.0": [
              0.3,
              0,
              0.3
            ],
            "0.08": [
              0.3378,
              0.0541,
              0.3378
            ],
            "0.16": [
              0.485,
              0.2643,
              0.485
            ],
            "0.32": [
              0.9675,
              1.0175,
              0.9375
            ],
            "0.44": [
              0.9675,
              1.055,
              0.9375
            ],
            "0.52": [
              0.9675,
              1.0675,
              0.9375
            ],
            "0.6": [
              0.9768,
              1.0482,
              0.9554
            ],
            "0.72": [
              1,
              0.98,
              1
            ],
            "0.88": [
              1,
              1.01,
              1
            ],
            "1.0": [
              1,
              1.0025,
              1
            ],
            "1.12": [
              1,
              1,
              1
            ]
          }
        }
      }
    },
    "animation.hive.sonic.npc.sonic.despawn": {
      "loop": "hold_on_last_frame",
      "animation_length": 0.84,
      "bones": {
        "root": {
          "scale": {
            "0.0": [
              1,
              1,
              1
            ],
            "0.16": [
              0.99,
              1.0288,
              0.9869
            ],
            "0.2": [
              0.975,
              1.0344,
              0.9672
            ],
            "0.4": [
              0.96,
              1.04,
              0.9475
            ],
            "0.48": [
              0.9622,
              1.0156,
              0.9543
            ],
            "0.52": [
              0.9644,
              0.9912,
              0.961
            ],
            "0.64": [
              0.7525,
              0.515,
              0.93
            ],
            "0.72": [
              0.3525,
              0.015,
              0.63
            ],
            "0.76": [
              0,
              0,
              0
            ]
          }
        }
      }
    },
    "animation.hive.sonic.npc.sonic.idle.base": {
      "loop": "hold_on_last_frame",
      "bones": {
        "specular": {
          "scale": 0
        },
        "spindash": {
          "scale": 0
        },
        "pupils": {
          "position": [
            0,
            0,
            -0.225
          ]
        },
        "white": {
          "position": [
            0,
            -0.02,
            -0.15
          ],
          "scale": [
            1.01,
            1.005,
            1.1
          ]
        },
        "spinBack": {
          "scale": 0
        },
        "spinFront": {
          "scale": 0
        }
      }
    },
    "animation.hive.sonic.npc.sonic.idle.float": {
      "loop": true,
      "animation_length": 6.76,
      "bones": {
        "root": {
          "position": {
            "0.0": [
              0,
              0,
              0
            ],
            "0.32": [
              0,
              0.02,
              0
            ],
            "0.76": [
              0,
              0.055,
              0
            ],
            "1.36": [
              0,
              0.275,
              0
            ],
            "2.04": [
              0,
              0.71,
              0
            ],
            "2.6": [
              0,
              0.955,
              0
            ],
            "3.16": [
              0,
              1.09,
              0
            ],
            "3.56": [
              0,
              1.125,
              0
            ],
            "3.96": [
              0,
              1.09,
              0
            ],
            "4.52": [
              0,
              0.955,
              0
            ],
            "5.04": [
              0,
              0.71,
              0
            ],
            "5.64": [
              0,
              0.275,
              0
            ],
            "6.16": [
              0,
              0.11,
              0
            ],
            "6.6": [
              0,
              0.04,
              0
            ],
            "6.76": [
              0,
              0,
              0
            ]
          }
        },
        "head": {
          "position": {
            "0.4": [
              0,
              0,
              0
            ],
            "0.84": [
              0,
              0.09,
              0
            ],
            "2.16": [
              0,
              0.54,
              0
            ],
            "3.12": [
              0,
              0.7,
              0
            ],
            "4.04": [
              0,
              0.58,
              0
            ],
            "6.04": [
              0,
              0.09,
              0
            ],
            "6.76": [
              0,
              0,
              0
            ]
          }
        },
        "leftArm": {
          "rotation": {
            "0.4": [
              0,
              0,
              0
            ],
            "3.2": [
              -1.54,
              0,
              -1.54
            ],
            "4.04": [
              -1.81,
              0,
              -1.81
            ],
            "4.56": [
              -1.5,
              0,
              -1.5
            ],
            "5.76": [
              -0.51,
              0,
              -0.51
            ],
            "6.76": [
              0,
              0,
              0
            ]
          },
          "position": {
            "0.4": [
              0,
              0,
              0
            ],
            "0.84": [
              0,
              0.09,
              0
            ],
            "2.16": [
              0,
              0.54,
              0
            ],
            "3.12": [
              0,
              0.7,
              0
            ],
            "4.04": [
              0,
              0.58,
              0
            ],
            "6.04": [
              0,
              0.09,
              0
            ],
            "6.76": [
              0,
              0,
              0
            ]
          }
        },
        "rightArm": {
          "position": {
            "0.4": [
              0,
              0,
              0
            ],
            "0.84": [
              0,
              -0.09,
              0
            ],
            "2.16": [
              0,
              -0.54,
              0
            ],
            "3.12": [
              0,
              -0.7,
              0
            ],
            "4.04": [
              0,
              -0.58,
              0
            ],
            "6.04": [
              0,
              -0.09,
              0
            ],
            "6.76": [
              0,
              0,
              0
            ]
          }
        },
        "leftLeg": {
          "position": {
            "0.4": [
              0,
              0,
              0
            ],
            "0.84": [
              0,
              -0.09,
              0
            ],
            "2.16": [
              0,
              -0.54,
              0
            ],
            "3.12": [
              0,
              -0.7,
              0
            ],
            "4.04": [
              0,
              -0.58,
              0
            ],
            "6.04": [
              0,
              -0.09,
              0
            ],
            "6.76": [
              0,
              0,
              0
            ]
          }
        },
        "rightLeg": {
          "position": {
            "1.32": [
              0,
              0,
              0
            ],
            "1.76": [
              0,
              0.09,
              0
            ],
            "2.8": [
              0,
              0.54,
              0
            ],
            "3.72": [
              0,
              0.7,
              0
            ],
            "4.52": [
              0,
              0.58,
              0
            ],
            "6.04": [
              0,
              0.09,
              0
            ],
            "6.76": [
              0,
              0,
              0
            ]
          }
        }
      }
    },
    "animation.hive.sonic.npc.sonic.idle.pose": {
      "loop": true,
      "bones": {
        "waist": {
          "rotation": [
            47.5,
            0,
            10
          ]
        },
        "body": {
          "rotation": [
            15,
            12.5,
            0
          ],
          "position": [
            0,
            0,
            -1
          ]
        },
        "head": {
          "rotation": [
            -57.5,
            -32.5,
            12.5
          ],
          "position": [
            -1.45,
            0,
            0
          ],
          "scale": 1.05
        },
        "rightBottomHair": {
          "position": [
            2,
            2,
            0
          ]
        },
        "pupils": {
          "position": [
            0,
            0.25,
            0
          ]
        },
        "leftPupil": {
          "position": [
            0.25,
            0,
            0
          ]
        },
        "leftArm": {
          "rotation": [
            -142.5,
            -50,
            10
          ],
          "position": [
            -0.25,
            -1.75,
            -0.25
          ]
        },
        "leftElbow": {
          "rotation": [
            -25,
            0,
            0
          ],
          "position": [
            0,
            -2,
            0
          ],
          "scale": [
            1.02,
            1,
            1
          ]
        },
        "leftHand": {
          "rotation": [
            -25,
            0,
            0
          ],
          "position": [
            0,
            0.5,
            0.25
          ],
          "scale": 1.1
        },
        "finger": {
          "position": [
            0.25,
            -3.5,
            -0.25
          ]
        },
        "rightArm": {
          "rotation": [
            32.5,
            -17.5,
            42.5
          ],
          "position": [
            0,
            -3,
            0.75
          ],
          "scale": [
            0.9,
            1,
            0.9
          ]
        },
        "rightHand": {
          "scale": [
            0.9,
            1,
            0.9
          ]
        },
        "leftLeg": {
          "rotation": [
            60,
            10,
            -5
          ],
          "position": [
            1.25,
            0,
            -0.275
          ],
          "scale": [
            0.8,
            1,
            0.8
          ]
        },
        "rightLeg": {
          "rotation": [
            -75,
            10,
            0
          ],
          "position": [
            -2.75,
            0.5,
            -3.5
          ],
          "scale": 1.1
        },
        "rightBack": {
          "rotation": [
            15,
            0,
            0
          ],
          "position": [
            0,
            0.5,
            1
          ],
          "scale": 1.2
        },
        "leftBack": {
          "rotation": [
            67.5,
            0,
            0
          ],
          "position": [
            0,
            3.825,
            0
          ]
        }
      }
    },
    "animation.hive.sonic.npc.sonic.idle.look.left": {
      "loop": "hold_on_last_frame",
      "animation_length": 6.36,
      "bones": {
        "head": {
          "rotation": {
            "0.0": [
              0,
              0,
              0
            ],
            "0.04": [
              0.56,
              -0.33,
              -0.11
            ],
            "0.12": [
              8.33,
              -5,
              -1.67
            ],
            "0.16": [
              6.67,
              -6.25,
              -2.08
            ],
            "0.24": [
              5.56,
              -7.08,
              -2.36
            ],
            "0.4": [
              5,
              -7.5,
              -2.5
            ],
            "2.32": [
              5,
              -7.5,
              -2.5
            ],
            "2.4": [
              5,
              -7.92,
              -2.08
            ],
            "2.56": [
              5,
              -9.58,
              -0.42
            ],
            "2.8": [
              5,
              -10,
              0
            ],
            "3.92": [
              5,
              -10,
              0
            ],
            "4.0": [
              5.25,
              -9.62,
              0
            ],
            "4.16": [
              5.5,
              -9.25,
              0
            ],
            "5.6": [
              5.5,
              -9.25,
              0
            ],
            "5.68": [
              6.63,
              -6.94,
              0
            ],
            "5.76": [
              5.82,
              -3.47,
              0
            ],
            "5.84": [
              0.94,
              -1.16,
              0
            ],
            "5.92": [
              -0.69,
              -0.39,
              0
            ],
            "6.0": [
              -1.5,
              0,
              0
            ],
            "6.08": [
              -0.5,
              0,
              0
            ],
            "6.16": [
              -0.25,
              0,
              0
            ],
            "6.36": [
              0,
              0,
              0
            ]
          }
        },
        "rightEar": {
          "rotation": {
            "0.08": [
              0,
              0,
              0
            ],
            "0.12": [
              -10,
              0,
              0
            ],
            "0.16": [
              2.5,
              0,
              0
            ],
            "0.2": [
              17.5,
              0,
              0
            ],
            "0.36": [
              0,
              0,
              0
            ]
          }
        },
        "leftEar": {
          "rotation": {
            "0.04": [
              0,
              0,
              0
            ],
            "0.08": [
              -10,
              0,
              0
            ],
            "0.12": [
              2.5,
              0,
              0
            ],
            "0.16": [
              17.5,
              0,
              0
            ],
            "0.32": [
              0,
              0,
              0
            ]
          }
        },
        "eye": {
          "scale": {
            "0.0": [
              1,
              1,
              1
            ],
            "0.08": [
              1,
              0.9,
              1
            ],
            "0.12": [
              1,
              0.3,
              1
            ],
            "0.16": [
              1,
              0,
              1
            ],
            "0.2": [
              1,
              1.03,
              1
            ],
            "0.4": [
              1,
              1,
              1
            ],
            "2.4": [
              1,
              1,
              1
            ],
            "2.48": [
              1,
              1.0267,
              1
            ],
            "2.6": [
              1,
              1.04,
              1
            ],
            "3.92": [
              1,
              1.04,
              1
            ],
            "4.0": [
              1,
              1.0133,
              1
            ],
            "4.08": [
              1,
              1.0044,
              1
            ],
            "4.2": [
              1,
              1,
              1
            ],
            "5.6": [
              1,
              1,
              1
            ],
            "5.68": [
              1,
              0.925,
              1
            ],
            "5.76": [
              1,
              0,
              1
            ],
            "5.88": [
              1,
              1.01,
              1
            ],
            "5.96": [
              1,
              1,
              1
            ]
          }
        },
        "pupils": {
          "position": {
            "0.0": [
              0,
              0,
              0
            ],
            "1.32": [
              0,
              0,
              0
            ],
            "1.4": [
              -0.05,
              0,
              0
            ],
            "1.6": [
              -0.08,
              0,
              0
            ],
            "2.4": [
              -0.08,
              0,
              0
            ],
            "2.56": [
              0,
              0,
              0
            ],
            "3.92": [
              0,
              0,
              0
            ],
            "4.0": [
              -0.03,
              0,
              0
            ],
            "4.12": [
              -0.05,
              0,
              0
            ],
            "5.6": [
              -0.05,
              0,
              0
            ],
            "5.88": [
              0,
              0,
              0
            ]
          }
        },
        "leftPupil": {
          "position": {
            "0.08": [
              0,
              0,
              0
            ],
            "0.12": [
              0,
              0,
              0
            ],
            "0.16": [
              0.425,
              0,
              0
            ],
            "0.2": [
              0.46,
              0,
              0
            ],
            "0.32": [
              0.5,
              0,
              0
            ],
            "2.4": [
              0.5,
              0,
              0
            ],
            "2.48": [
              0.59,
              0,
              0
            ],
            "2.56": [
              0.625,
              0,
              0
            ],
            "3.92": [
              0.63,
              0,
              0
            ],
            "4.04": [
              0.5,
              0,
              0
            ],
            "5.6": [
              0.5,
              0,
              0
            ],
            "5.64": [
              0.43,
              0,
              0
            ],
            "5.72": [
              0.14,
              0,
              0
            ],
            "5.88": [
              0,
              0,
              0
            ]
          }
        },
        "body": {
          "rotation": {
            "0.04": [
              0,
              0,
              0
            ],
            "0.24": [
              0,
              -2,
              0
            ],
            "5.6": [
              0,
              -2,
              0
            ],
            "5.92": [
              0,
              0,
              0
            ]
          }
        }
      }
    },
    "animation.hive.sonic.npc.sonic.idle.look.down": {
      "animation_length": 4.84,
      "bones": {
        "body": {
          "rotation": {
            "0.08": [
              0,
              0,
              0
            ],
            "0.24": [
              0,
              3,
              0
            ],
            "0.56": [
              0,
              4,
              0
            ],
            "2.24": [
              0,
              4,
              0
            ],
            "2.52": [
              0,
              2.13,
              0
            ],
            "4.16": [
              0,
              2.13,
              0
            ],
            "4.28": [
              0,
              1.52,
              0
            ],
            "4.44": [
              0,
              0,
              0
            ]
          }
        },
        "head": {
          "rotation": {
            "0.0": [
              0,
              0,
              0
            ],
            "0.04": [
              -0.88,
              0,
              0
            ],
            "0.08": [
              -1.7,
              0,
              0
            ],
            "0.2": [
              3.12,
              3.75,
              -1.87
            ],
            "0.36": [
              4.25,
              4.5,
              -2.25
            ],
            "0.68": [
              5,
              5,
              -2.5
            ],
            "2.16": [
              5,
              5,
              -2.5
            ],
            "2.24": [
              5.31,
              4.37,
              -2.19
            ],
            "2.36": [
              6.77,
              1.46,
              -0.73
            ],
            "2.52": [
              7.26,
              0.49,
              -0.24
            ],
            "2.72": [
              7.5,
              0,
              0
            ],
            "4.12": [
              7.5,
              0,
              0
            ],
            "4.32": [
              6.3,
              0,
              0
            ],
            "4.44": [
              -1,
              0,
              0
            ],
            "4.6": [
              0,
              0,
              0
            ],
            "4.84": [
              0,
              0,
              0
            ]
          }
        },
        "eye": {
          "position": [
            0,
            0,
            0
          ],
          "scale": {
            "0.12": [
              1,
              1,
              1
            ],
            "0.16": [
              1,
              0.8,
              1
            ],
            "0.2": [
              1,
              0.6,
              1
            ],
            "0.32": [
              1,
              0.92,
              1
            ],
            "0.56": [
              1,
              0.9733,
              1
            ],
            "0.8": [
              1,
              1,
              1
            ],
            "2.24": [
              1,
              1,
              1
            ],
            "2.36": [
              1,
              0.9,
              1
            ],
            "2.44": [
              1,
              0.95,
              1
            ],
            "2.6": [
              1,
              1,
              1
            ]
          }
        },
        "pupils": {
          "position": {
            "0.0": [
              0,
              0,
              0
            ],
            "0.12": [
              0,
              0,
              0
            ],
            "0.2": [
              -0.45,
              -0.15,
              0
            ],
            "2.24": [
              -0.45,
              -0.15,
              0
            ],
            "2.44": [
              0.015,
              -0.14,
              0
            ],
            "4.4": [
              0.015,
              -0.14,
              0
            ],
            "4.52": [
              0,
              0.1,
              0
            ],
            "4.68": [
              0,
              0,
              0
            ]
          }
        }
      }
    },
    "animation.hive.sonic.npc.sonic.idle.look.up": {
      "animation_length": 4.88,
      "bones": {
        "body": {
          "rotation": {
            "0.12": [
              0,
              0,
              0
            ],
            "0.28": [
              -2.17,
              0,
              0
            ],
            "0.48": [
              -3.25,
              0,
              0
            ],
            "4.16": [
              -3.25,
              0,
              0
            ],
            "4.48": [
              0,
              0,
              0
            ]
          }
        },
        "head": {
          "rotation": {
            "0.0": [
              0,
              0,
              0
            ],
            "0.08": [
              1.88,
              0,
              0
            ],
            "0.12": [
              2.5,
              0,
              0
            ],
            "0.24": [
              -3.12,
              -3.75,
              -1.87
            ],
            "0.4": [
              -4.25,
              -4.5,
              -2.25
            ],
            "0.72": [
              -5,
              -5,
              -2.5
            ],
            "2.2": [
              -5,
              -5,
              -2.5
            ],
            "2.24": [
              -5.31,
              -4.37,
              -2.19
            ],
            "2.4": [
              -6.77,
              -1.46,
              -0.73
            ],
            "2.56": [
              -7.26,
              -0.49,
              -0.24
            ],
            "2.76": [
              -7.5,
              0,
              0
            ],
            "4.16": [
              -7.5,
              0,
              0
            ],
            "4.36": [
              -6.3,
              0,
              0
            ],
            "4.48": [
              1,
              0,
              0
            ],
            "4.64": [
              0,
              0,
              0
            ],
            "4.88": [
              0,
              0,
              0
            ]
          }
        },
        "eye": {
          "scale": {
            "0.12": [
              1,
              1,
              1
            ],
            "0.16": [
              1,
              0.8,
              1
            ],
            "0.2": [
              1,
              0.6,
              1
            ],
            "0.32": [
              1,
              0.92,
              1
            ],
            "0.56": [
              1,
              0.9733,
              1
            ],
            "0.8": [
              1,
              1,
              1
            ],
            "2.24": [
              1,
              1,
              1
            ],
            "2.36": [
              1,
              0.9,
              1
            ],
            "2.44": [
              1,
              0.95,
              1
            ],
            "2.6": [
              1,
              1,
              1
            ]
          }
        },
        "pupils": {
          "position": {
            "0.0": [
              0,
              0,
              0
            ],
            "4.4": [
              0,
              0,
              0
            ],
            "4.52": [
              0,
              -0.12,
              0
            ],
            "4.64": [
              0,
              -0.06,
              0
            ],
            "4.76": [
              0,
              0,
              0
            ]
          }
        }
      }
    }
  }
}