{
  "format_version": "1.8.0",
  "animations": {
    "animation.hive.sonic.hub.npc.tails.idleMain": {
      "loop": true,
      "bones": {
        "leftLeg": {
          "rotation": [
            -90,
            -5,
            0
          ]
        },
        "rightLeg": {
          "rotation": [
            -90,
            5,
            0
          ]
        },
        "waist": {
          "rotation": [
            -15,
            0,
            2.5
          ],
          "position": [
            0,
            -2,
            -1.5
          ]
        },
        "leftArm": {
          "rotation": [
            20,
            -25,
            -22.5
          ],
          "position": [
            0.25,
            -0.25,
            0
          ]
        },
        "tail": {
          "rotation": [
            35.5,
            0,
            0
          ],
          "position": [
            0,
            2,
            0
          ]
        },
        "tail2": {
          "rotation": [
            35,
            0,
            0
          ],
          "position": [
            0,
            1.75,
            0
          ]
        },
        "leftHand": {
          "rotation": [
            -88.5,
            0,
            9.5
          ],
          "position": [
            0,
            -0.825,
            1.5
          ]
        },
        "pos": {
          "position": [
            0,
            -10,
            0
          ]
        },
        "rightArm": {
          "rotation": [
            -12.5,
            0,
            5
          ]
        },
        "rightHand": {
          "rotation": [
            -27.5,
            0,
            0
          ],
          "position": [
            0,
            0.5,
            0
          ]
        }
      }
    },
    "animation.hive.sonic.hub.npc.tails.legSwing": {
      "loop": true,
      "animation_length": 3.6,
      "bones": {
        "leftLeg": {
          "rotation": {
            "0.0": [
              0,
              0,
              0
            ],
            "0.16": [
              0.24,
              0,
              0
            ],
            "0.4": [
              1.86,
              0,
              0
            ],
            "0.88": [
              11.09,
              0,
              0
            ],
            "1.04": [
              12.17,
              0,
              0
            ],
            "1.24": [
              12.98,
              0,
              0
            ],
            "1.52": [
              13.5,
              0,
              0
            ],
            "1.64": [
              13.5,
              0,
              0
            ],
            "1.92": [
              12.98,
              0,
              0
            ],
            "2.12": [
              12.17,
              0,
              0
            ],
            "2.28": [
              10.09,
              0,
              0
            ],
            "2.76": [
              2.31,
              0,
              0
            ],
            "3.04": [
              0.69,
              0,
              0
            ],
            "3.36": [
              0.05,
              0,
              0
            ],
            "3.6": [
              0,
              0,
              0
            ]
          }
        },
        "leftFoot": {
          "rotation": {
            "0.0": [
              0,
              0,
              0
            ],
            "0.56": [
              -2.5,
              0,
              0
            ],
            "2.4": [
              2.5,
              0,
              0
            ],
            "2.76": [
              3.08,
              0,
              0
            ],
            "3.6": [
              0,
              0,
              0
            ]
          },
          "position": [
            0,
            0.25,
            0
          ]
        },
        "rightLeg": {
          "rotation": {
            "0.0": [
              12.17,
              0,
              0
            ],
            "0.2": [
              10.09,
              0,
              0
            ],
            "0.68": [
              2.31,
              0,
              0
            ],
            "0.92": [
              0.69,
              0,
              0
            ],
            "1.28": [
              0.05,
              0,
              0
            ],
            "1.52": [
              0,
              0,
              0
            ],
            "1.64": [
              0,
              0,
              0
            ],
            "1.8": [
              0.24,
              0,
              0
            ],
            "2.04": [
              1.86,
              0,
              0
            ],
            "2.52": [
              11.09,
              0,
              0
            ],
            "2.68": [
              12.17,
              0,
              0
            ],
            "2.88": [
              12.98,
              0,
              0
            ],
            "3.24": [
              13.5,
              0,
              0
            ],
            "3.36": [
              13.5,
              0,
              0
            ],
            "3.6": [
              12.17,
              0,
              0
            ]
          }
        },
        "rightFoot": {
          "rotation": {
            "0.0": [
              0,
              0,
              0
            ],
            "0.56": [
              2.5,
              0,
              0
            ],
            "2.24": [
              -2.5,
              0,
              0
            ],
            "2.6": [
              -3.08,
              0,
              0
            ],
            "3.6": [
              0,
              0,
              0
            ]
          },
          "position": [
            0,
            0.25,
            0
          ]
        }
      }
    },
    "animation.hive.sonic.hub.npc.tails.tailSway": {
      "loop": true,
      "animation_length": 3.84,
      "bones": {
        "tail": {
          "rotation": {
            "0.0": [
              0,
              0,
              0
            ],
            "0.24": [
              0,
              -0.15,
              0
            ],
            "0.44": [
              0,
              -0.36,
              0
            ],
            "0.6": [
              0,
              -0.87,
              0
            ],
            "0.92": [
              0,
              -3.45,
              0
            ],
            "1.4": [
              0,
              -4.48,
              0
            ],
            "1.8": [
              0,
              -4.675,
              0
            ],
            "2.2": [
              0,
              -4.48,
              0
            ],
            "2.68": [
              0,
              -3.45,
              0
            ],
            "3.16": [
              0,
              -0.385,
              0
            ],
            "3.36": [
              0,
              -0.11,
              0
            ],
            "3.6": [
              0,
              0,
              0
            ]
          }
        },
        "bone": {
          "rotation": {
            "0.0": [
              0,
              -1.85,
              0
            ],
            "0.32": [
              0,
              -0.5,
              0
            ],
            "0.56": [
              0,
              0,
              0
            ],
            "0.88": [
              0,
              -0.15,
              0
            ],
            "1.88": [
              0,
              -4.745,
              0
            ],
            "2.2": [
              0,
              -5,
              0
            ],
            "2.52": [
              0,
              -4.68,
              0
            ],
            "3.6": [
              0,
              -2.755,
              0
            ],
            "3.84": [
              0,
              -1.85,
              0
            ]
          }
        },
        "tail2": {
          "rotation": {
            "0.0": [
              0,
              3.29,
              0
            ],
            "0.44": [
              0,
              1.85,
              0
            ],
            "1.2": [
              0,
              0.5,
              0
            ],
            "1.44": [
              0,
              0.35,
              0
            ],
            "1.88": [
              0,
              0.925,
              0
            ],
            "2.88": [
              0,
              4.67,
              0
            ],
            "3.08": [
              0,
              5,
              0
            ],
            "3.24": [
              0,
              4.915,
              0
            ],
            "3.84": [
              0,
              3.29,
              0
            ]
          }
        },
        "bone2": {
          "rotation": {
            "0.0": [
              0,
              0.385,
              0
            ],
            "0.2": [
              0,
              0.11,
              0
            ],
            "0.44": [
              0,
              0,
              0
            ],
            "0.88": [
              0,
              0,
              0
            ],
            "1.12": [
              0,
              0.15,
              0
            ],
            "1.32": [
              0,
              0.36,
              0
            ],
            "1.48": [
              0,
              0.87,
              0
            ],
            "1.8": [
              0,
              3.45,
              0
            ],
            "2.28": [
              0,
              4.48,
              0
            ],
            "2.68": [
              0,
              4.675,
              0
            ],
            "3.08": [
              0,
              4.48,
              0
            ],
            "3.44": [
              0,
              3.45,
              0
            ],
            "3.84": [
              0,
              0.385,
              0
            ]
          }
        }
      }
    },
    "animation.hive.sonic.hub.npc.tails.lookRight": {
      "loop": true,
      "animation_length": 4,
      "bones": {
        "body": {
          "rotation": {
            "0.24": [
              0,
              0,
              0
            ],
            "0.32": [
              0,
              0.63,
              0
            ],
            "0.48": [
              0,
              1.7,
              0
            ],
            "0.72": [
              0,
              2.5,
              0
            ],
            "1.64": [
              0,
              2.5,
              0
            ],
            "1.76": [
              -0.6,
              2.5,
              0
            ],
            "1.92": [
              -1,
              2.5,
              0
            ],
            "3.4": [
              -1,
              2.5,
              0
            ],
            "3.52": [
              -0.89,
              2.22,
              0
            ],
            "3.6": [
              -0.3,
              0.74,
              0
            ],
            "3.72": [
              -0.07,
              0.18,
              0
            ],
            "3.84": [
              0,
              0,
              0
            ]
          },
          "position": {
            "1.64": [
              0,
              0,
              0
            ],
            "1.76": [
              0,
              0,
              0.07
            ],
            "1.92": [
              0,
              0,
              0.12
            ],
            "3.4": [
              0,
              0,
              0.12
            ],
            "3.52": [
              0,
              0,
              0.11
            ],
            "3.6": [
              0,
              0,
              0.04
            ],
            "3.72": [
              0,
              0,
              0.01
            ],
            "3.84": [
              0,
              0,
              0
            ]
          }
        },
        "head": {
          "rotation": {
            "0.0": [
              0,
              0,
              0
            ],
            "0.24": [
              0,
              0,
              0
            ],
            "0.32": [
              -0.1,
              0.62,
              0
            ],
            "0.4": [
              -0.31,
              1.87,
              0
            ],
            "0.52": [
              -2.06,
              12.37,
              0
            ],
            "0.6": [
              -2.28,
              13.68,
              0
            ],
            "0.72": [
              -2.5,
              15,
              0
            ],
            "1.64": [
              -2.5,
              15,
              0
            ],
            "1.72": [
              -2.88,
              15.38,
              0
            ],
            "1.8": [
              -4.15,
              16.65,
              0
            ],
            "2.0": [
              -5,
              17.5,
              0
            ],
            "3.28": [
              -5,
              17.5,
              0
            ],
            "3.44": [
              -4.58,
              16.04,
              0
            ],
            "3.48": [
              -4.01,
              14.03,
              0
            ],
            "3.56": [
              -1.72,
              6.01,
              0
            ],
            "3.68": [
              -0.69,
              2.4,
              0
            ],
            "3.84": [
              -0.23,
              0.8,
              0
            ],
            "4.0": [
              0,
              0,
              0
            ]
          }
        },
        "leftEar": {
          "rotation": {
            "0.24": [
              0,
              0,
              0
            ],
            "0.4": [
              0,
              -7.5,
              0
            ],
            "0.64": [
              1.75,
              -2.25,
              0
            ],
            "0.72": [
              2.5,
              0,
              0
            ],
            "0.92": [
              1,
              0,
              0
            ],
            "1.2": [
              0,
              0,
              0
            ],
            "1.64": [
              0,
              0,
              0
            ],
            "1.76": [
              2,
              0,
              0
            ],
            "1.84": [
              -1.33,
              0,
              0
            ],
            "2.0": [
              -3,
              0,
              0
            ],
            "2.28": [
              -2.16,
              0,
              0
            ],
            "3.48": [
              -2.16,
              0,
              0
            ],
            "3.64": [
              0,
              0,
              0
            ]
          }
        },
        "rightEar": {
          "rotation": {
            "0.24": [
              0,
              0,
              0
            ],
            "0.4": [
              0,
              7.5,
              0
            ],
            "0.64": [
              1.75,
              2.25,
              0
            ],
            "0.72": [
              2.5,
              0,
              0
            ],
            "0.92": [
              1,
              0,
              0
            ],
            "1.2": [
              0,
              0,
              0
            ],
            "1.64": [
              0,
              0,
              0
            ],
            "1.76": [
              2,
              0,
              0
            ],
            "1.84": [
              -1.33,
              0,
              0
            ],
            "2.0": [
              -3,
              0,
              0
            ],
            "2.28": [
              -2.16,
              0,
              0
            ],
            "3.48": [
              -2.16,
              0,
              0
            ],
            "3.64": [
              0,
              0,
              0
            ]
          }
        },
        "eyes": {
          "position": {
            "1.68": [
              0,
              0,
              0
            ],
            "1.88": [
              0,
              0.2,
              0
            ],
            "3.28": [
              0,
              0.2,
              0
            ],
            "3.48": [
              -0.1,
              0.2,
              0
            ],
            "3.6": [
              0,
              0,
              0
            ]
          },
          "scale": {
            "0.4": [
              1,
              1,
              1
            ],
            "0.48": [
              1,
              0.8,
              1
            ],
            "0.6": [
              1,
              1.03,
              1
            ],
            "0.72": [
              1,
              1,
              1
            ]
          }
        },
        "rightEye": {
          "position": {
            "0.4": [
              0,
              0,
              0
            ],
            "0.52": [
              -0.5,
              0,
              0
            ],
            "3.48": [
              -0.5,
              0,
              0
            ],
            "3.56": [
              -0.17,
              0,
              0
            ],
            "3.8": [
              0,
              0,
              0
            ]
          }
        }
      }
    },
    "animation.hive.sonic.hub.npc.tails.lookLeft": {
      "loop": true,
      "animation_length": 4,
      "bones": {
        "body": {
          "rotation": {
            "0.24": [
              0,
              0,
              0
            ],
            "0.32": [
              0,
              0.63,
              0
            ],
            "0.48": [
              0,
              1.7,
              0
            ],
            "0.72": [
              0,
              2.5,
              0
            ],
            "1.64": [
              0,
              2.5,
              0
            ],
            "1.76": [
              -0.6,
              2.5,
              0
            ],
            "1.92": [
              -1,
              2.5,
              0
            ],
            "3.4": [
              -1,
              2.5,
              0
            ],
            "3.52": [
              -0.89,
              2.22,
              0
            ],
            "3.6": [
              -0.3,
              0.74,
              0
            ],
            "3.72": [
              -0.07,
              0.18,
              0
            ],
            "3.84": [
              0,
              0,
              0
            ]
          },
          "position": {
            "1.64": [
              0,
              0,
              0
            ],
            "1.76": [
              0,
              0,
              0.07
            ],
            "1.92": [
              0,
              0,
              0.12
            ],
            "3.4": [
              0,
              0,
              0.12
            ],
            "3.52": [
              0,
              0,
              0.11
            ],
            "3.6": [
              0,
              0,
              0.04
            ],
            "3.72": [
              0,
              0,
              0.01
            ],
            "3.84": [
              0,
              0,
              0
            ]
          }
        },
        "head": {
          "rotation": {
            "0.0": [
              0,
              0,
              0
            ],
            "0.24": [
              0,
              0,
              0
            ],
            "0.32": [
              -0.1,
              -0.62,
              0
            ],
            "0.4": [
              -0.31,
              -1.87,
              0
            ],
            "0.52": [
              -2.06,
              -12.37,
              0
            ],
            "0.6": [
              -2.28,
              -13.68,
              0
            ],
            "0.72": [
              -2.5,
              -15,
              0
            ],
            "1.64": [
              -2.5,
              -15,
              0
            ],
            "1.72": [
              -2.88,
              -15.38,
              0
            ],
            "1.8": [
              -4.15,
              -16.65,
              0
            ],
            "2.0": [
              -5,
              -17.5,
              0
            ],
            "3.28": [
              -5,
              -17.5,
              0
            ],
            "3.44": [
              -4.58,
              -16.04,
              0
            ],
            "3.48": [
              -4.01,
              -14.03,
              0
            ],
            "3.56": [
              -1.72,
              -6.01,
              0
            ],
            "3.68": [
              -0.69,
              -2.4,
              0
            ],
            "3.84": [
              -0.23,
              -0.8,
              0
            ],
            "4.0": [
              0,
              0,
              0
            ]
          }
        },
        "leftEar": {
          "rotation": {
            "0.24": [
              0,
              0,
              0
            ],
            "0.4": [
              0,
              7.5,
              0
            ],
            "0.64": [
              1.75,
              2.25,
              0
            ],
            "0.72": [
              2.5,
              0,
              0
            ],
            "0.92": [
              1,
              0,
              0
            ],
            "1.2": [
              0,
              0,
              0
            ],
            "1.64": [
              0,
              0,
              0
            ],
            "1.76": [
              2,
              0,
              0
            ],
            "1.84": [
              -1.33,
              0,
              0
            ],
            "2.0": [
              -3,
              0,
              0
            ],
            "2.28": [
              -2.16,
              0,
              0
            ],
            "3.48": [
              -2.16,
              0,
              0
            ],
            "3.64": [
              0,
              0,
              0
            ]
          }
        },
        "rightEar": {
          "rotation": {
            "0.24": [
              0,
              0,
              0
            ],
            "0.4": [
              0,
              7.5,
              0
            ],
            "0.64": [
              1.75,
              2.25,
              0
            ],
            "0.72": [
              2.5,
              0,
              0
            ],
            "0.92": [
              1,
              0,
              0
            ],
            "1.2": [
              0,
              0,
              0
            ],
            "1.64": [
              0,
              0,
              0
            ],
            "1.76": [
              2,
              0,
              0
            ],
            "1.84": [
              -1.33,
              0,
              0
            ],
            "2.0": [
              -3,
              0,
              0
            ],
            "2.28": [
              -2.16,
              0,
              0
            ],
            "3.48": [
              -2.16,
              0,
              0
            ],
            "3.64": [
              0,
              0,
              0
            ]
          }
        },
        "eyes": {
          "position": {
            "1.68": [
              0,
              0,
              0
            ],
            "1.88": [
              0,
              0.2,
              0
            ],
            "3.28": [
              0,
              0.2,
              0
            ],
            "3.48": [
              -0.1,
              0.2,
              0
            ],
            "3.6": [
              0,
              0,
              0
            ]
          },
          "scale": {
            "0.4": [
              1,
              1,
              1
            ],
            "0.48": [
              1,
              0.8,
              1
            ],
            "0.6": [
              1,
              1.03,
              1
            ],
            "0.72": [
              1,
              1,
              1
            ]
          }
        },
        "quiff": {
          "rotation": {
            "1.68": [
              0,
              0,
              0
            ],
            "1.8": [
              5,
              0,
              0
            ],
            "2.08": [
              1.27,
              0,
              0
            ],
            "2.2": [
              2.23,
              0,
              0
            ],
            "2.32": [
              2.71,
              0,
              0
            ],
            "2.44": [
              2.87,
              0,
              0
            ],
            "3.48": [
              2.87,
              0,
              0
            ],
            "3.64": [
              0,
              0,
              0
            ]
          }
        },
        "leftEye": {
          "position": {
            "0.4": [
              0,
              0,
              0
            ],
            "0.52": [
              0.5,
              0,
              0
            ],
            "3.48": [
              0.5,
              0,
              0
            ],
            "3.56": [
              0.17,
              0,
              0
            ],
            "3.8": [
              0,
              0,
              0
            ]
          }
        }
      }
    }
  }
}