{
  "format_version": "1.10.0",
  "animation_controllers": {
    "controller.animation.hive.sonic.bpg.sign.idle": {
      "states": {
        "default": {
          "animations": [
            "idle"
          ]
        }
      }
    },
    "controller.animation.hive.sonic.bpg.sign.spin": {
      "states": {
        "default": {
          "animations": [
            "spinWait"
          ],
          "transitions": [
            {
              "spin1": "query.variant \u003d\u003d 1"
            },
            {
              "spin2": "query.variant \u003d\u003d 2"
            },
            {
              "spin3": "query.variant \u003d\u003d 3"
            }
          ]
        },
        "spin1": {
          "animations": [
            "spin1"
          ],
          "transitions": [
            {
              "default": "query.variant !\u003d 1"
            }
          ]
        },
        "spin2": {
          "animations": [
            "spin2"
          ],
          "transitions": [
            {
              "default": "query.variant !\u003d 2"
            }
          ]
        },
        "spin3": {
          "animations": [
            "spin3"
          ],
          "transitions": [
            {
              "default": "query.variant !\u003d 3"
            }
          ]
        }
      }
    }
  }
}