{
  "format_version": "1.10.0",
  "animation_controllers": {
    "controller.animation.hive.sonic.bpg.sonic.base": {
      "states": {
        "default": {
          "animations": [
            "base"
          ]
        }
      }
    },
    "controller.animation.hive.sonic.bpg.sonic.main": {
      "states": {
        "default": {
          "animations": [
            "leanBase",
            "leanIdle"
          ],
          "transitions": [
            {
              "lean_look_left": "query.variant \u003d\u003d 1"
            },
            {
              "lean_look_up": "query.variant \u003d\u003d 2"
            },
            {
              "lean_wave": "query.variant \u003d\u003d 3"
            },
            {
              "event": "query.variant \u003d\u003d 4"
            }
          ]
        },
        "lean_look_left": {
          "animations": [
            "leanLookLeft"
          ],
          "transitions": [
            {
              "default": "query.is_baby || query.all_animations_finished"
            }
          ]
        },
        "lean_look_up": {
          "animations": [
            "leanLookUp"
          ],
          "transitions": [
            {
              "default": "query.is_baby || query.all_animations_finished"
            }
          ]
        },
        "lean_wave": {
          "animations": [
            "leanWave"
          ],
          "transitions": [
            {
              "default": "query.is_baby || query.all_animations_finished"
            }
          ]
        },
        "event": {
          "animations": [
            "event"
          ]
        }
      }
    }
  }
}