{
  "format_version": "1.8.0",
  "animations": {
    "animation.hive.sonic.projectile.rocket.spawn": {
      "loop": "hold_on_last_frame",
      "animation_length": 0.24,
      "bones": {
        "rear": {
          "scale": {
            "0.0": [
              1,
              0.3,
              0.1
            ],
            "0.05": [
              1,
              0.45,
              0.4
            ],
            "0.09": [
              1,
              0.6,
              0.7
            ],
            "0.13": [
              1,
              1,
              1
            ],
            "0.17": [
              1,
              0.88,
              0.88
            ],
            "0.24": [
              1,
              1,
              1
            ]
          }
        }
      }
    },
    "animation.hive.sonic.projectile.rocket.idle": {
      "loop": true,
      "animation_length": 2.36,
      "bones": {
        "rear": {
          "position": {
            "0.0": [
              0,
              0.375,
              0
            ],
            "0.04": [
              -0.275,
              0,
              0
            ],
            "0.12": [
              0.225,
              0.45,
              0
            ],
            "0.2": [
              -0.275,
              0,
              0
            ],
            "0.28": [
              0.225,
              0.45,
              0
            ],
            "0.36": [
              -0.275,
              0,
              0
            ],
            "0.44": [
              0.225,
              0.45,
              0
            ],
            "0.52": [
              -0.275,
              0,
              0
            ],
            "0.6": [
              0.225,
              0.45,
              0
            ],
            "0.68": [
              -0.275,
              0,
              0
            ],
            "0.76": [
              0.225,
              0.45,
              0
            ],
            "0.84": [
              -0.275,
              0,
              0
            ],
            "0.92": [
              0.225,
              0.45,
              0
            ],
            "1.0": [
              -0.275,
              0,
              0
            ],
            "1.08": [
              0.225,
              0.45,
              0
            ],
            "1.16": [
              -0.275,
              0,
              0
            ],
            "1.24": [
              0.225,
              0.45,
              0
            ],
            "1.32": [
              -0.275,
              0,
              0
            ],
            "1.4": [
              0.225,
              0.45,
              0
            ],
            "1.48": [
              -0.275,
              0,
              0
            ],
            "1.56": [
              0.225,
              0.45,
              0
            ],
            "1.64": [
              -0.275,
              0,
              0
            ],
            "1.72": [
              0.225,
              0.45,
              0
            ],
            "1.8": [
              -0.275,
              0,
              0
            ],
            "1.88": [
              0.225,
              0.45,
              0
            ],
            "1.96": [
              -0.275,
              0,
              0
            ],
            "2.04": [
              0.225,
              0.45,
              0
            ],
            "2.12": [
              -0.275,
              0,
              0
            ],
            "2.2": [
              0.225,
              0.45,
              0
            ],
            "2.28": [
              -0.275,
              0,
              0
            ],
            "2.36": [
              0,
              0.375,
              0
            ]
          }
        },
        "flame": {
          "rotation": {
            "0.0": [
              0,
              0,
              0
            ],
            "2.36": [
              0,
              0,
              "-360 * 2"
            ]
          },
          "scale": {
            "0.0": [
              1,
              1,
              1
            ],
            "0.04": [
              1,
              1,
              0.93
            ],
            "0.08": [
              1,
              1,
              1.04
            ],
            "0.12": [
              1,
              1,
              0.985
            ],
            "0.16": [
              1,
              1,
              1
            ],
            "0.2": [
              1,
              1,
              0.93
            ],
            "0.24": [
              1,
              1,
              1.04
            ],
            "0.28": [
              1,
              1,
              0.985
            ],
            "0.32": [
              1,
              1,
              1
            ],
            "0.36": [
              1,
              1,
              0.93
            ],
            "0.4": [
              1,
              1,
              1.04
            ],
            "0.44": [
              1,
              1,
              0.985
            ],
            "0.48": [
              1,
              1,
              1
            ],
            "0.52": [
              1,
              1,
              0.93
            ],
            "0.56": [
              1,
              1,
              1.04
            ],
            "0.6": [
              1,
              1,
              0.985
            ],
            "0.64": [
              1,
              1,
              1
            ],
            "0.68": [
              1,
              1,
              0.93
            ],
            "0.72": [
              1,
              1,
              1.04
            ],
            "0.76": [
              1,
              1,
              0.985
            ],
            "0.8": [
              1,
              1,
              1
            ],
            "0.84": [
              1,
              1,
              0.93
            ],
            "0.88": [
              1,
              1,
              1.04
            ],
            "0.92": [
              1,
              1,
              0.985
            ],
            "0.96": [
              1,
              1,
              1
            ],
            "1.0": [
              1,
              1,
              0.93
            ],
            "1.04": [
              1,
              1,
              1.04
            ],
            "1.08": [
              1,
              1,
              0.985
            ],
            "1.12": [
              1,
              1,
              1
            ],
            "1.16": [
              1,
              1,
              0.93
            ],
            "1.2": [
              1,
              1,
              1.04
            ],
            "1.24": [
              1,
              1,
              0.985
            ],
            "1.28": [
              1,
              1,
              1
            ],
            "1.32": [
              1,
              1,
              0.93
            ],
            "1.36": [
              1,
              1,
              1.04
            ],
            "1.4": [
              1,
              1,
              0.985
            ],
            "1.44": [
              1,
              1,
              1
            ],
            "1.48": [
              1,
              1,
              0.93
            ],
            "1.52": [
              1,
              1,
              1.04
            ],
            "1.56": [
              1,
              1,
              0.985
            ],
            "1.6": [
              1,
              1,
              1
            ],
            "1.64": [
              1,
              1,
              0.93
            ],
            "1.68": [
              1,
              1,
              1.04
            ],
            "1.72": [
              1,
              1,
              0.985
            ],
            "1.76": [
              1,
              1,
              1
            ],
            "1.8": [
              1,
              1,
              0.93
            ],
            "1.84": [
              1,
              1,
              1.04
            ],
            "1.88": [
              1,
              1,
              0.985
            ],
            "1.92": [
              1,
              1,
              1
            ],
            "1.96": [
              1,
              1,
              0.93
            ],
            "2.0": [
              1,
              1,
              1.04
            ],
            "2.04": [
              1,
              1,
              0.985
            ],
            "2.08": [
              1,
              1,
              1
            ],
            "2.12": [
              1,
              1,
              0.93
            ],
            "2.16": [
              1,
              1,
              1.04
            ],
            "2.2": [
              1,
              1,
              0.985
            ],
            "2.24": [
              1,
              1,
              1
            ],
            "2.28": [
              1,
              1,
              0.93
            ],
            "2.32": [
              1,
              1,
              1.04
            ],
            "2.36": [
              1,
              1,
              0.985
            ]
          }
        }
      }
    },
    "animation.hive.sonic.projectile.rocket.despawn": {
      "loop": "hold_on_last_frame",
      "animation_length": 0.28,
      "bones": {
        "front": {
          "scale": {
            "0.0": [
              1,
              1,
              1
            ],
            "0.08": [
              1,
              0.9818,
              0.9546
            ],
            "0.16": [
              1,
              0.8,
              0.5
            ],
            "0.24": [
              1,
              0.5,
              0.1
            ],
            "0.28": [
              0.6,
              0,
              0
            ]
          }
        }
      }
    }
  }
}