{
  "format_version": "1.8.0",
  "minecraft:client_entity": {
    "description": {
      "identifier": "hive:hub_npc_sonic",
      "materials": {
        "default": "entity_alphatest"
      },
      "textures": {
        "default": "textures/entity/hive/sonic/hub/npc_sonic"
      },
      "geometry": {
        "default": "geometry.hive.sonic.hub.npc.sonic"
      },
      "scripts": {
        "scale": 1.5,
        "pre_animation": [
          "variable.random \u003d math.random(0, 5);"
        ]
      },
      "animations": {
        "spawn": "animation.hive.sonic.npc.sonic.spawn",
        "despawn": "animation.hive.sonic.npc.sonic.despawn",
        "idleBase": "animation.hive.sonic.npc.sonic.idle.base",
        "idleFloat": "animation.hive.sonic.npc.sonic.idle.float",
        "idlePose": "animation.hive.sonic.npc.sonic.idle.pose",
        "idleLookLeft": "animation.hive.sonic.npc.sonic.idle.look.left",
        "idleLookDown": "animation.hive.sonic.npc.sonic.idle.look.down",
        "idleLookUp": "animation.hive.sonic.npc.sonic.idle.look.up"
      },
      "animation_controllers": [
        {
          "idle": "controller.animation.hive.sonic.hub.npc.sonic.idle"
        }
      ],
      "render_controllers": [
        "controller.render.hive.sonic.default"
      ]
    }
  }
}