{
  "format_version": "1.8.0",
  "minecraft:client_entity": {
    "description": {
      "identifier": "hive:hub_npc_tails",
      "materials": {
        "default": "entity_alphatest"
      },
      "textures": {
        "default": "textures/entity/hive/sonic/hub/npc_tails"
      },
      "geometry": {
        "default": "geometry.hive.sonic.hub.npc_tails"
      },
      "animations": {
        "idleMain": "animation.hive.sonic.npc.tails.idleMain",
        "legSwing": "animation.hive.sonic.npc.tails.legSwing",
        "tailSway": "animation.hive.sonic.npc.tails.tailSway",
        "lookRight": "animation.hive.sonic.npc.tails.lookRight",
        "lookLeft": "animation.hive.sonic.npc.tails.lookLeft"
      },
      "animation_controllers": [
        {
          "idle": "controller.animation.hive.sonic.hub.npc.tails.idle"
        },
        {
          "idleLook": "controller.animation.hive.sonic.hub.npc.tails.idleLook"
        }
      ],
      "render_controllers": [
        "controller.render.hive.sonic.default"
      ]
    }
  }
}