{
  "minecraft:geometry": [
    {
      "description": {
        "identifier": "geometry.hive.sonic.ghz.scaffolding.decorative.plank",
        "texture_width": 32,
        "texture_height": 32,
        "visible_bounds_width": 5,
        "visible_bounds_height": 6,
        "visible_bounds_offset": [
          0,
          1,
          0
        ]
      },
      "bones": [
        {
          "name": "root",
          "pivot": [
            0,
            0,
            0
          ],
          "cubes": [
            {
              "origin": [
                -6,
                0,
                5
              ],
              "size": [
                12,
                16,
                3
              ],
              "pivot": [
                0,
                0,
                0
              ],
              "rotation": [
                0,
                180,
                0
              ],
              "uv": [
                0,
                0
              ]
            }
          ]
        }
      ]
    }
  ],
  "format_version": "1.12.0"
}