{
  "hive.sonic.enemy.death": {
    "category": "neutral",
    "sounds": [
      "sounds/hive/sonic/enemy_death"
    ]
  },
  "hive.sonic.player.death": {
    "category": "music",
    "sounds": [
      "sounds/hive/sonic/player_death"
    ]
  },
  "hive.sonic.spring": {
    "category": "neutral",
    "sounds": [
      "sounds/hive/sonic/spring"
    ]
  },
  "hive.sonic.ring.collect": {
    "category": "neutral",
    "sounds": [
      "sounds/hive/sonic/ring_collect"
    ]
  },
  "hive.sonic.ring.drop": {
    "category": "neutral",
    "sounds": [
      "sounds/hive/sonic/ring_drop"
    ]
  },
  "hive.sonic.checkpoint": {
    "category": "neutral",
    "sounds": [
      "sounds/hive/sonic/checkpoint"
    ]
  },
  "hive.sonic.balloon.burst": {
    "category": "neutral",
    "sounds": [
      "sounds/hive/sonic/balloon_burst"
    ]
  },
  "hive.sonic.balloon.inflate": {
    "category": "neutral",
    "sounds": [
      "sounds/hive/sonic/balloon_inflate"
    ]
  },
  "hive.sonic.platform.shake": {
    "category": "neutral",
    "sounds": [
      {
        "name": "sounds/hive/sonic/platform_shake",
        "volume": 1,
        "pitch": 1.2
      },
      {
        "name": "sounds/hive/sonic/platform_shake",
        "volume": 1,
        "pitch": 1.0
      },
      {
        "name": "sounds/hive/sonic/platform_shake",
        "volume": 1,
        "pitch": 0.8
      }
    ]
  },
  "hive.sonic.music.rr.intro": {
    "category": "music",
    "sounds": [
      {
        "name": "sounds/hive/sonic/music/rr/intro",
        "stream": true,
        "load_on_low_memory": true
      }
    ]
  },
  "hive.sonic.music.rr.loop": {
    "category": "music",
    "sounds": [
      {
        "name": "sounds/hive/sonic/music/rr/loop",
        "stream": true,
        "load_on_low_memory": true
      }
    ]
  },
  "hive.sonic.music.cp.intro": {
    "category": "music",
    "sounds": [
      {
        "name": "sounds/hive/sonic/music/cp/intro",
        "stream": true,
        "load_on_low_memory": true
      }
    ]
  },
  "hive.sonic.music.cp.loop": {
    "category": "music",
    "sounds": [
      {
        "name": "sounds/hive/sonic/music/cp/loop",
        "stream": true,
        "load_on_low_memory": true
      }
    ]
  },
  "hive.sonic.music.pw.intro": {
    "category": "music",
    "sounds": [
      {
        "name": "sounds/hive/sonic/music/pw/intro",
        "stream": true,
        "load_on_low_memory": true
      }
    ]
  },
  "hive.sonic.music.pw.loop": {
    "category": "music",
    "sounds": [
      {
        "name": "sounds/hive/sonic/music/pw/loop",
        "stream": true,
        "load_on_low_memory": true
      }
    ]
  },
  "hive.sonic.music.sh.intro": {
    "category": "music",
    "sounds": [
      {
        "name": "sounds/hive/sonic/music/sh/intro",
        "stream": true,
        "load_on_low_memory": true
      }
    ]
  },
  "hive.sonic.music.sh.loop": {
    "category": "music",
    "sounds": [
      {
        "name": "sounds/hive/sonic/music/sh/loop",
        "stream": true,
        "load_on_low_memory": true
      }
    ]
  },
  "hive.sonic.music.sph.intro": {
    "category": "music",
    "sounds": [
      {
        "name": "sounds/hive/sonic/music/sph/intro",
        "stream": true,
        "load_on_low_memory": true
      }
    ]
  },
  "hive.sonic.music.sph.loop": {
    "category": "music",
    "sounds": [
      {
        "name": "sounds/hive/sonic/music/sph/loop",
        "stream": true,
        "load_on_low_memory": true
      }
    ]
  },
  "hive.sonic.music.ss.intro": {
    "category": "music",
    "sounds": [
      {
        "name": "sounds/hive/sonic/music/ss/intro",
        "stream": true,
        "load_on_low_memory": true
      }
    ]
  },
  "hive.sonic.music.ss.loop": {
    "category": "music",
    "sounds": [
      {
        "name": "sounds/hive/sonic/music/ss/loop",
        "stream": true,
        "load_on_low_memory": true
      }
    ]
  },
  "hive.sonic.bpg.game.start": {
    "category": "music",
    "sounds": [
      "sounds/hive/sonic/bpg/game_start"
    ]
  },
  "hive.sonic.bpg.round.finished": {
    "category": "music",
    "sounds": [
      "sounds/hive/sonic/bpg/round_finished"
    ]
  },
  "hive.sonic.bpg.countdown": {
    "category": "music",
    "sounds": [
      "sounds/hive/sonic/bpg/countdown"
    ]
  },
  "hive.sonic.bpg.countdown.end": {
    "category": "music",
    "sounds": [
      "sounds/hive/sonic/bpg/countdown_end"
    ]
  },
  "hive.sonic.bpg.rd.ring.claim": {
    "category": "neutral",
    "sounds": [
      "sounds/hive/sonic/bpg/rd/ring_claim"
    ]
  },
  "hive.sonic.bpg.rd.spindash.charge": {
    "category": "neutral",
    "sounds": [
      "sounds/hive/sonic/bpg/rd/spindash_charge"
    ]
  },
  "hive.sonic.bpg.rd.spindash.release": {
    "category": "neutral",
    "sounds": [
      "sounds/hive/sonic/bpg/rd/spindash_release"
    ]
  },
  "hive.sonic.bpg.rr.zapper.shoot": {
    "category": "neutral",
    "sounds": [
      "sounds/hive/sonic/bpg/rr/zapper_1",
      "sounds/hive/sonic/bpg/rr/zapper_2",
      "sounds/hive/sonic/bpg/rr/zapper_3"
    ]
  },
  "hive.sonic.bpg.rr.zapper.ready": {
    "category": "ui",
    "sounds": [
      "sounds/hive/sonic/bpg/rr/zapper_ready"
    ]
  },
  "hive.sonic.bpg.gf.fan.powered": {
    "category": "neutral",
    "sounds": [
      "sounds/hive/sonic/bpg/gf/fan_powered"
    ]
  },
  "hive.sonic.bgp.gf.zap": {
    "category": "neutral",
    "sounds": [
      "sounds/hive/sonic/bpg/gf/zap_1",
      "sounds/hive/sonic/bpg/gf/zap_2",
      "sounds/hive/sonic/bpg/gf/zap_3",
      "sounds/hive/sonic/bpg/gf/zap_4"
    ]
  },
  "hive.sonic.bpg.cr.chao.say": {
    "category": "neutral",
    "sounds": [
      "sounds/hive/sonic/bpg/cr/chao/say1",
      "sounds/hive/sonic/bpg/cr/chao/say2",
      "sounds/hive/sonic/bpg/cr/chao/say3",
      "sounds/hive/sonic/bpg/cr/chao/say4",
      "sounds/hive/sonic/bpg/cr/chao/say5",
      "sounds/hive/sonic/bpg/cr/chao/say6",
      "sounds/hive/sonic/bpg/cr/chao/say7",
      "sounds/hive/sonic/bpg/cr/chao/say8",
      "sounds/hive/sonic/bpg/cr/chao/say9",
      "sounds/hive/sonic/bpg/cr/chao/say10",
      "sounds/hive/sonic/bpg/cr/chao/say11",
      "sounds/hive/sonic/bpg/cr/chao/say12"
    ]
  },
  "hive.sonic.bpg.cr.cloud.bounce": {
    "category": "neutral",
    "sounds": [
      "sounds/hive/sonic/bpg/cr/cloud_bounce"
    ]
  },
  "hive.sonic.bpg.br.bow.shoot": {
    "category": "neutral",
    "sounds": [
      "sounds/hive/sonic/bpg/br/electric_1",
      "sounds/hive/sonic/bpg/br/electric_2",
      "sounds/hive/sonic/bpg/br/electric_3",
      "sounds/hive/sonic/bpg/br/electric_4"
    ]
  }
}