{
  "minecraft:geometry": [
    {
      "description": {
        "identifier": "geometry.hive.sonic.ghz.bridge.log.middle",
        "texture_width": 64,
        "texture_height": 64,
        "visible_bounds_width": 2,
        "visible_bounds_height": 3,
        "visible_bounds_offset": [
          0,
          0.5,
          0
        ]
      },
      "bones": [
        {
          "name": "root",
          "pivot": [
            0,
            0,
            0
          ],
          "cubes": [
            {
              "origin": [
                -8,
                7,
                -4
              ],
              "size": [
                16,
                8,
                8
              ],
              "uv": [
                0,
                0
              ]
            },
            {
              "origin": [
                -8,
                8,
                4
              ],
              "size": [
                16,
                8,
                4
              ],
              "uv": [
                0,
                17
              ]
            },
            {
              "origin": [
                -8,
                8,
                -8
              ],
              "size": [
                16,
                8,
                4
              ],
              "uv": [
                0,
                30
              ]
            }
          ]
        }
      ]
    }
  ],
  "format_version": "1.12.0"
}