{
  "minecraft:geometry": [
    {
      "description": {
        "identifier": "geometry.hive.sonic.ghz.bridge.log.left",
        "texture_width": 64,
        "texture_height": 64,
        "visible_bounds_width": 2,
        "visible_bounds_height": 3,
        "visible_bounds_offset": [
          0,
          0.5,
          0
        ]
      },
      "bones": [
        {
          "name": "root",
          "pivot": [
            0,
            0,
            0
          ],
          "cubes": [
            {
              "origin": [
                -8,
                8,
                -8
              ],
              "size": [
                16,
                8,
                4
              ],
              "uv": [
                0,
                30
              ],
              "mirror": true
            },
            {
              "origin": [
                -8,
                8,
                4
              ],
              "size": [
                16,
                8,
                4
              ],
              "uv": [
                0,
                17
              ],
              "mirror": true
            },
            {
              "origin": [
                -8,
                7,
                -4
              ],
              "size": [
                16,
                8,
                8
              ],
              "uv": [
                0,
                0
              ],
              "mirror": true
            },
            {
              "origin": [
                -7,
                8.48528,
                -14.14214
              ],
              "size": [
                2,
                0,
                2
              ],
              "pivot": [
                0,
                0,
                0
              ],
              "rotation": [
                -45,
                0,
                0
              ],
              "uv": [
                41,
                3
              ]
            },
            {
              "origin": [
                -7,
                2.12132,
                7.77818
              ],
              "size": [
                2,
                0,
                2
              ],
              "pivot": [
                0,
                0,
                0
              ],
              "rotation": [
                45,
                0,
                0
              ],
              "uv": [
                41,
                3
              ]
            },
            {
              "origin": [
                -7,
                2.12132,
                -9.77818
              ],
              "size": [
                2,
                0,
                2
              ],
              "pivot": [
                0,
                0,
                0
              ],
              "rotation": [
                -45,
                0,
                0
              ],
              "uv": [
                41,
                3
              ]
            },
            {
              "origin": [
                -7,
                8.48528,
                12.14214
              ],
              "size": [
                2,
                0,
                2
              ],
              "pivot": [
                0,
                0,
                0
              ],
              "rotation": [
                45,
                0,
                0
              ],
              "uv": [
                41,
                3
              ]
            }
          ]
        }
      ]
    }
  ],
  "format_version": "1.12.0"
}