{
  "format_version": "1.8.0",
  "animations": {
    "animation.hive.sonic.event.ringshop.prop.flame": {
      "animation_length": 1.24,
      "bones": {
        "flame": {
          "scale": {
            "0.0": [
              1,
              1,
              1
            ],
            "0.12": [
              1,
              0.9923,
              1
            ],
            "0.28": [
              1,
              0.9308,
              1
            ],
            "0.52": [
              1,
              0.9,
              1
            ],
            "0.72": [
              1,
              0.9231,
              1
            ],
            "0.92": [
              1,
              0.9923,
              1
            ],
            "1.04": [
              1,
              1,
              1
            ]
          }
        }
      }
    },
    "animation.hive.sonic.event.ringshop.prop.book": {
      "animation_length": 2.92,
      "bones": {
        "rightPage": {
          "rotation": {
            "0.16": [
              0,
              0,
              0
            ],
            "0.32": [
              0,
              0,
              -0.91
            ],
            "0.56": [
              0,
              0,
              -8.7
            ],
            "0.72": [
              0,
              0,
              -9.74
            ],
            "0.8": [
              0,
              0,
              -10
            ],
            "0.88": [
              0,
              0,
              -9.17
            ],
            "0.92": [
              0,
              0,
              -8.06
            ],
            "1.0": [
              0,
              0,
              -7.5
            ],
            "1.16": [
              0,
              0,
              -8.57
            ],
            "1.28": [
              0,
              0,
              -9
            ],
            "2.2": [
              0,
              0,
              -1
            ],
            "2.48": [
              0,
              0,
              -0.46
            ],
            "2.92": [
              0,
              0,
              0
            ]
          }
        },
        "leftPage": {
          "rotation": {
            "0.0": [
              0,
              0,
              0
            ],
            "0.16": [
              0,
              0,
              -0.91
            ],
            "0.4": [
              0,
              0,
              -8.7
            ],
            "0.56": [
              0,
              0,
              -9.74
            ],
            "0.64": [
              0,
              0,
              -10
            ],
            "0.72": [
              0,
              0,
              -9.17
            ],
            "0.76": [
              0,
              0,
              -8.06
            ],
            "0.84": [
              0,
              0,
              -7.5
            ],
            "1.0": [
              0,
              0,
              -8.57
            ],
            "1.12": [
              0,
              0,
              -9
            ],
            "2.04": [
              0,
              0,
              -1
            ],
            "2.32": [
              0,
              0,
              -0.46
            ],
            "2.76": [
              0,
              0,
              0
            ]
          }
        }
      }
    },
    "animation.hive.sonic.event.ringshop.prop.monitor": {
      "animation_length": 1.76,
      "bones": {
        "itembox": {
          "rotation": {
            "0.08": [
              0,
              0,
              0
            ],
            "0.12": [
              0,
              0,
              -2.5
            ],
            "0.16": [
              0,
              0,
              0
            ],
            "0.2": [
              0,
              0,
              -2.5
            ],
            "0.24": [
              0,
              0,
              0
            ],
            "0.28": [
              0,
              0,
              -2.5
            ],
            "0.32": [
              0,
              0,
              0
            ],
            "0.36": [
              0,
              0,
              -2.5
            ],
            "0.4": [
              0,
              0,
              0
            ],
            "0.48": [
              0,
              0,
              -2.5
            ],
            "0.56": [
              0,
              0,
              0
            ],
            "0.64": [
              0,
              0,
              -2.5
            ],
            "0.72": [
              0,
              0,
              0
            ],
            "0.88": [
              0,
              0,
              -1.5
            ],
            "1.08": [
              0,
              0,
              -0.75
            ],
            "1.24": [
              0,
              0,
              0
            ]
          },
          "scale": {
            "0.0": [
              1,
              1,
              1
            ],
            "0.08": [
              1,
              0.975,
              1
            ],
            "0.2": [
              1,
              1.03,
              1
            ],
            "0.32": [
              1,
              1,
              1
            ]
          }
        }
      }
    },
    "animation.hive.sonic.event.ringshop.prop.eggmobile": {
      "animation_length": 4.76,
      "bones": {
        "eggmobile": {
          "rotation": {
            "0.0": [
              0,
              0,
              0
            ],
            "0.08": [
              3,
              0,
              0
            ],
            "0.16": [
              -0.5,
              0,
              0
            ],
            "0.24": [
              3,
              0,
              0
            ],
            "0.28": [
              -0.5,
              0,
              0
            ],
            "0.32": [
              3,
              0,
              0
            ],
            "0.36": [
              -0.5,
              0,
              0
            ],
            "0.4": [
              3,
              0,
              0
            ],
            "0.44": [
              -0.5,
              0,
              0
            ],
            "0.48": [
              3,
              0,
              0
            ],
            "0.52": [
              -0.5,
              0,
              0
            ],
            "0.56": [
              3,
              0,
              0
            ],
            "0.6": [
              -0.5,
              0,
              0
            ],
            "0.68": [
              3,
              0,
              0
            ],
            "0.72": [
              -0.5,
              0,
              0
            ],
            "0.8": [
              3,
              0,
              0
            ],
            "0.84": [
              -0.5,
              0,
              0
            ],
            "0.92": [
              3,
              0,
              0
            ],
            "0.96": [
              -0.5,
              0,
              0
            ],
            "1.08": [
              3,
              0,
              0
            ],
            "1.2": [
              -0.5,
              0,
              0
            ],
            "1.36": [
              3,
              0,
              0
            ],
            "1.48": [
              -0.5,
              0,
              0
            ],
            "1.6": [
              3,
              0,
              0
            ],
            "1.76": [
              -0.5,
              0,
              0
            ],
            "1.92": [
              1,
              0,
              0
            ],
            "2.08": [
              -0.5,
              0,
              0
            ],
            "2.24": [
              1,
              0,
              0
            ],
            "2.4": [
              -0.5,
              0,
              0
            ],
            "2.8": [
              1,
              0,
              0
            ],
            "3.2": [
              -0.5,
              0,
              0
            ],
            "4.04": [
              -0.5,
              0,
              0
            ],
            "4.12": [
              -0.5,
              0,
              -0.83
            ],
            "4.2": [
              -0.5,
              0,
              -2.5
            ],
            "4.28": [
              -13,
              0,
              -2.5
            ],
            "4.32": [
              2,
              0,
              -0.42
            ],
            "4.44": [
              5,
              0,
              0
            ],
            "4.56": [
              -1,
              0,
              0
            ],
            "4.72": [
              0,
              0,
              0
            ]
          },
          "position": {
            "0.16": [
              0,
              0,
              0
            ],
            "0.24": [
              0,
              1.33,
              0
            ],
            "0.36": [
              0,
              2,
              0
            ],
            "0.6": [
              0,
              2.45,
              0
            ],
            "0.84": [
              0,
              2.36,
              0
            ],
            "1.24": [
              0,
              1.86,
              0
            ],
            "1.48": [
              0,
              1.8,
              0
            ],
            "1.68": [
              0,
              1.87,
              0
            ],
            "1.96": [
              0,
              2.31,
              0
            ],
            "2.32": [
              0,
              2.45,
              0
            ],
            "2.56": [
              0,
              2.36,
              0
            ],
            "2.96": [
              0,
              1.86,
              0
            ],
            "3.2": [
              0,
              1.8,
              0
            ],
            "3.4": [
              0,
              1.87,
              0
            ],
            "3.68": [
              0,
              2.31,
              0
            ],
            "4.04": [
              0,
              2.425,
              0
            ],
            "4.12": [
              0,
              2.24,
              0
            ],
            "4.2": [
              0,
              1.88,
              0
            ],
            "4.28": [
              0,
              0.88,
              0
            ],
            "4.32": [
              0,
              0,
              0
            ]
          },
          "scale": {
            "0.0": [
              1,
              1,
              1
            ],
            "0.16": [
              1,
              0.9,
              1
            ],
            "0.2": [
              1,
              0.9,
              1
            ],
            "0.28": [
              1,
              1,
              1
            ]
          }
        }
      }
    },
    "animation.hive.sonic.event.ringshop.prop.sign": {
      "animation_length": 3.64,
      "bones": {
        "signpost": {
          "rotation": {
            "0.12": [
              0,
              0,
              0
            ],
            "0.32": [
              0,
              30,
              0
            ],
            "0.36": [
              0,
              170,
              0
            ],
            "0.48": [
              0,
              177,
              0
            ],
            "0.76": [
              0,
              180,
              0
            ],
            "2.6": [
              0,
              180,
              0
            ],
            "2.72": [
              0,
              181,
              0
            ],
            "2.92": [
              0,
              211,
              0
            ],
            "2.96": [
              0,
              351,
              0
            ],
            "3.08": [
              0,
              358,
              0
            ],
            "3.36": [
              0,
              360,
              0
            ]
          },
          "scale": {
            "0.0": [
              1,
              1,
              1
            ],
            "0.12": [
              1,
              0.9923,
              1
            ],
            "0.32": [
              1,
              0.8,
              1
            ],
            "0.4": [
              1,
              0.98,
              1
            ],
            "0.48": [
              1,
              1.03,
              1
            ],
            "0.68": [
              1,
              1.0333,
              1
            ],
            "0.76": [
              1,
              0.98,
              1
            ],
            "0.8": [
              1,
              0.99,
              1
            ],
            "0.88": [
              1,
              0.995,
              1
            ],
            "1.04": [
              1,
              1,
              1
            ],
            "2.6": [
              1,
              1,
              1
            ],
            "2.72": [
              1,
              0.9923,
              1
            ],
            "2.92": [
              1,
              0.8,
              1
            ],
            "3.0": [
              1,
              0.98,
              1
            ],
            "3.08": [
              1,
              1.03,
              1
            ],
            "3.28": [
              1,
              1.0333,
              1
            ],
            "3.36": [
              1,
              0.98,
              1
            ],
            "3.4": [
              1,
              0.99,
              1
            ],
            "3.48": [
              1,
              0.995,
              1
            ],
            "3.64": [
              1,
              1,
              1
            ]
          }
        }
      }
    },
    "animation.hive.sonic.event.ringshop.chao.hover": {
      "loop": true,
      "animation_length": 2.4,
      "bones": {
        "leftLeg": {
          "rotation": {
            "0.0": [
              37.5,
              0,
              0
            ],
            "0.12": [
              39.63,
              0,
              0
            ],
            "0.6": [
              53.5,
              0,
              0
            ],
            "0.96": [
              57.5,
              0,
              0
            ],
            "1.28": [
              55.21,
              0,
              0
            ],
            "2.12": [
              38.81,
              0,
              0
            ],
            "2.36": [
              37.5,
              0,
              0
            ]
          }
        },
        "rightLeg": {
          "rotation": {
            "0.0": [
              40,
              0,
              0
            ],
            "0.12": [
              40.8,
              0,
              0
            ],
            "0.6": [
              46,
              0,
              0
            ],
            "0.96": [
              47.5,
              0,
              0
            ],
            "1.28": [
              46.64,
              0,
              0
            ],
            "2.12": [
              40.49,
              0,
              0
            ],
            "2.36": [
              40,
              0,
              0
            ]
          }
        },
        "head": {
          "rotation": {
            "0.0": [
              0,
              0,
              0
            ],
            "0.32": [
              1.47,
              0,
              0
            ],
            "0.56": [
              1.06,
              0,
              0
            ],
            "1.44": [
              -3.42,
              0,
              0
            ],
            "1.8": [
              -4.25,
              0,
              0
            ],
            "2.04": [
              -2.97,
              0,
              0
            ],
            "2.4": [
              0,
              0,
              0
            ]
          }
        },
        "orb": {
          "rotation": {
            "0.0": [
              0,
              0,
              0
            ],
            "2.4": [
              0,
              90,
              0
            ]
          },
          "position": {
            "0.0": [
              0,
              0,
              0
            ],
            "0.24": [
              0,
              -0.06,
              0
            ],
            "0.8": [
              0,
              -0.4,
              0
            ],
            "1.2": [
              0,
              -0.475,
              0
            ],
            "2.2": [
              0,
              -0.05,
              0
            ],
            "2.4": [
              0,
              0,
              0
            ]
          }
        },
        "rightArm": {
          "position": {
            "0.0": [
              0,
              0,
              0
            ],
            "0.68": [
              0,
              0.14,
              0
            ],
            "1.28": [
              0,
              0.18,
              0
            ],
            "1.48": [
              0,
              0.16,
              0
            ],
            "2.2": [
              0,
              0.01,
              0
            ],
            "2.4": [
              0,
              0,
              0
            ]
          }
        },
        "leftArm": {
          "position": {
            "0.0": [
              0,
              0,
              0
            ],
            "0.68": [
              0,
              0.14,
              0
            ],
            "1.28": [
              0,
              0.18,
              0
            ],
            "1.48": [
              0,
              0.16,
              0
            ],
            "2.2": [
              0,
              0.01,
              0
            ],
            "2.4": [
              0,
              0,
              0
            ]
          }
        },
        "rightWing": {
          "rotation": {
            "0.0": [
              0,
              0,
              0
            ],
            "0.12": [
              0,
              30,
              0
            ],
            "0.24": [
              0,
              0,
              0
            ],
            "0.4": [
              0,
              30,
              0
            ],
            "0.52": [
              0,
              0,
              0
            ],
            "0.68": [
              0,
              30,
              0
            ],
            "0.8": [
              0,
              0,
              0
            ],
            "0.96": [
              0,
              30,
              0
            ],
            "1.08": [
              0,
              0,
              0
            ],
            "1.2": [
              0,
              30,
              0
            ],
            "1.36": [
              0,
              0,
              0
            ],
            "1.48": [
              0,
              30,
              0
            ],
            "1.64": [
              0,
              0,
              0
            ],
            "1.76": [
              0,
              30,
              0
            ],
            "1.88": [
              0,
              0,
              0
            ],
            "2.0": [
              0,
              30,
              0
            ],
            "2.12": [
              0,
              0,
              0
            ],
            "2.28": [
              0,
              30,
              0
            ],
            "2.4": [
              0,
              0,
              0
            ]
          }
        },
        "leftWing": {
          "rotation": {
            "0.0": [
              0,
              0,
              0
            ],
            "0.16": [
              0,
              -30,
              0
            ],
            "0.28": [
              0,
              0,
              0
            ],
            "0.44": [
              0,
              -30,
              0
            ],
            "0.56": [
              0,
              0,
              0
            ],
            "0.72": [
              0,
              -30,
              0
            ],
            "0.84": [
              0,
              0,
              0
            ],
            "1.0": [
              0,
              -30,
              0
            ],
            "1.12": [
              0,
              0,
              0
            ],
            "1.24": [
              0,
              -30,
              0
            ],
            "1.4": [
              0,
              0,
              0
            ],
            "1.52": [
              0,
              -30,
              0
            ],
            "1.68": [
              0,
              0,
              0
            ],
            "1.8": [
              0,
              -30,
              0
            ],
            "1.92": [
              0,
              0,
              0
            ],
            "2.04": [
              0,
              -30,
              0
            ],
            "2.16": [
              0,
              0,
              0
            ],
            "2.32": [
              0,
              -30,
              0
            ],
            "2.4": [
              0,
              -10,
              0
            ]
          }
        }
      }
    },
    "animation.hive.sonic.event.ringshop.chao.idleFidget": {
      "animation_length": 3.32,
      "bones": {
        "body": {
          "rotation": {
            "0.0": [
              0,
              0,
              0
            ],
            "0.16": [
              0.71,
              0,
              0
            ],
            "0.36": [
              4.14,
              0,
              0
            ],
            "0.56": [
              5,
              0,
              0
            ],
            "0.76": [
              4.14,
              0,
              0
            ],
            "0.96": [
              0.71,
              0,
              0
            ],
            "1.2": [
              0,
              0,
              0
            ],
            "1.36": [
              0.71,
              0,
              0
            ],
            "1.56": [
              4.14,
              0,
              0
            ],
            "1.76": [
              5,
              0,
              0
            ],
            "1.96": [
              4.14,
              0,
              0
            ],
            "2.32": [
              0.71,
              0,
              0
            ],
            "2.76": [
              0,
              0,
              0
            ]
          },
          "position": {
            "0.0": [
              0,
              0,
              0
            ],
            "0.16": [
              0,
              0,
              0.07
            ],
            "0.36": [
              0,
              0,
              0.41
            ],
            "0.56": [
              0,
              0,
              0.5
            ],
            "0.76": [
              0,
              0,
              0.41
            ],
            "0.96": [
              0,
              0,
              0.07
            ],
            "1.2": [
              0,
              0,
              0
            ],
            "1.36": [
              0,
              0,
              0.07
            ],
            "1.56": [
              0,
              0,
              0.41
            ],
            "1.76": [
              0,
              0,
              0.5
            ],
            "1.96": [
              0,
              0,
              0.41
            ],
            "2.32": [
              0,
              0,
              0.07
            ],
            "2.76": [
              0,
              0,
              0
            ]
          }
        },
        "head": {
          "rotation": {
            "0.12": [
              0,
              0,
              0
            ],
            "0.44": [
              6.39,
              0,
              0
            ],
            "0.92": [
              10,
              0,
              0
            ],
            "1.8": [
              10,
              0,
              0
            ],
            "2.2": [
              -0.29,
              0,
              0
            ],
            "2.48": [
              -2.5,
              0,
              0
            ],
            "2.68": [
              -1.87,
              0,
              0
            ],
            "2.8": [
              -0.8,
              0,
              0
            ],
            "3.08": [
              0,
              0,
              0
            ]
          }
        },
        "rightArm": {
          "rotation": {
            "0.0": [
              0,
              0,
              0
            ],
            "0.36": [
              -16,
              0,
              0
            ],
            "0.56": [
              -20,
              0,
              0
            ],
            "0.8": [
              -11,
              0,
              0
            ],
            "1.0": [
              2.5,
              0,
              0
            ],
            "1.28": [
              10,
              0,
              0
            ],
            "1.72": [
              0,
              0,
              0
            ],
            "2.32": [
              0,
              0,
              0
            ]
          }
        },
        "leftArm": {
          "rotation": {
            "0.12": [
              0,
              0,
              0
            ],
            "0.48": [
              -16,
              0,
              0
            ],
            "0.68": [
              -20,
              0,
              0
            ],
            "0.92": [
              -11,
              0,
              0
            ],
            "1.12": [
              2.5,
              0,
              0
            ],
            "1.4": [
              10,
              0,
              0
            ],
            "1.84": [
              0,
              0,
              0
            ],
            "2.44": [
              0,
              0,
              0
            ]
          }
        }
      }
    },
    "animation.hive.sonic.event.ringshop.chao.idleLook1": {
      "animation_length": 4.32,
      "bones": {
        "chao": {
          "rotation": {
            "1.56": [
              0,
              0,
              0
            ],
            "1.64": [
              3.33,
              -1.67,
              -0.5
            ],
            "1.68": [
              5,
              -2.5,
              -0.75
            ],
            "1.72": [
              4.72,
              -2.36,
              -0.71
            ],
            "1.84": [
              4.44,
              -2.22,
              -0.67
            ],
            "4.04": [
              4.44,
              -2.22,
              -0.67
            ],
            "4.2": [
              0,
              0,
              0
            ]
          },
          "position": {
            "4.04": [
              0,
              0,
              0
            ],
            "4.12": [
              0,
              -0.25,
              0
            ],
            "4.16": [
              0,
              -0.16,
              0
            ],
            "4.24": [
              0,
              0.1,
              0
            ],
            "4.32": [
              0,
              0,
              0
            ]
          }
        },
        "head": {
          "rotation": {
            "0.0": [
              0,
              0,
              0
            ],
            "0.04": [
              -0.5,
              -1,
              0
            ],
            "0.12": [
              -5,
              -10,
              0
            ],
            "0.16": [
              -4.66,
              -9.32,
              0
            ],
            "0.24": [
              -4.55,
              -9.1,
              0
            ],
            "1.56": [
              -4.55,
              -9.1,
              0
            ],
            "1.64": [
              -7.05,
              -9.1,
              2.5
            ],
            "1.76": [
              0.45,
              -11.6,
              7.5
            ],
            "1.88": [
              -3.05,
              -11.6,
              7.5
            ],
            "1.96": [
              -2.27,
              -11.6,
              7.5
            ],
            "2.04": [
              -1.88,
              -11.6,
              7.5
            ],
            "3.0": [
              -1.88,
              -11.6,
              7.5
            ],
            "3.04": [
              -1.88,
              -10.6,
              7
            ],
            "3.12": [
              -1.88,
              -7.4,
              5.4
            ],
            "3.24": [
              -1.88,
              -6.8,
              5.1
            ],
            "3.32": [
              -1.88,
              -6.6,
              5
            ],
            "3.96": [
              -1.88,
              -6.6,
              5
            ],
            "4.04": [
              -1.69,
              -5.94,
              4.5
            ],
            "4.2": [
              0,
              0,
              0
            ]
          },
          "position": {
            "0.0": [
              0,
              0,
              0
            ],
            "0.08": [
              0,
              -0.175,
              0
            ],
            "0.16": [
              0,
              -0.06,
              0
            ],
            "0.28": [
              0,
              0,
              0
            ],
            "3.96": [
              0,
              0,
              0
            ],
            "4.04": [
              0,
              0,
              0
            ],
            "4.2": [
              0,
              0,
              0
            ]
          }
        },
        "rightArm": {
          "rotation": {
            "1.56": [
              0,
              0,
              0
            ],
            "1.68": [
              4,
              0,
              7
            ],
            "1.72": [
              9,
              0,
              15.75
            ],
            "1.88": [
              10,
              0,
              17.5
            ],
            "4.04": [
              10,
              0,
              17.5
            ],
            "4.2": [
              0,
              0,
              0
            ]
          }
        },
        "leftArm": {
          "rotation": {
            "1.6": [
              0,
              0,
              0
            ],
            "1.72": [
              4,
              0,
              -7
            ],
            "1.76": [
              9,
              0,
              -15.75
            ],
            "1.92": [
              10,
              0,
              -17.5
            ],
            "4.08": [
              10,
              0,
              -17.5
            ],
            "4.24": [
              0,
              0,
              0
            ]
          }
        }
      }
    },
    "animation.hive.sonic.event.ringshop.chao.idleLook2": {
      "animation_length": 4.32,
      "bones": {
        "chao": {
          "rotation": {
            "1.56": [
              0,
              0,
              0
            ],
            "1.64": [
              3.33,
              1.67,
              0.5
            ],
            "1.68": [
              5,
              2.5,
              0.75
            ],
            "1.72": [
              4.72,
              2.36,
              0.71
            ],
            "1.84": [
              4.44,
              2.22,
              0.67
            ],
            "4.04": [
              4.44,
              2.22,
              0.67
            ],
            "4.2": [
              0,
              0,
              0
            ]
          },
          "position": {
            "4.04": [
              0,
              0,
              0
            ],
            "4.12": [
              0,
              -0.25,
              0
            ],
            "4.16": [
              0,
              -0.16,
              0
            ],
            "4.24": [
              0,
              0.1,
              0
            ],
            "4.32": [
              0,
              0,
              0
            ]
          }
        },
        "head": {
          "rotation": {
            "0.0": [
              0,
              0,
              0
            ],
            "0.04": [
              -0.5,
              1,
              0
            ],
            "0.12": [
              -5,
              10,
              0
            ],
            "0.16": [
              -4.66,
              9.32,
              0
            ],
            "0.24": [
              -4.55,
              9.1,
              0
            ],
            "1.56": [
              -4.55,
              9.1,
              0
            ],
            "1.64": [
              -7.05,
              9.1,
              -2.5
            ],
            "1.76": [
              0.45,
              11.6,
              -7.5
            ],
            "1.88": [
              -3.05,
              11.6,
              -7.5
            ],
            "1.96": [
              -2.27,
              11.6,
              -7.5
            ],
            "2.04": [
              -1.88,
              11.6,
              -7.5
            ],
            "3.0": [
              -1.88,
              11.6,
              -7.5
            ],
            "3.04": [
              -1.88,
              10.6,
              -7
            ],
            "3.12": [
              -1.88,
              7.4,
              -5.4
            ],
            "3.24": [
              -1.88,
              6.8,
              -5.1
            ],
            "3.32": [
              -1.88,
              6.6,
              -5
            ],
            "3.96": [
              -1.88,
              6.6,
              -5
            ],
            "4.04": [
              -1.69,
              5.94,
              -4.5
            ],
            "4.2": [
              0,
              0,
              0
            ]
          },
          "position": {
            "0.0": [
              0,
              0,
              0
            ],
            "0.08": [
              0,
              -0.175,
              0
            ],
            "0.16": [
              0,
              -0.06,
              0
            ],
            "0.28": [
              0,
              0,
              0
            ],
            "3.96": [
              0,
              0,
              0
            ],
            "4.04": [
              0,
              0,
              0
            ],
            "4.2": [
              0,
              0,
              0
            ]
          }
        },
        "rightArm": {
          "rotation": {
            "1.56": [
              0,
              0,
              0
            ],
            "1.68": [
              4,
              0,
              7
            ],
            "1.72": [
              9,
              0,
              15.75
            ],
            "1.88": [
              10,
              0,
              17.5
            ],
            "4.04": [
              10,
              0,
              17.5
            ],
            "4.2": [
              0,
              0,
              0
            ]
          }
        },
        "leftArm": {
          "rotation": {
            "1.6": [
              0,
              0,
              0
            ],
            "1.72": [
              4,
              0,
              -7
            ],
            "1.76": [
              9,
              0,
              -15.75
            ],
            "1.92": [
              10,
              0,
              -17.5
            ],
            "4.08": [
              10,
              0,
              -17.5
            ],
            "4.24": [
              0,
              0,
              0
            ]
          }
        }
      }
    },
    "animation.hive.sonic.event.ringshop.chao.checkout": {
      "animation_length": 8.76,
      "bones": {
        "chao": {
          "rotation": {
            "0.0": [
              0,
              0,
              0
            ],
            "0.08": [
              -6.25,
              0,
              -2.5
            ],
            "0.2": [
              -10.42,
              0,
              -4.17
            ],
            "0.36": [
              -11.81,
              0,
              -4.72
            ],
            "0.6": [
              -12.5,
              0,
              -5
            ],
            "0.76": [
              -12.5,
              0,
              -5
            ],
            "0.84": [
              -10,
              0,
              -2.5
            ],
            "0.88": [
              20,
              -35,
              0
            ],
            "0.96": [
              22.13,
              -35,
              2.13
            ],
            "1.08": [
              22.5,
              -35,
              2.5
            ],
            "1.16": [
              22.5,
              -35,
              2.5
            ],
            "1.2": [
              21,
              -32.67,
              2.33
            ],
            "1.24": [
              14,
              -21.78,
              0.72
            ],
            "1.28": [
              0,
              0,
              -2.5
            ],
            "1.36": [
              0,
              0,
              -3.5
            ],
            "1.44": [
              0,
              0,
              -4.17
            ],
            "1.56": [
              0,
              0,
              -4.5
            ],
            "1.6": [
              0,
              0,
              -4
            ],
            "1.72": [
              0,
              0,
              1.25
            ],
            "1.84": [
              0,
              0,
              0
            ],
            "2.2": [
              0,
              0,
              0
            ],
            "2.32": [
              15,
              -12.5,
              0
            ],
            "5.36": [
              15,
              -12.5,
              0
            ],
            "5.4": [
              17.5,
              -12.5,
              0
            ],
            "5.44": [
              21.67,
              -12.5,
              0
            ],
            "5.48": [
              30,
              -12.5,
              0
            ],
            "7.48": [
              30,
              -12.5,
              0
            ],
            "7.64": [
              30,
              -12.5,
              -10
            ],
            "7.72": [
              30,
              -12.5,
              -11.67
            ],
            "7.84": [
              30,
              -12.5,
              -12.5
            ],
            "7.92": [
              30,
              -30,
              5
            ],
            "7.96": [
              0,
              0,
              -2.5
            ],
            "8.08": [
              0,
              0,
              1.25
            ],
            "8.2": [
              0,
              0,
              0
            ]
          },
          "position": {
            "0.0": [
              0,
              0,
              0
            ],
            "0.04": [
              0,
              -1,
              0
            ],
            "0.08": [
              0,
              -0.58,
              0
            ],
            "0.2": [
              0,
              -0.03,
              0
            ],
            "0.36": [
              0,
              0.16,
              0
            ],
            "0.6": [
              0,
              0.25,
              0
            ],
            "0.76": [
              0,
              0.25,
              0
            ],
            "0.88": [
              2,
              1.25,
              -3
            ],
            "1.16": [
              2,
              1.25,
              -3
            ],
            "1.2": [
              1.87,
              1.17,
              -2.8
            ],
            "1.24": [
              1.25,
              0.78,
              -1.87
            ],
            "1.28": [
              0,
              0,
              0
            ],
            "2.08": [
              0,
              0,
              0
            ],
            "2.2": [
              0,
              -0.2,
              0
            ],
            "2.24": [
              0,
              0,
              0
            ],
            "2.32": [
              0,
              4,
              -2
            ],
            "2.44": [
              0,
              3.425,
              -2
            ],
            "2.52": [
              0,
              3.605,
              -2
            ],
            "5.36": [
              0,
              3.61,
              -2
            ],
            "5.4": [
              0,
              3.19,
              -2.33
            ],
            "5.44": [
              0,
              4,
              -2.89
            ],
            "5.48": [
              0,
              5.61,
              -4
            ],
            "5.56": [
              0,
              5.11,
              -4.25
            ],
            "7.48": [
              0,
              5.11,
              -4.25
            ],
            "7.64": [
              -0.49,
              5.36,
              -4.25
            ],
            "7.72": [
              -0.5,
              5.36,
              -4.25
            ],
            "7.84": [
              -0.5,
              5.36,
              -4.25
            ],
            "7.92": [
              1.5,
              5.36,
              -4.25
            ],
            "7.96": [
              0,
              0,
              0
            ]
          }
        },
        "head": {
          "rotation": {
            "0.76": [
              0,
              0,
              0
            ],
            "0.8": [
              -17.5,
              0,
              -17.5
            ],
            "0.84": [
              -25,
              0,
              -22.5
            ],
            "0.92": [
              -12.5,
              0,
              0
            ],
            "1.0": [
              -15.83,
              0,
              0
            ],
            "1.16": [
              -17.5,
              0,
              0
            ],
            "1.24": [
              -17.5,
              0,
              0
            ],
            "2.2": [
              -17.5,
              0,
              0
            ],
            "2.28": [
              -8,
              0,
              0
            ],
            "2.4": [
              -20,
              0,
              0
            ],
            "2.48": [
              -10,
              0,
              0
            ],
            "2.52": [
              -10,
              -5,
              0
            ],
            "2.56": [
              -10,
              -2.5,
              0
            ],
            "2.64": [
              -10,
              -7.5,
              0
            ],
            "2.72": [
              -10,
              -2.5,
              0
            ],
            "2.8": [
              -10,
              -7.5,
              0
            ],
            "2.88": [
              -10,
              -2.5,
              0
            ],
            "2.96": [
              -10,
              -7.5,
              0
            ],
            "4.56": [
              -10,
              -7.5,
              0
            ],
            "4.64": [
              -22.5,
              -7.5,
              0
            ],
            "4.72": [
              -20,
              -7.5,
              0
            ],
            "4.8": [
              -20.83,
              -7.5,
              0
            ],
            "5.36": [
              -20.83,
              -7.5,
              0
            ],
            "5.4": [
              -20.83,
              -7.5,
              0
            ],
            "5.48": [
              -28.33,
              -10,
              0
            ],
            "5.52": [
              -28.33,
              -10,
              0
            ],
            "5.6": [
              -38.33,
              -15,
              0
            ],
            "5.68": [
              -35.83,
              -15,
              0
            ],
            "6.6": [
              -35.83,
              -15,
              0
            ],
            "6.68": [
              -37.5,
              -18.33,
              0
            ],
            "6.76": [
              -38.05,
              -19.44,
              0
            ],
            "6.92": [
              -38.33,
              -20,
              0
            ],
            "7.48": [
              -38.33,
              -20,
              0
            ],
            "7.6": [
              -20.83,
              2.5,
              2.5
            ],
            "7.84": [
              -20.83,
              -2.5,
              2.5
            ],
            "7.92": [
              -20.83,
              -2.5,
              2.5
            ],
            "7.96": [
              0,
              0,
              2.5
            ],
            "8.04": [
              0,
              0,
              0.83
            ],
            "8.2": [
              0,
              0,
              0
            ]
          },
          "position": {
            "2.2": [
              0,
              0,
              0
            ],
            "2.28": [
              0,
              -1,
              0
            ],
            "5.36": [
              0,
              -1,
              0
            ],
            "5.44": [
              -0.12,
              -1,
              0
            ],
            "5.48": [
              -1,
              -1,
              0
            ],
            "7.88": [
              -1,
              -1,
              0
            ],
            "7.96": [
              0,
              0,
              0
            ]
          },
          "scale": {
            "0.76": [
              1,
              1,
              1
            ],
            "2.2": [
              1,
              1,
              1
            ],
            "2.4": [
              0.9,
              1,
              0.9
            ],
            "7.92": [
              0.9,
              1,
              0.9
            ],
            "7.96": [
              1,
              1,
              1
            ]
          }
        },
        "rightArm": {
          "rotation": {
            "0.0": [
              0,
              0,
              0
            ],
            "0.04": [
              0,
              0,
              15
            ],
            "0.12": [
              0,
              0,
              6.67
            ],
            "0.2": [
              0,
              0,
              4.59
            ],
            "0.36": [
              0,
              0,
              2.5
            ],
            "0.76": [
              0,
              0,
              2.5
            ],
            "0.84": [
              -45,
              -7.5,
              70
            ],
            "0.88": [
              -52.5,
              27.5,
              77.5
            ],
            "1.2": [
              -52.5,
              27.5,
              77.5
            ],
            "1.28": [
              5,
              7.5,
              102.5
            ],
            "1.44": [
              12.5,
              7.5,
              102.5
            ],
            "1.6": [
              15,
              7.5,
              102.5
            ],
            "1.72": [
              12.5,
              7.5,
              102.5
            ],
            "2.24": [
              12.5,
              7.5,
              102.5
            ],
            "2.44": [
              -112.5,
              -27.5,
              -10
            ],
            "2.48": [
              -145,
              -27.5,
              -10
            ],
            "2.52": [
              -112.5,
              -27.5,
              -10
            ],
            "2.56": [
              -155,
              -27.5,
              -10
            ],
            "2.64": [
              -112.5,
              -27.5,
              -10
            ],
            "2.68": [
              -145,
              -27.5,
              -10
            ],
            "2.72": [
              -145,
              -27.5,
              -10
            ],
            "2.76": [
              -112.5,
              -27.5,
              -10
            ],
            "2.8": [
              -155,
              -27.5,
              -10
            ],
            "2.88": [
              -112.5,
              -27.5,
              -10
            ],
            "2.92": [
              -122.5,
              -27.5,
              -10
            ],
            "3.0": [
              -160,
              -5,
              -42.5
            ],
            "3.08": [
              -156.67,
              -5,
              -42.5
            ],
            "3.2": [
              -155,
              -5,
              -42.5
            ],
            "5.44": [
              -155,
              -5,
              -42.5
            ],
            "5.52": [
              -100,
              32.5,
              -17.5
            ],
            "7.48": [
              -100,
              32.5,
              -17.5
            ],
            "7.84": [
              -100,
              32.5,
              -17.5
            ],
            "7.88": [
              -100,
              32.5,
              -22.5
            ],
            "7.92": [
              -125,
              32.5,
              -37.5
            ],
            "7.96": [
              0,
              0,
              0
            ]
          },
          "position": {
            "0.76": [
              0,
              0,
              0
            ],
            "0.84": [
              7,
              -3,
              -8
            ],
            "0.88": [
              3,
              1,
              -11
            ],
            "0.92": [
              3,
              1.5,
              -11
            ],
            "1.0": [
              3,
              1.75,
              -11
            ],
            "1.2": [
              3,
              1.75,
              -11
            ],
            "1.24": [
              0,
              0.75,
              -9
            ],
            "1.28": [
              -2,
              -1.25,
              -1
            ],
            "2.24": [
              -2,
              -1.25,
              -1
            ],
            "2.44": [
              -0.725,
              -0.25,
              -3
            ],
            "2.52": [
              -0.725,
              -0.25,
              -3
            ],
            "2.64": [
              -0.725,
              -0.25,
              -3
            ],
            "2.76": [
              -0.725,
              -0.25,
              -3
            ],
            "2.88": [
              -0.725,
              -0.25,
              -3
            ],
            "3.0": [
              -1.73,
              -0.25,
              -1
            ],
            "5.44": [
              -1.73,
              -0.25,
              -1
            ],
            "5.52": [
              -0.73,
              -2.25,
              -1
            ],
            "7.84": [
              -0.73,
              -2.25,
              -1
            ],
            "7.88": [
              0.77,
              -2.25,
              -1
            ],
            "7.92": [
              3.52,
              -2.25,
              -4.25
            ],
            "7.96": [
              0,
              0,
              0
            ]
          },
          "scale": {
            "0.76": [
              1,
              1,
              1
            ],
            "0.84": [
              1.6,
              1,
              3.9
            ],
            "0.88": [
              1.1,
              1,
              1.2
            ],
            "1.2": [
              1.1,
              1,
              1.2
            ],
            "1.24": [
              1.1,
              1,
              2.9
            ],
            "1.28": [
              1,
              1,
              1
            ],
            "2.24": [
              1,
              1,
              1
            ],
            "2.44": [
              1,
              1.5,
              1.8
            ],
            "2.48": [
              1,
              1.5,
              1
            ],
            "2.52": [
              1,
              1.5,
              1.8
            ],
            "2.56": [
              1,
              1.5,
              1
            ],
            "2.64": [
              1,
              1.5,
              1.4
            ],
            "2.68": [
              1,
              1.5,
              1
            ],
            "2.72": [
              1,
              1.5,
              1
            ],
            "2.76": [
              1,
              1.5,
              1.1
            ],
            "2.8": [
              1,
              1.5,
              1
            ],
            "2.88": [
              1,
              1.5,
              1
            ],
            "2.92": [
              1,
              1.5,
              1
            ],
            "5.44": [
              1,
              1.5,
              1
            ],
            "7.84": [
              1,
              1.5,
              1
            ],
            "7.88": [
              2.6,
              1.5,
              1
            ],
            "7.92": [
              3.8,
              1.5,
              1
            ],
            "7.96": [
              1,
              1,
              1
            ]
          }
        },
        "leftArm": {
          "rotation": {
            "0.76": [
              0,
              0,
              0
            ],
            "0.84": [
              -52.5,
              0,
              -32.5
            ],
            "0.88": [
              -70,
              0,
              -27.5
            ],
            "1.2": [
              -70,
              0,
              -27.5
            ],
            "1.28": [
              0,
              0,
              -97.5
            ],
            "2.4": [
              0,
              0,
              -97.5
            ],
            "2.52": [
              -112.5,
              -12.275,
              -10
            ],
            "2.56": [
              -145,
              -12.3,
              -10
            ],
            "2.6": [
              -112.5,
              -12.3,
              -10
            ],
            "2.64": [
              -155,
              -12.3,
              -10
            ],
            "2.72": [
              -112.5,
              -12.3,
              -10
            ],
            "2.76": [
              -145,
              -12.3,
              -10
            ],
            "2.8": [
              -145,
              -12.3,
              -10
            ],
            "2.84": [
              -112.5,
              -12.3,
              -10
            ],
            "2.88": [
              -155,
              -12.3,
              -10
            ],
            "2.96": [
              -112.5,
              -12.3,
              -10
            ],
            "3.04": [
              -177.5,
              -4.8,
              45
            ],
            "3.12": [
              -175.83,
              -4.8,
              45
            ],
            "3.2": [
              -175,
              -4.8,
              45
            ],
            "5.36": [
              -175,
              -4.8,
              45
            ],
            "5.44": [
              -200.83,
              -4.8,
              30
            ],
            "5.48": [
              -187.5,
              -4.8,
              22.5
            ],
            "5.52": [
              -145,
              10.2,
              22.5
            ],
            "5.6": [
              -172.5,
              2.7,
              32.5
            ],
            "5.76": [
              -170,
              2.7,
              32.5
            ],
            "7.84": [
              -170,
              2.7,
              32.5
            ],
            "7.92": [
              0,
              0,
              0
            ]
          },
          "position": {
            "0.84": [
              0,
              0,
              0
            ],
            "0.88": [
              2,
              0,
              -3
            ],
            "1.2": [
              2,
              0,
              -3
            ],
            "2.4": [
              2,
              0,
              -3
            ],
            "2.52": [
              -0.725,
              -0.25,
              -3
            ],
            "2.6": [
              -0.725,
              -0.25,
              -3
            ],
            "2.72": [
              -0.725,
              -0.25,
              -3
            ],
            "2.84": [
              -0.725,
              -0.25,
              -3
            ],
            "2.96": [
              -0.725,
              -0.25,
              -3
            ],
            "3.04": [
              1.27,
              -0.25,
              0
            ],
            "5.36": [
              1.27,
              -0.25,
              0
            ],
            "7.84": [
              1.27,
              -0.25,
              0
            ],
            "7.92": [
              0,
              0,
              0
            ]
          },
          "scale": {
            "0.76": [
              1,
              1,
              1
            ],
            "0.84": [
              1,
              2.1,
              1
            ],
            "0.88": [
              1,
              1,
              1
            ],
            "1.2": [
              1,
              1,
              1
            ],
            "1.28": [
              1,
              1,
              1
            ],
            "2.4": [
              1,
              1,
              1
            ],
            "2.52": [
              1,
              1.5,
              1.8
            ],
            "2.56": [
              1,
              1.5,
              1
            ],
            "2.6": [
              1,
              1.5,
              1.8
            ],
            "2.64": [
              1,
              1.5,
              1
            ],
            "2.72": [
              1,
              1.5,
              1.4
            ],
            "2.76": [
              1,
              1.5,
              1
            ],
            "2.8": [
              1,
              1.5,
              1
            ],
            "2.84": [
              1,
              1.5,
              1.1
            ],
            "2.88": [
              1,
              1.5,
              1
            ],
            "2.96": [
              1,
              1.5,
              1
            ],
            "3.04": [
              1,
              1.5,
              1
            ],
            "5.36": [
              1,
              1.5,
              1
            ],
            "5.48": [
              1,
              2.4,
              2.5
            ],
            "5.52": [
              1,
              2.4,
              1.4
            ],
            "5.56": [
              1,
              2.3,
              1
            ],
            "7.84": [
              1,
              2.3,
              1
            ],
            "7.92": [
              1,
              1,
              1
            ]
          }
        },
        "register": {
          "rotation": {
            "0.84": [
              0,
              0,
              0
            ],
            "0.88": [
              0,
              -2.87,
              0
            ],
            "1.0": [
              0,
              -5.75,
              0
            ],
            "1.2": [
              0,
              -5.75,
              0
            ],
            "1.32": [
              0,
              71.75,
              0
            ],
            "1.56": [
              0,
              73.63,
              0
            ],
            "1.8": [
              0,
              74.25,
              0
            ],
            "2.4": [
              0,
              74.25,
              0
            ],
            "2.44": [
              0,
              74.25,
              -2.5
            ],
            "2.48": [
              0,
              74.25,
              2.5
            ],
            "2.52": [
              0,
              74.25,
              -2.5
            ],
            "2.56": [
              0,
              74.25,
              2.5
            ],
            "2.6": [
              0,
              74.25,
              -2.5
            ],
            "2.68": [
              0,
              74.25,
              2.5
            ],
            "2.76": [
              0,
              74.25,
              -2.5
            ],
            "2.84": [
              0,
              74.25,
              2.5
            ],
            "3.0": [
              0,
              74.25,
              -1.5
            ],
            "3.12": [
              0,
              74.25,
              1.5
            ],
            "3.24": [
              0,
              74.25,
              1.1
            ],
            "7.88": [
              0,
              74.25,
              1.1
            ],
            "7.96": [
              0,
              6.19,
              0.09
            ],
            "8.08": [
              0,
              1.77,
              0.03
            ],
            "8.2": [
              0,
              0.59,
              0.01
            ],
            "8.4": [
              0,
              0,
              0
            ]
          },
          "position": {
            "1.2": [
              0,
              0,
              0
            ],
            "1.32": [
              -10,
              0,
              0
            ],
            "1.44": [
              -10.3,
              0,
              0
            ],
            "1.68": [
              -10.5,
              0,
              0
            ],
            "7.88": [
              -10.5,
              0,
              0
            ],
            "7.96": [
              -0.87,
              0,
              0
            ],
            "8.08": [
              -0.25,
              0,
              0
            ],
            "8.2": [
              -0.08,
              0,
              0
            ],
            "8.4": [
              0,
              0,
              0
            ]
          },
          "scale": {
            "1.2": [
              1,
              1,
              1
            ],
            "1.24": [
              1.3,
              1,
              1.2
            ],
            "1.32": [
              1,
              1,
              1
            ],
            "3.76": [
              1,
              1,
              1
            ],
            "3.84": [
              1,
              0.9,
              1
            ],
            "3.88": [
              1,
              1.0333,
              1
            ],
            "3.92": [
              1,
              1.0778,
              1
            ],
            "4.04": [
              1,
              1.1,
              1
            ],
            "4.12": [
              1,
              0.98,
              1
            ],
            "4.16": [
              1,
              0.99,
              1
            ],
            "4.28": [
              1,
              1,
              1
            ],
            "7.88": [
              1,
              1,
              1
            ],
            "7.96": [
              1,
              1,
              1
            ],
            "8.4": [
              1,
              1,
              1
            ]
          }
        },
        "ticket": {
          "rotation": {
            "4.08": [
              0,
              0,
              0
            ],
            "4.16": [
              0,
              0,
              10
            ],
            "4.24": [
              0,
              0,
              6.67
            ],
            "4.4": [
              0,
              0,
              5
            ],
            "4.64": [
              0,
              0,
              5.84
            ],
            "5.52": [
              0,
              0,
              5.84
            ],
            "5.6": [
              -7.5,
              0,
              -24.16
            ]
          },
          "position": {
            "3.84": [
              0,
              0,
              0
            ],
            "3.96": [
              0,
              4,
              0
            ],
            "5.52": [
              0,
              4,
              0
            ],
            "5.6": [
              -2,
              7,
              2.75
            ],
            "5.68": [
              -2,
              6.75,
              2.75
            ],
            "7.48": [
              -2,
              6.75,
              2.75
            ],
            "7.56": [
              -2.475,
              7.175,
              1.375
            ],
            "7.64": [
              -2.525,
              8.48,
              0.27
            ],
            "7.72": [
              -2.53,
              8.605,
              0.045
            ],
            "7.84": [
              -2.53,
              8.84,
              -0.06
            ],
            "7.88": [
              -2.53,
              -1.16,
              -0.06
            ]
          },
          "scale": {
            "7.84": [
              1,
              1,
              1
            ],
            "7.88": [
              1,
              0,
              0
            ]
          }
        }
      }
    },
    "animation.hive.sonic.event.ringshop.chao.totem": {
      "animation_length": 7.72,
      "bones": {
        "chao": {
          "rotation": {
            "3.48": [
              0,
              0,
              0
            ],
            "3.56": [
              0,
              -1.25,
              0
            ],
            "3.64": [
              0,
              -5,
              0
            ],
            "3.72": [
              2.86,
              -44.29,
              0
            ],
            "3.8": [
              9.29,
              -132.68,
              0
            ],
            "3.92": [
              9.82,
              -140.05,
              0
            ],
            "4.04": [
              10,
              -142.5,
              0
            ],
            "5.76": [
              10,
              -142.5,
              0
            ],
            "6.76": [
              10,
              -142.5,
              0
            ],
            "6.88": [
              9.58,
              -136.56,
              0
            ],
            "6.96": [
              0,
              -2,
              0
            ],
            "7.12": [
              0,
              0,
              0
            ]
          },
          "position": {
            "3.48": [
              0,
              0,
              0
            ],
            "3.56": [
              0,
              0,
              0
            ],
            "3.64": [
              0,
              0,
              0
            ],
            "3.72": [
              0,
              -1.71,
              0
            ],
            "3.8": [
              0,
              0.73,
              0
            ],
            "3.92": [
              0,
              0.93,
              0
            ],
            "4.04": [
              0,
              1,
              0
            ],
            "5.76": [
              0,
              1,
              0
            ],
            "6.0": [
              0,
              0.75,
              0
            ],
            "6.12": [
              0,
              0.81,
              0
            ],
            "6.32": [
              0,
              0.85,
              0
            ],
            "6.76": [
              0,
              0.85,
              0
            ],
            "6.88": [
              0,
              0.81,
              0
            ],
            "6.96": [
              0,
              -0.275,
              0
            ],
            "7.12": [
              0,
              0,
              0
            ]
          },
          "scale": {
            "3.48": [
              1,
              1,
              1
            ],
            "6.76": [
              1,
              1,
              1
            ],
            "6.88": [
              1,
              1,
              1
            ],
            "6.96": [
              1,
              1,
              1
            ]
          }
        },
        "head": {
          "rotation": {
            "1.68": [
              0,
              0,
              0
            ],
            "1.76": [
              -0.83,
              1.25,
              0
            ],
            "1.84": [
              -3.33,
              5,
              0
            ],
            "1.92": [
              -4.44,
              6.67,
              0
            ],
            "2.04": [
              -5,
              7.5,
              0
            ],
            "2.84": [
              -5,
              7.5,
              0
            ],
            "2.92": [
              -3.75,
              6.25,
              0
            ],
            "3.0": [
              -1.25,
              3.75,
              0
            ],
            "3.16": [
              0,
              2.5,
              0
            ],
            "3.56": [
              0,
              2.5,
              0
            ],
            "3.64": [
              0,
              0,
              0
            ],
            "3.88": [
              -7.5,
              0,
              0
            ],
            "4.0": [
              -5.62,
              0,
              0
            ],
            "4.12": [
              -5,
              0,
              0
            ],
            "4.92": [
              -5,
              0,
              0
            ],
            "5.0": [
              -5,
              1.67,
              0
            ],
            "5.2": [
              -5,
              2.5,
              0
            ],
            "6.88": [
              -5,
              2.5,
              0
            ],
            "6.92": [
              -2.5,
              1.25,
              7.5
            ],
            "6.96": [
              0,
              0,
              5
            ],
            "7.08": [
              0,
              0,
              -1
            ],
            "7.12": [
              0,
              0,
              -1.75
            ],
            "7.2": [
              0,
              0,
              -2.5
            ],
            "7.28": [
              0,
              0,
              -2.08
            ],
            "7.4": [
              0,
              0,
              -0.52
            ],
            "7.56": [
              0,
              0,
              0
            ]
          },
          "position": [
            0,
            0,
            0
          ]
        },
        "rightArm": {
          "rotation": {
            "1.8": [
              0,
              0,
              0
            ],
            "1.92": [
              0,
              22,
              -8
            ],
            "2.12": [
              0,
              27.5,
              -10
            ],
            "3.64": [
              0,
              27.5,
              -10
            ],
            "3.8": [
              15,
              10,
              7.5
            ],
            "6.88": [
              15,
              10,
              7.5
            ],
            "6.96": [
              0,
              0,
              0
            ]
          },
          "position": {
            "5.76": [
              0,
              0,
              0
            ],
            "5.92": [
              0,
              -0.22,
              0
            ],
            "6.04": [
              0,
              -0.84,
              0
            ],
            "6.12": [
              0,
              -1,
              0
            ],
            "6.2": [
              0,
              -0.95,
              0
            ],
            "6.32": [
              0,
              -0.92,
              0
            ],
            "6.88": [
              0,
              -0.92,
              0
            ],
            "6.96": [
              0,
              0,
              0
            ]
          }
        },
        "leftArm": {
          "rotation": {
            "1.72": [
              0,
              0,
              0
            ],
            "1.8": [
              -10.55,
              2.22,
              0
            ],
            "1.84": [
              -82.94,
              17.46,
              0
            ],
            "1.92": [
              -91.98,
              19.37,
              0
            ],
            "2.16": [
              -95,
              20,
              0
            ],
            "2.84": [
              -95,
              20,
              0
            ],
            "3.0": [
              -89,
              16,
              0
            ],
            "3.16": [
              -87.5,
              15,
              0
            ],
            "3.64": [
              -87.5,
              15,
              0
            ],
            "3.76": [
              -2.5,
              15,
              0
            ],
            "6.88": [
              -2.5,
              15,
              0
            ],
            "6.96": [
              0,
              0,
              0
            ]
          },
          "position": {
            "1.72": [
              0,
              0,
              0
            ],
            "1.8": [
              0.11,
              0,
              -0.11
            ],
            "1.84": [
              0.87,
              0,
              -0.87
            ],
            "1.92": [
              0.97,
              0,
              -0.97
            ],
            "2.16": [
              1,
              0,
              -1
            ],
            "5.76": [
              1,
              0,
              -1
            ],
            "5.92": [
              1,
              -0.22,
              -1
            ],
            "6.04": [
              1,
              -0.84,
              -1
            ],
            "6.12": [
              1,
              -1,
              -1
            ],
            "6.2": [
              1,
              -0.95,
              -1
            ],
            "6.32": [
              1,
              -0.92,
              -1
            ],
            "6.88": [
              1,
              -0.92,
              -1
            ],
            "6.96": [
              0,
              0,
              0
            ]
          }
        },
        "top": {
          "rotation": {
            "0.28": [
              0,
              0,
              0
            ],
            "1.12": [
              0,
              3.89,
              0
            ],
            "1.48": [
              0,
              4.6,
              0
            ],
            "1.92": [
              0,
              5,
              0
            ],
            "3.76": [
              0,
              5,
              0
            ],
            "3.8": [
              0,
              3.75,
              0
            ],
            "3.84": [
              0,
              0,
              0
            ],
            "3.96": [
              0,
              0,
              0
            ]
          },
          "position": {
            "0.28": [
              0,
              0,
              0
            ],
            "3.76": [
              0,
              0,
              0
            ],
            "3.8": [
              0,
              0,
              0
            ],
            "3.84": [
              0,
              0,
              0
            ],
            "3.96": [
              0,
              0,
              0
            ]
          },
          "scale": {
            "0.2": [
              1,
              1,
              1
            ],
            "0.28": [
              1,
              0.96,
              1
            ],
            "0.36": [
              1,
              0.9867,
              1
            ],
            "0.56": [
              1,
              1,
              1
            ],
            "1.0": [
              1,
              1,
              1
            ],
            "3.76": [
              1,
              1,
              1
            ],
            "3.8": [
              1,
              0.965,
              1
            ],
            "3.84": [
              1,
              0.86,
              1
            ],
            "3.96": [
              1,
              1.04,
              1
            ],
            "4.08": [
              1,
              0.98,
              1
            ],
            "4.24": [
              1,
              1,
              1
            ]
          }
        },
        "leftEar": {
          "rotation": {
            "0.28": [
              0,
              0,
              0
            ],
            "0.36": [
              0,
              0,
              2.5
            ],
            "0.56": [
              0,
              0,
              0.62
            ],
            "0.84": [
              0,
              0,
              0
            ]
          }
        },
        "rightEar": {
          "rotation": {
            "0.32": [
              0,
              0,
              0
            ],
            "0.4": [
              0,
              0,
              -2.5
            ],
            "0.6": [
              0,
              0,
              -0.62
            ],
            "0.88": [
              0,
              0,
              0
            ]
          }
        }
      }
    }
  }
}