{
  "format_version": "1.8.0",
  "animations": {
    "animation.hive.sonic.event.ringshop.sign": {
      "loop": true,
      "animation_length": 6.24,
      "bones": {
        "rope": {
          "rotation": {
            "0.0": [
              0,
              0,
              0
            ],
            "0.96": [
              -2.08,
              0,
              0
            ],
            "1.16": [
              -2.33,
              0,
              0
            ],
            "1.32": [
              -2.43,
              0,
              0
            ],
            "1.56": [
              -2.5,
              0,
              0
            ],
            "1.8": [
              -2.43,
              0,
              0
            ],
            "1.96": [
              -2.33,
              0,
              0
            ],
            "2.16": [
              -2.08,
              0,
              0
            ],
            "3.12": [
              0,
              0,
              0
            ],
            "4.08": [
              2.08,
              0,
              0
            ],
            "4.28": [
              2.33,
              0,
              0
            ],
            "4.44": [
              2.43,
              0,
              0
            ],
            "4.68": [
              2.5,
              0,
              0
            ],
            "4.92": [
              2.43,
              0,
              0
            ],
            "5.08": [
              2.33,
              0,
              0
            ],
            "5.28": [
              2.08,
              0,
              0
            ],
            "6.24": [
              0,
              0,
              0
            ]
          }
        },
        "sign": {
          "rotation": {
            "0.0": [
              1.3,
              0,
              0
            ],
            "0.6": [
              0,
              0,
              0
            ],
            "1.56": [
              -2.08,
              0,
              0
            ],
            "1.76": [
              -2.33,
              0,
              0
            ],
            "1.92": [
              -2.43,
              0,
              0
            ],
            "2.16": [
              -2.5,
              0,
              0
            ],
            "2.4": [
              -2.43,
              0,
              0
            ],
            "2.56": [
              -2.33,
              0,
              0
            ],
            "2.76": [
              -2.08,
              0,
              0
            ],
            "3.72": [
              0,
              0,
              0
            ],
            "4.68": [
              2.08,
              0,
              0
            ],
            "4.88": [
              2.33,
              0,
              0
            ],
            "5.04": [
              2.43,
              0,
              0
            ],
            "5.28": [
              2.5,
              0,
              0
            ],
            "5.52": [
              2.43,
              0,
              0
            ],
            "5.68": [
              2.33,
              0,
              0
            ],
            "5.88": [
              2.08,
              0,
              0
            ],
            "6.24": [
              1.3,
              0,
              0
            ]
          }
        },
        "vineSway": {
          "rotation": {
            "0.0": [
              5,
              0,
              0
            ],
            "0.96": [
              5,
              0,
              0
            ],
            "1.72": [
              1.83,
              0,
              0
            ],
            "2.56": [
              -2.41,
              0,
              0
            ],
            "2.8": [
              -3.02,
              0,
              0
            ],
            "3.08": [
              -2.55,
              0,
              0
            ],
            "4.04": [
              1.83,
              0,
              0
            ],
            "4.6": [
              4.17,
              0,
              0
            ],
            "4.8": [
              4.375,
              0,
              0
            ],
            "5.16": [
              3.7,
              0,
              0
            ],
            "6.24": [
              5,
              0,
              0
            ]
          }
        },
        "vineSway2": {
          "rotation": {
            "0.0": [
              0,
              0,
              0
            ],
            "1.12": [
              5,
              0,
              0
            ],
            "3.64": [
              -5,
              0,
              0
            ],
            "4.16": [
              -4,
              0,
              0
            ],
            "4.96": [
              2.54,
              0,
              0
            ],
            "5.24": [
              3.93,
              0,
              0
            ],
            "6.24": [
              0,
              0,
              0
            ]
          }
        }
      }
    }
  }
}