{
	"format_version": "1.16.0",
	"minecraft:entity": {
		"description": {
			"identifier": "hive:balloons",
			"is_spawnable": true,
			"is_summonable": true,
			"is_experimental": true
		},
		"components": {
			"minecraft:collision_box": {
				"height": 1.8,
				"width": 1
			},
			"minecraft:damage_sensor": {
				"triggers": {
					"deals_damage": false
				}
			},
			"minecraft:health": {
				"max": 1,
				"min": 0,
				"value": 1
			},
			"minecraft:is_stackable": {},
			"minecraft:nameable": {
				"always_show": true
			},
			"minecraft:push_through": 1,
			"minecraft:pushable": {
				"is_pushable": false,
				"is_pushable_by_piston": false
			}
		}
	}
}