{
  "minecraft:geometry": [
    {
      "description": {
        "identifier": "geometry.hive.sonic.cp.laser",
        "texture_width": 64,
        "texture_height": 64,
        "visible_bounds_width": 20,
        "visible_bounds_height": 6,
        "visible_bounds_offset": [
          0,
          1,
          0
        ]
      },
      "bones": [
        {
          "name": "root",
          "pivot": [
            0,
            8,
            0
          ]
        },
        {
          "name": "emitter",
          "parent": "root",
          "pivot": [
            0,
            0,
            0
          ],
          "cubes": [
            {
              "origin": [
                -6,
                1,
                6
              ],
              "size": [
                12,
                14,
                2
              ],
              "uv": {
                "north": {
                  "uv": [
                    2,
                    2
                  ],
                  "uv_size": [
                    12,
                    14
                  ]
                },
                "east": {
                  "uv": [
                    0,
                    2
                  ],
                  "uv_size": [
                    2,
                    14
                  ]
                },
                "south": {
                  "uv": [
                    16,
                    2
                  ],
                  "uv_size": [
                    12,
                    14
                  ]
                },
                "west": {
                  "uv": [
                    14,
                    2
                  ],
                  "uv_size": [
                    2,
                    14
                  ]
                },
                "up": {
                  "uv": [
                    2,
                    0
                  ],
                  "uv_size": [
                    12,
                    2
                  ]
                },
                "down": {
                  "uv": [
                    14,
                    2
                  ],
                  "uv_size": [
                    12,
                    -2
                  ]
                }
              }
            },
            {
              "origin": [
                -3,
                4,
                2
              ],
              "size": [
                6,
                8,
                4
              ],
              "uv": {
                "north": {
                  "uv": [
                    4,
                    21
                  ],
                  "uv_size": [
                    6,
                    8
                  ]
                },
                "east": {
                  "uv": [
                    0,
                    21
                  ],
                  "uv_size": [
                    4,
                    8
                  ]
                },
                "south": {
                  "uv": [
                    14,
                    21
                  ],
                  "uv_size": [
                    6,
                    8
                  ]
                },
                "west": {
                  "uv": [
                    10,
                    21
                  ],
                  "uv_size": [
                    4,
                    8
                  ]
                },
                "up": {
                  "uv": [
                    4,
                    17
                  ],
                  "uv_size": [
                    6,
                    4
                  ]
                },
                "down": {
                  "uv": [
                    10,
                    21
                  ],
                  "uv_size": [
                    6,
                    -4
                  ]
                }
              }
            },
            {
              "origin": [
                3,
                5,
                3
              ],
              "size": [
                3,
                6,
                0
              ],
              "uv": {
                "north": {
                  "uv": [
                    13,
                    30
                  ],
                  "uv_size": [
                    3,
                    6
                  ]
                },
                "east": {
                  "uv": [
                    13,
                    30
                  ],
                  "uv_size": [
                    0,
                    6
                  ]
                },
                "south": {
                  "uv": [
                    16,
                    30
                  ],
                  "uv_size": [
                    3,
                    6
                  ]
                },
                "west": {
                  "uv": [
                    16,
                    30
                  ],
                  "uv_size": [
                    0,
                    6
                  ]
                },
                "up": {
                  "uv": [
                    13,
                    30
                  ],
                  "uv_size": [
                    3,
                    0
                  ]
                },
                "down": {
                  "uv": [
                    16,
                    30
                  ],
                  "uv_size": [
                    3,
                    0
                  ]
                }
              }
            },
            {
              "origin": [
                -6,
                5,
                3
              ],
              "size": [
                3,
                6,
                0
              ],
              "uv": {
                "north": {
                  "uv": [
                    16,
                    30
                  ],
                  "uv_size": [
                    -3,
                    6
                  ]
                },
                "east": {
                  "uv": [
                    16,
                    30
                  ],
                  "uv_size": [
                    0,
                    6
                  ]
                },
                "south": {
                  "uv": [
                    19,
                    30
                  ],
                  "uv_size": [
                    -3,
                    6
                  ]
                },
                "west": {
                  "uv": [
                    13,
                    30
                  ],
                  "uv_size": [
                    0,
                    6
                  ]
                },
                "up": {
                  "uv": [
                    16,
                    30
                  ],
                  "uv_size": [
                    -3,
                    0
                  ]
                },
                "down": {
                  "uv": [
                    19,
                    30
                  ],
                  "uv_size": [
                    -3,
                    0
                  ]
                }
              }
            },
            {
              "origin": [
                -2,
                6,
                -2
              ],
              "size": [
                4,
                4,
                4
              ],
              "uv": {
                "north": {
                  "uv": [
                    25,
                    28
                  ],
                  "uv_size": [
                    4,
                    4
                  ]
                },
                "east": {
                  "uv": [
                    21,
                    28
                  ],
                  "uv_size": [
                    4,
                    4
                  ]
                },
                "south": {
                  "uv": [
                    33,
                    28
                  ],
                  "uv_size": [
                    4,
                    4
                  ]
                },
                "west": {
                  "uv": [
                    29,
                    28
                  ],
                  "uv_size": [
                    4,
                    4
                  ]
                },
                "up": {
                  "uv": [
                    25,
                    24
                  ],
                  "uv_size": [
                    4,
                    4
                  ]
                },
                "down": {
                  "uv": [
                    29,
                    28
                  ],
                  "uv_size": [
                    4,
                    -4
                  ]
                }
              }
            },
            {
              "origin": [
                -3,
                5,
                1
              ],
              "size": [
                6,
                6,
                0
              ],
              "uv": {
                "north": {
                  "uv": [
                    0,
                    30
                  ],
                  "uv_size": [
                    6,
                    6
                  ]
                },
                "east": {
                  "uv": [
                    0,
                    30
                  ],
                  "uv_size": [
                    0,
                    6
                  ]
                },
                "south": {
                  "uv": [
                    6,
                    30
                  ],
                  "uv_size": [
                    6,
                    6
                  ]
                },
                "west": {
                  "uv": [
                    6,
                    30
                  ],
                  "uv_size": [
                    0,
                    6
                  ]
                },
                "up": {
                  "uv": [
                    0,
                    30
                  ],
                  "uv_size": [
                    6,
                    0
                  ]
                },
                "down": {
                  "uv": [
                    6,
                    30
                  ],
                  "uv_size": [
                    6,
                    0
                  ]
                }
              }
            },
            {
              "origin": [
                -3,
                5,
                -1
              ],
              "size": [
                6,
                6,
                0
              ],
              "uv": {
                "north": {
                  "uv": [
                    0,
                    30
                  ],
                  "uv_size": [
                    6,
                    6
                  ]
                },
                "east": {
                  "uv": [
                    0,
                    30
                  ],
                  "uv_size": [
                    0,
                    6
                  ]
                },
                "south": {
                  "uv": [
                    6,
                    30
                  ],
                  "uv_size": [
                    6,
                    6
                  ]
                },
                "west": {
                  "uv": [
                    6,
                    30
                  ],
                  "uv_size": [
                    0,
                    6
                  ]
                },
                "up": {
                  "uv": [
                    0,
                    30
                  ],
                  "uv_size": [
                    6,
                    0
                  ]
                },
                "down": {
                  "uv": [
                    6,
                    30
                  ],
                  "uv_size": [
                    6,
                    0
                  ]
                }
              }
            }
          ]
        },
        {
          "name": "beam",
          "parent": "root",
          "pivot": [
            0,
            8,
            8
          ],
          "cubes": [
            {
              "origin": [
                5.65685,
                3.65685,
                -8
              ],
              "size": [
                0,
                4,
                16
              ],
              "pivot": [
                0,
                0,
                0
              ],
              "rotation": [
                0,
                0,
                -45
              ],
              "uv": {
                "east": {
                  "uv": [
                    48,
                    60
                  ],
                  "uv_size": [
                    16,
                    4
                  ]
                },
                "west": {
                  "uv": [
                    48,
                    60
                  ],
                  "uv_size": [
                    16,
                    4
                  ]
                }
              }
            },
            {
              "origin": [
                -5.65685,
                3.65685,
                -8
              ],
              "size": [
                0,
                4,
                16
              ],
              "pivot": [
                0,
                0,
                0
              ],
              "rotation": [
                0,
                0,
                45
              ],
              "uv": {
                "east": {
                  "uv": [
                    48,
                    60
                  ],
                  "uv_size": [
                    16,
                    4
                  ]
                },
                "west": {
                  "uv": [
                    48,
                    60
                  ],
                  "uv_size": [
                    16,
                    4
                  ]
                }
              }
            }
          ],
          "locators": {
            "beam_end": [
              0,
              8,
              -8
            ]
          }
        }
      ]
    }
  ],
  "format_version": "1.12.0"
}