{
  "minecraft:geometry": [
    {
      "description": {
        "identifier": "geometry.hive.sonic.cp.platform.moving",
        "texture_width": 64,
        "texture_height": 64,
        "visible_bounds_width": 4,
        "visible_bounds_height": 3,
        "visible_bounds_offset": [
          0,
          0.5,
          0
        ]
      },
      "bones": [
        {
          "name": "root",
          "pivot": [
            0,
            15,
            0
          ]
        },
        {
          "name": "bottomPivot",
          "parent": "root",
          "pivot": [
            0,
            0,
            0
          ],
          "cubes": [
            {
              "origin": [
                0,
                0,
                0
              ],
              "size": [
                17,
                6,
                17
              ],
              "uv": {
                "north": {
                  "uv": [
                    17,
                    22
                  ],
                  "uv_size": [
                    5.66667,
                    2
                  ]
                },
                "east": {
                  "uv": [
                    11.33333,
                    22
                  ],
                  "uv_size": [
                    5.66667,
                    2
                  ]
                },
                "south": {
                  "uv": [
                    32,
                    26
                  ],
                  "uv_size": [
                    17,
                    6
                  ]
                },
                "west": {
                  "uv": [
                    49,
                    26
                  ],
                  "uv_size": [
                    -17,
                    6
                  ]
                },
                "up": {
                  "uv": [
                    11.33333,
                    22
                  ],
                  "uv_size": [
                    -5.66667,
                    -5.66667
                  ]
                },
                "down": {
                  "uv": [
                    49,
                    9
                  ],
                  "uv_size": [
                    -17,
                    17
                  ]
                }
              }
            },
            {
              "origin": [
                -20,
                6,
                -20
              ],
              "size": [
                20,
                9,
                20
              ],
              "uv": {
                "north": {
                  "uv": [
                    20,
                    0
                  ],
                  "uv_size": [
                    20,
                    9
                  ]
                },
                "east": {
                  "uv": [
                    40,
                    0
                  ],
                  "uv_size": [
                    20,
                    9
                  ]
                },
                "south": {
                  "uv": [
                    20,
                    6.66667
                  ],
                  "uv_size": [
                    6.66667,
                    3
                  ]
                },
                "west": {
                  "uv": [
                    13.33333,
                    6.66667
                  ],
                  "uv_size": [
                    6.66667,
                    3
                  ]
                },
                "up": {
                  "uv": [
                    0,
                    0
                  ],
                  "uv_size": [
                    20,
                    20
                  ]
                },
                "down": {
                  "uv": [
                    0,
                    40
                  ],
                  "uv_size": [
                    20,
                    -20
                  ]
                }
              }
            },
            {
              "origin": [
                -20,
                6,
                0
              ],
              "size": [
                20,
                9,
                20
              ],
              "uv": {
                "north": {
                  "uv": [
                    26.66667,
                    6.66667
                  ],
                  "uv_size": [
                    -6.66667,
                    3
                  ]
                },
                "east": {
                  "uv": [
                    20,
                    0
                  ],
                  "uv_size": [
                    20,
                    9
                  ]
                },
                "south": {
                  "uv": [
                    40,
                    0
                  ],
                  "uv_size": [
                    20,
                    9
                  ]
                },
                "west": {
                  "uv": [
                    20,
                    6.66667
                  ],
                  "uv_size": [
                    -6.66667,
                    3
                  ]
                },
                "up": {
                  "uv": [
                    0,
                    20
                  ],
                  "uv_size": [
                    20,
                    -20
                  ]
                },
                "down": {
                  "uv": [
                    0,
                    20
                  ],
                  "uv_size": [
                    20,
                    20
                  ]
                }
              }
            },
            {
              "origin": [
                0,
                6,
                -20
              ],
              "size": [
                20,
                9,
                20
              ],
              "uv": {
                "north": {
                  "uv": [
                    40,
                    0
                  ],
                  "uv_size": [
                    20,
                    9
                  ]
                },
                "east": {
                  "uv": [
                    20,
                    6.66667
                  ],
                  "uv_size": [
                    -6.66667,
                    3
                  ]
                },
                "south": {
                  "uv": [
                    26.66667,
                    6.66667
                  ],
                  "uv_size": [
                    -6.66667,
                    3
                  ]
                },
                "west": {
                  "uv": [
                    20,
                    0
                  ],
                  "uv_size": [
                    20,
                    9
                  ]
                },
                "up": {
                  "uv": [
                    20,
                    0
                  ],
                  "uv_size": [
                    -20,
                    20
                  ]
                },
                "down": {
                  "uv": [
                    20,
                    40
                  ],
                  "uv_size": [
                    -20,
                    -20
                  ]
                }
              }
            },
            {
              "origin": [
                0,
                6,
                0
              ],
              "size": [
                20,
                9,
                20
              ],
              "uv": {
                "north": {
                  "uv": [
                    20,
                    6.66667
                  ],
                  "uv_size": [
                    6.66667,
                    3
                  ]
                },
                "east": {
                  "uv": [
                    13.33333,
                    6.66667
                  ],
                  "uv_size": [
                    6.66667,
                    3
                  ]
                },
                "south": {
                  "uv": [
                    20,
                    0
                  ],
                  "uv_size": [
                    20,
                    9
                  ]
                },
                "west": {
                  "uv": [
                    40,
                    0
                  ],
                  "uv_size": [
                    20,
                    9
                  ]
                },
                "up": {
                  "uv": [
                    20,
                    20
                  ],
                  "uv_size": [
                    -20,
                    -20
                  ]
                },
                "down": {
                  "uv": [
                    20,
                    20
                  ],
                  "uv_size": [
                    -20,
                    20
                  ]
                }
              }
            },
            {
              "origin": [
                -22,
                6,
                -5
              ],
              "size": [
                2,
                9,
                10
              ],
              "uv": {
                "north": {
                  "uv": [
                    22,
                    11
                  ],
                  "uv_size": [
                    -2,
                    9
                  ]
                },
                "east": {
                  "uv": [
                    22,
                    11
                  ],
                  "uv_size": [
                    10,
                    9
                  ]
                },
                "south": {
                  "uv": [
                    20,
                    11
                  ],
                  "uv_size": [
                    2,
                    9
                  ]
                },
                "west": {
                  "uv": [
                    4,
                    8
                  ],
                  "uv_size": [
                    3.33333,
                    3
                  ]
                },
                "up": {
                  "uv": [
                    22,
                    20
                  ],
                  "uv_size": [
                    -2,
                    10
                  ]
                },
                "down": {
                  "uv": [
                    22,
                    30
                  ],
                  "uv_size": [
                    -2,
                    -10
                  ]
                }
              }
            },
            {
              "origin": [
                20,
                6,
                -5
              ],
              "size": [
                2,
                9,
                10
              ],
              "uv": {
                "north": {
                  "uv": [
                    20,
                    11
                  ],
                  "uv_size": [
                    2,
                    9
                  ]
                },
                "east": {
                  "uv": [
                    7.33333,
                    8
                  ],
                  "uv_size": [
                    -3.33333,
                    3
                  ]
                },
                "south": {
                  "uv": [
                    22,
                    11
                  ],
                  "uv_size": [
                    -2,
                    9
                  ]
                },
                "west": {
                  "uv": [
                    32,
                    11
                  ],
                  "uv_size": [
                    -10,
                    9
                  ]
                },
                "up": {
                  "uv": [
                    20,
                    11
                  ],
                  "uv_size": [
                    2,
                    8
                  ]
                },
                "down": {
                  "uv": [
                    20,
                    30
                  ],
                  "uv_size": [
                    2,
                    -10
                  ]
                }
              }
            },
            {
              "origin": [
                -5,
                6,
                -22
              ],
              "size": [
                10,
                9,
                2
              ],
              "uv": {
                "north": {
                  "uv": [
                    22,
                    11
                  ],
                  "uv_size": [
                    10,
                    9
                  ]
                },
                "east": {
                  "uv": [
                    20,
                    11
                  ],
                  "uv_size": [
                    2,
                    9
                  ]
                },
                "south": {
                  "uv": [
                    4.66667,
                    0.66667
                  ],
                  "uv_size": [
                    3.33333,
                    3
                  ]
                },
                "west": {
                  "uv": [
                    22,
                    11
                  ],
                  "uv_size": [
                    -2,
                    9
                  ]
                },
                "up": {
                  "uv": [
                    32,
                    9
                  ],
                  "uv_size": [
                    -10,
                    2
                  ]
                },
                "down": {
                  "uv": [
                    22,
                    11
                  ],
                  "uv_size": [
                    10,
                    -2
                  ]
                }
              }
            },
            {
              "origin": [
                -5,
                6,
                20
              ],
              "size": [
                10,
                9,
                2
              ],
              "uv": {
                "north": {
                  "uv": [
                    8,
                    0.66667
                  ],
                  "uv_size": [
                    -3.33333,
                    3
                  ]
                },
                "east": {
                  "uv": [
                    22,
                    11
                  ],
                  "uv_size": [
                    -2,
                    9
                  ]
                },
                "south": {
                  "uv": [
                    32,
                    11
                  ],
                  "uv_size": [
                    -10,
                    9
                  ]
                },
                "west": {
                  "uv": [
                    20,
                    11
                  ],
                  "uv_size": [
                    2,
                    9
                  ]
                },
                "up": {
                  "uv": [
                    22,
                    11
                  ],
                  "uv_size": [
                    10,
                    -2
                  ]
                },
                "down": {
                  "uv": [
                    22,
                    9
                  ],
                  "uv_size": [
                    10,
                    2
                  ]
                }
              }
            },
            {
              "origin": [
                -17,
                0,
                -17
              ],
              "size": [
                17,
                6,
                17
              ],
              "uv": {
                "north": {
                  "uv": [
                    32,
                    26
                  ],
                  "uv_size": [
                    17,
                    6
                  ]
                },
                "east": {
                  "uv": [
                    49,
                    26
                  ],
                  "uv_size": [
                    -17,
                    6
                  ]
                },
                "south": {
                  "uv": [
                    17,
                    22
                  ],
                  "uv_size": [
                    5.66667,
                    2
                  ]
                },
                "west": {
                  "uv": [
                    11.33333,
                    22
                  ],
                  "uv_size": [
                    5.66667,
                    2
                  ]
                },
                "up": {
                  "uv": [
                    5.66667,
                    16.33333
                  ],
                  "uv_size": [
                    5.66667,
                    5.66667
                  ]
                },
                "down": {
                  "uv": [
                    32,
                    26
                  ],
                  "uv_size": [
                    17,
                    -17
                  ]
                }
              }
            },
            {
              "origin": [
                -17,
                0,
                0
              ],
              "size": [
                17,
                6,
                17
              ],
              "uv": {
                "north": {
                  "uv": [
                    22.66667,
                    22
                  ],
                  "uv_size": [
                    -5.66667,
                    2
                  ]
                },
                "east": {
                  "uv": [
                    32,
                    26
                  ],
                  "uv_size": [
                    17,
                    6
                  ]
                },
                "south": {
                  "uv": [
                    49,
                    26
                  ],
                  "uv_size": [
                    -17,
                    6
                  ]
                },
                "west": {
                  "uv": [
                    17,
                    22
                  ],
                  "uv_size": [
                    -5.66667,
                    2
                  ]
                },
                "up": {
                  "uv": [
                    5.66667,
                    22
                  ],
                  "uv_size": [
                    5.66667,
                    -5.66667
                  ]
                },
                "down": {
                  "uv": [
                    32,
                    9
                  ],
                  "uv_size": [
                    17,
                    17
                  ]
                }
              }
            },
            {
              "origin": [
                0,
                0,
                -17
              ],
              "size": [
                17,
                6,
                17
              ],
              "uv": {
                "north": {
                  "uv": [
                    49,
                    26
                  ],
                  "uv_size": [
                    -17,
                    6
                  ]
                },
                "east": {
                  "uv": [
                    17,
                    22
                  ],
                  "uv_size": [
                    -5.66667,
                    2
                  ]
                },
                "south": {
                  "uv": [
                    22.66667,
                    22
                  ],
                  "uv_size": [
                    -5.66667,
                    2
                  ]
                },
                "west": {
                  "uv": [
                    32,
                    26
                  ],
                  "uv_size": [
                    17,
                    6
                  ]
                },
                "up": {
                  "uv": [
                    11.33333,
                    16.33333
                  ],
                  "uv_size": [
                    -5.66667,
                    5.66667
                  ]
                },
                "down": {
                  "uv": [
                    49,
                    26
                  ],
                  "uv_size": [
                    -17,
                    -17
                  ]
                }
              }
            }
          ]
        }
      ]
    }
  ],
  "format_version": "1.12.0"
}