{
  "minecraft:geometry": [
    {
      "description": {
        "identifier": "geometry.hive.sonic.cp.voltmeter",
        "texture_width": 64,
        "texture_height": 64,
        "visible_bounds_width": 4,
        "visible_bounds_height": 6,
        "visible_bounds_offset": [
          0,
          2,
          0
        ]
      },
      "bones": [
        {
          "name": "root",
          "pivot": [
            0,
            0,
            0
          ],
          "cubes": [
            {
              "origin": [
                -10,
                0,
                3
              ],
              "size": [
                20,
                28,
                5
              ],
              "uv": [
                0,
                0
              ]
            },
            {
              "origin": [
                -6,
                3,
                1
              ],
              "size": [
                12,
                11,
                2
              ],
              "uv": [
                36,
                33
              ]
            },
            {
              "origin": [
                -14,
                4,
                3
              ],
              "size": [
                4,
                20,
                5
              ],
              "uv": [
                0,
                33
              ]
            },
            {
              "origin": [
                10,
                4,
                3
              ],
              "size": [
                4,
                20,
                5
              ],
              "uv": [
                0,
                33
              ],
              "mirror": true
            },
            {
              "origin": [
                -7,
                28,
                3.5
              ],
              "size": [
                4,
                2,
                4
              ],
              "uv": [
                19,
                45
              ]
            },
            {
              "origin": [
                3,
                28,
                3.5
              ],
              "size": [
                4,
                2,
                4
              ],
              "uv": [
                19,
                45
              ],
              "mirror": true
            }
          ]
        },
        {
          "name": "pointer",
          "parent": "root",
          "pivot": [
            0,
            12,
            2.8
          ]
        },
        {
          "name": "vibrate",
          "parent": "pointer",
          "pivot": [
            0,
            12,
            2.8
          ],
          "cubes": [
            {
              "origin": [
                -1,
                11,
                2.8
              ],
              "size": [
                2,
                11,
                0
              ],
              "uv": [
                19,
                34
              ]
            }
          ]
        },
        {
          "name": "rods",
          "parent": "root",
          "pivot": [
            0,
            0,
            0
          ]
        },
        {
          "name": "leftRod",
          "parent": "rods",
          "pivot": [
            11,
            25,
            5
          ],
          "rotation": [
            0,
            -45,
            35
          ],
          "cubes": [
            {
              "origin": [
                9,
                29,
                3
              ],
              "size": [
                4,
                4,
                4
              ],
              "uv": [
                19,
                51
              ],
              "mirror": true
            },
            {
              "origin": [
                10,
                23,
                4
              ],
              "size": [
                2,
                6,
                2
              ],
              "uv": [
                36,
                51
              ],
              "mirror": true
            }
          ]
        },
        {
          "name": "rightRod",
          "parent": "rods",
          "pivot": [
            -11,
            25,
            5
          ],
          "rotation": [
            0,
            45,
            -35
          ],
          "cubes": [
            {
              "origin": [
                -13,
                29,
                3
              ],
              "size": [
                4,
                4,
                4
              ],
              "uv": [
                19,
                51
              ]
            },
            {
              "origin": [
                -12,
                23,
                4
              ],
              "size": [
                2,
                6,
                2
              ],
              "uv": [
                36,
                51
              ]
            }
          ]
        }
      ]
    }
  ],
  "format_version": "1.12.0"
}