{
  "minecraft:geometry": [
    {
      "description": {
        "identifier": "geometry.hive.sonic.ghz.item_box",
        "texture_width": 128,
        "texture_height": 128,
        "visible_bounds_width": 3,
        "visible_bounds_height": 3,
        "visible_bounds_offset": [
          0,
          0.5,
          0
        ]
      },
      "bones": [
        {
          "name": "root",
          "pivot": [
            0,
            0,
            0
          ],
          "cubes": [
            {
              "origin": [
                -6,
                0,
                -5
              ],
              "size": [
                12,
                2,
                10
              ],
              "uv": [
                0,
                40
              ]
            },
            {
              "origin": [
                -9,
                3,
                -8
              ],
              "size": [
                18,
                16,
                16
              ],
              "pivot": [
                3,
                3,
                -3
              ],
              "rotation": [
                -5,
                0,
                0
              ],
              "uv": [
                0,
                0
              ]
            },
            {
              "origin": [
                -4,
                2,
                -3
              ],
              "size": [
                8,
                1,
                6
              ],
              "uv": [
                34,
                40
              ]
            }
          ]
        }
      ]
    }
  ],
  "format_version": "1.12.0"
}