{
  "format_version": "1.12.0",
  "minecraft:geometry": [
    {
      "description": {
        "identifier": "geometry.hive.sonic.ghz.platform.timed",
        "texture_width": 128,
        "texture_height": 128,
        "visible_bounds_width": 5,
        "visible_bounds_height": 6,
        "visible_bounds_offset": [
          0,
          1,
          0
        ]
      },
      "bones": [
        {
          "name": "root",
          "pivot": [
            0,
            22,
            0
          ]
        },
        {
          "name": "bone",
          "parent": "root",
          "pivot": [
            0,
            11,
            0
          ],
          "cubes": [
            {
              "origin": [
                18,
                -1,
                -24
              ],
              "size": [
                4,
                24,
                6
              ],
              "uv": {
                "north": {
                  "uv": [
                    101,
                    28
                  ],
                  "uv_size": [
                    4,
                    24
                  ]
                },
                "east": {
                  "uv": [
                    95,
                    28
                  ],
                  "uv_size": [
                    6,
                    24
                  ]
                },
                "south": {
                  "uv": [
                    101,
                    28
                  ],
                  "uv_size": [
                    4,
                    24
                  ]
                },
                "west": {
                  "uv": [
                    95,
                    28
                  ],
                  "uv_size": [
                    6,
                    24
                  ]
                },
                "up": {
                  "uv": [
                    5,
                    23
                  ],
                  "uv_size": [
                    4,
                    6
                  ]
                },
                "down": {
                  "uv": [
                    1,
                    29
                  ],
                  "uv_size": [
                    4,
                    -6
                  ]
                }
              }
            },
            {
              "origin": [
                18,
                -1,
                18
              ],
              "size": [
                4,
                24,
                6
              ],
              "uv": {
                "north": {
                  "uv": [
                    101,
                    28
                  ],
                  "uv_size": [
                    4,
                    24
                  ]
                },
                "east": {
                  "uv": [
                    95,
                    28
                  ],
                  "uv_size": [
                    6,
                    24
                  ]
                },
                "south": {
                  "uv": [
                    101,
                    28
                  ],
                  "uv_size": [
                    4,
                    24
                  ]
                },
                "west": {
                  "uv": [
                    95,
                    28
                  ],
                  "uv_size": [
                    6,
                    24
                  ]
                },
                "up": {
                  "uv": [
                    5,
                    23
                  ],
                  "uv_size": [
                    4,
                    6
                  ]
                },
                "down": {
                  "uv": [
                    1,
                    29
                  ],
                  "uv_size": [
                    4,
                    -6
                  ]
                }
              }
            },
            {
              "origin": [
                -22,
                -1,
                18
              ],
              "size": [
                4,
                24,
                6
              ],
              "uv": {
                "north": {
                  "uv": [
                    101,
                    28
                  ],
                  "uv_size": [
                    4,
                    24
                  ]
                },
                "east": {
                  "uv": [
                    95,
                    28
                  ],
                  "uv_size": [
                    6,
                    24
                  ]
                },
                "south": {
                  "uv": [
                    101,
                    28
                  ],
                  "uv_size": [
                    4,
                    24
                  ]
                },
                "west": {
                  "uv": [
                    95,
                    28
                  ],
                  "uv_size": [
                    6,
                    24
                  ]
                },
                "up": {
                  "uv": [
                    5,
                    23
                  ],
                  "uv_size": [
                    4,
                    6
                  ]
                },
                "down": {
                  "uv": [
                    1,
                    29
                  ],
                  "uv_size": [
                    4,
                    -6
                  ]
                }
              }
            },
            {
              "origin": [
                -22,
                -1,
                -24
              ],
              "size": [
                4,
                24,
                6
              ],
              "uv": {
                "north": {
                  "uv": [
                    101,
                    28
                  ],
                  "uv_size": [
                    4,
                    24
                  ]
                },
                "east": {
                  "uv": [
                    95,
                    28
                  ],
                  "uv_size": [
                    6,
                    24
                  ]
                },
                "south": {
                  "uv": [
                    101,
                    28
                  ],
                  "uv_size": [
                    4,
                    24
                  ]
                },
                "west": {
                  "uv": [
                    95,
                    28
                  ],
                  "uv_size": [
                    6,
                    24
                  ]
                },
                "up": {
                  "uv": [
                    5,
                    23
                  ],
                  "uv_size": [
                    4,
                    6
                  ]
                },
                "down": {
                  "uv": [
                    1,
                    29
                  ],
                  "uv_size": [
                    4,
                    -6
                  ]
                }
              }
            },
            {
              "origin": [
                -24,
                15,
                9
              ],
              "size": [
                48,
                7,
                9
              ],
              "uv": {
                "north": {
                  "uv": [
                    57,
                    27
                  ],
                  "uv_size": [
                    -48,
                    7
                  ]
                },
                "east": {
                  "uv": [
                    9,
                    7
                  ],
                  "uv_size": [
                    -9,
                    7
                  ]
                },
                "south": {
                  "uv": [
                    57,
                    27
                  ],
                  "uv_size": [
                    -48,
                    7
                  ]
                },
                "west": {
                  "uv": [
                    9,
                    7
                  ],
                  "uv_size": [
                    -9,
                    7
                  ]
                },
                "up": {
                  "uv": [
                    57,
                    18
                  ],
                  "uv_size": [
                    -48,
                    9
                  ]
                },
                "down": {
                  "uv": [
                    105,
                    27
                  ],
                  "uv_size": [
                    -48,
                    -9
                  ]
                }
              }
            },
            {
              "origin": [
                -18,
                17,
                -26
              ],
              "size": [
                36,
                5,
                8
              ],
              "uv": {
                "north": {
                  "uv": [
                    57,
                    31
                  ],
                  "uv_size": [
                    36,
                    5
                  ]
                },
                "east": {
                  "uv": [
                    1,
                    18
                  ],
                  "uv_size": [
                    8,
                    5
                  ]
                },
                "south": {
                  "uv": [
                    57,
                    31
                  ],
                  "uv_size": [
                    36,
                    5
                  ]
                },
                "west": {
                  "uv": [
                    1,
                    18
                  ],
                  "uv_size": [
                    8,
                    5
                  ]
                },
                "up": {
                  "uv": [
                    57,
                    36
                  ],
                  "uv_size": [
                    36,
                    8
                  ]
                },
                "down": {
                  "uv": [
                    57,
                    52
                  ],
                  "uv_size": [
                    36,
                    -8
                  ]
                }
              }
            },
            {
              "origin": [
                -18,
                17,
                18
              ],
              "size": [
                36,
                5,
                8
              ],
              "uv": {
                "north": {
                  "uv": [
                    93,
                    31
                  ],
                  "uv_size": [
                    -36,
                    5
                  ]
                },
                "east": {
                  "uv": [
                    9,
                    18
                  ],
                  "uv_size": [
                    -8,
                    5
                  ]
                },
                "south": {
                  "uv": [
                    93,
                    31
                  ],
                  "uv_size": [
                    -36,
                    5
                  ]
                },
                "west": {
                  "uv": [
                    9,
                    18
                  ],
                  "uv_size": [
                    -8,
                    5
                  ]
                },
                "up": {
                  "uv": [
                    93,
                    36
                  ],
                  "uv_size": [
                    -36,
                    8
                  ]
                },
                "down": {
                  "uv": [
                    93,
                    52
                  ],
                  "uv_size": [
                    -36,
                    -8
                  ]
                }
              }
            },
            {
              "origin": [
                -18,
                0,
                18
              ],
              "size": [
                36,
                5,
                8
              ],
              "uv": {
                "north": {
                  "uv": [
                    57,
                    27
                  ],
                  "uv_size": [
                    36,
                    5
                  ]
                },
                "east": {
                  "uv": [
                    1,
                    14
                  ],
                  "uv_size": [
                    8,
                    5
                  ]
                },
                "south": {
                  "uv": [
                    57,
                    27
                  ],
                  "uv_size": [
                    36,
                    5
                  ]
                },
                "west": {
                  "uv": [
                    1,
                    14
                  ],
                  "uv_size": [
                    8,
                    5
                  ]
                },
                "up": {
                  "uv": [
                    57,
                    44
                  ],
                  "uv_size": [
                    36,
                    8
                  ]
                },
                "down": {
                  "uv": [
                    57,
                    44
                  ],
                  "uv_size": [
                    36,
                    -8
                  ]
                }
              }
            },
            {
              "origin": [
                -18,
                0,
                -26
              ],
              "size": [
                36,
                5,
                8
              ],
              "uv": {
                "north": {
                  "uv": [
                    93,
                    27
                  ],
                  "uv_size": [
                    -36,
                    5
                  ]
                },
                "east": {
                  "uv": [
                    9,
                    14
                  ],
                  "uv_size": [
                    -8,
                    5
                  ]
                },
                "south": {
                  "uv": [
                    93,
                    27
                  ],
                  "uv_size": [
                    -36,
                    5
                  ]
                },
                "west": {
                  "uv": [
                    9,
                    14
                  ],
                  "uv_size": [
                    -8,
                    5
                  ]
                },
                "up": {
                  "uv": [
                    93,
                    44
                  ],
                  "uv_size": [
                    -36,
                    8
                  ]
                },
                "down": {
                  "uv": [
                    93,
                    44
                  ],
                  "uv_size": [
                    -36,
                    -8
                  ]
                }
              }
            },
            {
              "origin": [
                6,
                5,
                18
              ],
              "size": [
                12,
                12,
                6
              ],
              "uv": {
                "north": {
                  "uv": [
                    45,
                    40
                  ],
                  "uv_size": [
                    12,
                    12
                  ]
                },
                "east": {
                  "uv": [
                    39,
                    40
                  ],
                  "uv_size": [
                    6,
                    12
                  ]
                },
                "south": {
                  "uv": [
                    45,
                    40
                  ],
                  "uv_size": [
                    12,
                    12
                  ]
                },
                "west": {
                  "uv": [
                    39,
                    40
                  ],
                  "uv_size": [
                    6,
                    12
                  ]
                },
                "up": {
                  "uv": [
                    45,
                    34
                  ],
                  "uv_size": [
                    12,
                    6
                  ]
                },
                "down": {
                  "uv": [
                    45,
                    40
                  ],
                  "uv_size": [
                    12,
                    -6
                  ]
                }
              }
            },
            {
              "origin": [
                6,
                5,
                -24
              ],
              "size": [
                12,
                12,
                6
              ],
              "uv": {
                "north": {
                  "uv": [
                    57,
                    40
                  ],
                  "uv_size": [
                    -12,
                    12
                  ]
                },
                "east": {
                  "uv": [
                    45,
                    40
                  ],
                  "uv_size": [
                    -6,
                    12
                  ]
                },
                "south": {
                  "uv": [
                    57,
                    40
                  ],
                  "uv_size": [
                    -12,
                    12
                  ]
                },
                "west": {
                  "uv": [
                    45,
                    40
                  ],
                  "uv_size": [
                    -6,
                    12
                  ]
                },
                "up": {
                  "uv": [
                    57,
                    34
                  ],
                  "uv_size": [
                    -12,
                    6
                  ]
                },
                "down": {
                  "uv": [
                    57,
                    40
                  ],
                  "uv_size": [
                    -12,
                    -6
                  ]
                }
              }
            },
            {
              "origin": [
                -18,
                5,
                -24
              ],
              "size": [
                12,
                12,
                6
              ],
              "uv": {
                "north": {
                  "uv": [
                    57,
                    40
                  ],
                  "uv_size": [
                    -12,
                    12
                  ]
                },
                "east": {
                  "uv": [
                    45,
                    40
                  ],
                  "uv_size": [
                    -6,
                    12
                  ]
                },
                "south": {
                  "uv": [
                    57,
                    40
                  ],
                  "uv_size": [
                    -12,
                    12
                  ]
                },
                "west": {
                  "uv": [
                    45,
                    40
                  ],
                  "uv_size": [
                    -6,
                    12
                  ]
                },
                "up": {
                  "uv": [
                    57,
                    34
                  ],
                  "uv_size": [
                    -12,
                    6
                  ]
                },
                "down": {
                  "uv": [
                    57,
                    40
                  ],
                  "uv_size": [
                    -12,
                    -6
                  ]
                }
              }
            },
            {
              "origin": [
                -6,
                5,
                -24
              ],
              "size": [
                12,
                12,
                6
              ],
              "uv": {
                "north": {
                  "uv": [
                    57,
                    40
                  ],
                  "uv_size": [
                    -12,
                    12
                  ]
                },
                "east": {
                  "uv": [
                    45,
                    40
                  ],
                  "uv_size": [
                    -6,
                    12
                  ]
                },
                "south": {
                  "uv": [
                    57,
                    40
                  ],
                  "uv_size": [
                    -12,
                    12
                  ]
                },
                "west": {
                  "uv": [
                    45,
                    40
                  ],
                  "uv_size": [
                    -6,
                    12
                  ]
                },
                "up": {
                  "uv": [
                    57,
                    34
                  ],
                  "uv_size": [
                    -12,
                    6
                  ]
                },
                "down": {
                  "uv": [
                    57,
                    40
                  ],
                  "uv_size": [
                    -12,
                    -6
                  ]
                }
              }
            },
            {
              "origin": [
                -6,
                5,
                18
              ],
              "size": [
                12,
                12,
                6
              ],
              "uv": {
                "north": {
                  "uv": [
                    45,
                    40
                  ],
                  "uv_size": [
                    12,
                    12
                  ]
                },
                "east": {
                  "uv": [
                    39,
                    40
                  ],
                  "uv_size": [
                    6,
                    12
                  ]
                },
                "south": {
                  "uv": [
                    45,
                    40
                  ],
                  "uv_size": [
                    12,
                    12
                  ]
                },
                "west": {
                  "uv": [
                    39,
                    40
                  ],
                  "uv_size": [
                    6,
                    12
                  ]
                },
                "up": {
                  "uv": [
                    45,
                    34
                  ],
                  "uv_size": [
                    12,
                    6
                  ]
                },
                "down": {
                  "uv": [
                    45,
                    40
                  ],
                  "uv_size": [
                    12,
                    -6
                  ]
                }
              }
            },
            {
              "origin": [
                -18,
                5,
                18
              ],
              "size": [
                12,
                12,
                6
              ],
              "uv": {
                "north": {
                  "uv": [
                    45,
                    40
                  ],
                  "uv_size": [
                    12,
                    12
                  ]
                },
                "east": {
                  "uv": [
                    39,
                    40
                  ],
                  "uv_size": [
                    6,
                    12
                  ]
                },
                "south": {
                  "uv": [
                    45,
                    40
                  ],
                  "uv_size": [
                    12,
                    12
                  ]
                },
                "west": {
                  "uv": [
                    39,
                    40
                  ],
                  "uv_size": [
                    6,
                    12
                  ]
                },
                "up": {
                  "uv": [
                    45,
                    34
                  ],
                  "uv_size": [
                    12,
                    6
                  ]
                },
                "down": {
                  "uv": [
                    45,
                    40
                  ],
                  "uv_size": [
                    12,
                    -6
                  ]
                }
              }
            },
            {
              "origin": [
                -24,
                15,
                -18
              ],
              "size": [
                48,
                7,
                9
              ],
              "uv": {
                "north": {
                  "uv": [
                    57,
                    27
                  ],
                  "uv_size": [
                    -48,
                    7
                  ]
                },
                "east": {
                  "uv": [
                    9,
                    7
                  ],
                  "uv_size": [
                    -9,
                    7
                  ]
                },
                "south": {
                  "uv": [
                    57,
                    27
                  ],
                  "uv_size": [
                    -48,
                    7
                  ]
                },
                "west": {
                  "uv": [
                    9,
                    7
                  ],
                  "uv_size": [
                    -9,
                    7
                  ]
                },
                "up": {
                  "uv": [
                    57,
                    18
                  ],
                  "uv_size": [
                    -48,
                    9
                  ]
                },
                "down": {
                  "uv": [
                    105,
                    9
                  ],
                  "uv_size": [
                    -48,
                    -9
                  ]
                }
              }
            },
            {
              "origin": [
                -24,
                15,
                0
              ],
              "size": [
                48,
                7,
                9
              ],
              "uv": {
                "north": {
                  "uv": [
                    9,
                    27
                  ],
                  "uv_size": [
                    48,
                    7
                  ]
                },
                "east": {
                  "uv": [
                    0,
                    7
                  ],
                  "uv_size": [
                    9,
                    7
                  ]
                },
                "south": {
                  "uv": [
                    9,
                    27
                  ],
                  "uv_size": [
                    48,
                    7
                  ]
                },
                "west": {
                  "uv": [
                    0,
                    7
                  ],
                  "uv_size": [
                    9,
                    7
                  ]
                },
                "up": {
                  "uv": [
                    9,
                    0
                  ],
                  "uv_size": [
                    48,
                    9
                  ]
                },
                "down": {
                  "uv": [
                    57,
                    18
                  ],
                  "uv_size": [
                    48,
                    -9
                  ]
                }
              }
            },
            {
              "origin": [
                -24,
                15,
                -9
              ],
              "size": [
                48,
                7,
                9
              ],
              "uv": {
                "north": {
                  "uv": [
                    9,
                    27
                  ],
                  "uv_size": [
                    48,
                    7
                  ]
                },
                "east": {
                  "uv": [
                    0,
                    7
                  ],
                  "uv_size": [
                    9,
                    7
                  ]
                },
                "south": {
                  "uv": [
                    9,
                    27
                  ],
                  "uv_size": [
                    48,
                    7
                  ]
                },
                "west": {
                  "uv": [
                    0,
                    7
                  ],
                  "uv_size": [
                    9,
                    7
                  ]
                },
                "up": {
                  "uv": [
                    9,
                    9
                  ],
                  "uv_size": [
                    48,
                    9
                  ]
                },
                "down": {
                  "uv": [
                    57,
                    27
                  ],
                  "uv_size": [
                    48,
                    -9
                  ]
                }
              }
            },
            {
              "origin": [
                -24,
                0,
                -9
              ],
              "size": [
                48,
                7,
                9
              ],
              "uv": {
                "north": {
                  "uv": [
                    9,
                    9
                  ],
                  "uv_size": [
                    48,
                    7
                  ]
                },
                "east": {
                  "uv": [
                    0,
                    0
                  ],
                  "uv_size": [
                    9,
                    7
                  ]
                },
                "south": {
                  "uv": [
                    9,
                    27
                  ],
                  "uv_size": [
                    48,
                    7
                  ]
                },
                "west": {
                  "uv": [
                    0,
                    0
                  ],
                  "uv_size": [
                    9,
                    7
                  ]
                },
                "up": {
                  "uv": [
                    57,
                    9
                  ],
                  "uv_size": [
                    48,
                    9
                  ]
                },
                "down": {
                  "uv": [
                    9,
                    18
                  ],
                  "uv_size": [
                    48,
                    -9
                  ]
                }
              }
            },
            {
              "origin": [
                -24,
                0,
                0
              ],
              "size": [
                48,
                7,
                9
              ],
              "uv": {
                "north": {
                  "uv": [
                    9,
                    27
                  ],
                  "uv_size": [
                    48,
                    7
                  ]
                },
                "east": {
                  "uv": [
                    0,
                    0
                  ],
                  "uv_size": [
                    9,
                    7
                  ]
                },
                "south": {
                  "uv": [
                    9,
                    27
                  ],
                  "uv_size": [
                    48,
                    7
                  ]
                },
                "west": {
                  "uv": [
                    0,
                    0
                  ],
                  "uv_size": [
                    9,
                    7
                  ]
                },
                "up": {
                  "uv": [
                    57,
                    9
                  ],
                  "uv_size": [
                    48,
                    9
                  ]
                },
                "down": {
                  "uv": [
                    9,
                    9
                  ],
                  "uv_size": [
                    48,
                    -9
                  ]
                }
              }
            },
            {
              "origin": [
                -24,
                0,
                -18
              ],
              "size": [
                48,
                7,
                9
              ],
              "uv": {
                "north": {
                  "uv": [
                    9,
                    27
                  ],
                  "uv_size": [
                    48,
                    7
                  ]
                },
                "east": {
                  "uv": [
                    0,
                    0
                  ],
                  "uv_size": [
                    9,
                    7
                  ]
                },
                "south": {
                  "uv": [
                    9,
                    27
                  ],
                  "uv_size": [
                    48,
                    7
                  ]
                },
                "west": {
                  "uv": [
                    0,
                    0
                  ],
                  "uv_size": [
                    9,
                    7
                  ]
                },
                "up": {
                  "uv": [
                    57,
                    18
                  ],
                  "uv_size": [
                    48,
                    9
                  ]
                },
                "down": {
                  "uv": [
                    9,
                    27
                  ],
                  "uv_size": [
                    48,
                    -9
                  ]
                }
              }
            },
            {
              "origin": [
                20,
                7,
                0
              ],
              "size": [
                0,
                8,
                18
              ],
              "uv": {
                "north": {
                  "uv": [
                    18,
                    45
                  ],
                  "uv_size": [
                    0,
                    8
                  ]
                },
                "east": {
                  "uv": [
                    20,
                    44
                  ],
                  "uv_size": [
                    18,
                    8
                  ]
                },
                "south": {
                  "uv": [
                    36,
                    45
                  ],
                  "uv_size": [
                    0,
                    8
                  ]
                },
                "west": {
                  "uv": [
                    20,
                    44
                  ],
                  "uv_size": [
                    18,
                    8
                  ]
                },
                "up": {
                  "uv": [
                    18,
                    27
                  ],
                  "uv_size": [
                    0,
                    18
                  ]
                },
                "down": {
                  "uv": [
                    18,
                    45
                  ],
                  "uv_size": [
                    0,
                    -18
                  ]
                }
              }
            },
            {
              "origin": [
                0,
                7,
                0
              ],
              "size": [
                0,
                8,
                18
              ],
              "uv": {
                "north": {
                  "uv": [
                    18,
                    72
                  ],
                  "uv_size": [
                    0,
                    8
                  ]
                },
                "east": {
                  "uv": [
                    20,
                    36
                  ],
                  "uv_size": [
                    18,
                    8
                  ]
                },
                "south": {
                  "uv": [
                    36,
                    72
                  ],
                  "uv_size": [
                    0,
                    8
                  ]
                },
                "west": {
                  "uv": [
                    20,
                    36
                  ],
                  "uv_size": [
                    18,
                    8
                  ]
                },
                "up": {
                  "uv": [
                    18,
                    54
                  ],
                  "uv_size": [
                    0,
                    18
                  ]
                },
                "down": {
                  "uv": [
                    18,
                    72
                  ],
                  "uv_size": [
                    0,
                    -18
                  ]
                }
              }
            },
            {
              "origin": [
                0,
                7,
                -18
              ],
              "size": [
                0,
                8,
                18
              ],
              "uv": {
                "north": {
                  "uv": [
                    18,
                    72
                  ],
                  "uv_size": [
                    0,
                    8
                  ]
                },
                "east": {
                  "uv": [
                    20,
                    36
                  ],
                  "uv_size": [
                    18,
                    8
                  ]
                },
                "south": {
                  "uv": [
                    36,
                    72
                  ],
                  "uv_size": [
                    0,
                    8
                  ]
                },
                "west": {
                  "uv": [
                    20,
                    36
                  ],
                  "uv_size": [
                    18,
                    8
                  ]
                },
                "up": {
                  "uv": [
                    18,
                    54
                  ],
                  "uv_size": [
                    0,
                    18
                  ]
                },
                "down": {
                  "uv": [
                    18,
                    72
                  ],
                  "uv_size": [
                    0,
                    -18
                  ]
                }
              }
            },
            {
              "origin": [
                20,
                7,
                -18
              ],
              "size": [
                0,
                8,
                18
              ],
              "uv": {
                "north": {
                  "uv": [
                    18,
                    45
                  ],
                  "uv_size": [
                    0,
                    8
                  ]
                },
                "east": {
                  "uv": [
                    20,
                    44
                  ],
                  "uv_size": [
                    18,
                    8
                  ]
                },
                "south": {
                  "uv": [
                    36,
                    45
                  ],
                  "uv_size": [
                    0,
                    8
                  ]
                },
                "west": {
                  "uv": [
                    20,
                    44
                  ],
                  "uv_size": [
                    18,
                    8
                  ]
                },
                "up": {
                  "uv": [
                    18,
                    27
                  ],
                  "uv_size": [
                    0,
                    18
                  ]
                },
                "down": {
                  "uv": [
                    18,
                    45
                  ],
                  "uv_size": [
                    0,
                    -18
                  ]
                }
              }
            },
            {
              "origin": [
                -20,
                7,
                -18
              ],
              "size": [
                0,
                8,
                18
              ],
              "uv": {
                "north": {
                  "uv": [
                    18,
                    45
                  ],
                  "uv_size": [
                    0,
                    8
                  ]
                },
                "east": {
                  "uv": [
                    20,
                    44
                  ],
                  "uv_size": [
                    18,
                    8
                  ]
                },
                "south": {
                  "uv": [
                    36,
                    45
                  ],
                  "uv_size": [
                    0,
                    8
                  ]
                },
                "west": {
                  "uv": [
                    20,
                    44
                  ],
                  "uv_size": [
                    18,
                    8
                  ]
                },
                "up": {
                  "uv": [
                    18,
                    27
                  ],
                  "uv_size": [
                    0,
                    18
                  ]
                },
                "down": {
                  "uv": [
                    18,
                    45
                  ],
                  "uv_size": [
                    0,
                    -18
                  ]
                }
              }
            },
            {
              "origin": [
                -20,
                7,
                0
              ],
              "size": [
                0,
                8,
                18
              ],
              "uv": {
                "north": {
                  "uv": [
                    18,
                    45
                  ],
                  "uv_size": [
                    0,
                    8
                  ]
                },
                "east": {
                  "uv": [
                    20,
                    44
                  ],
                  "uv_size": [
                    18,
                    8
                  ]
                },
                "south": {
                  "uv": [
                    36,
                    45
                  ],
                  "uv_size": [
                    0,
                    8
                  ]
                },
                "west": {
                  "uv": [
                    20,
                    44
                  ],
                  "uv_size": [
                    18,
                    8
                  ]
                },
                "up": {
                  "uv": [
                    18,
                    27
                  ],
                  "uv_size": [
                    0,
                    18
                  ]
                },
                "down": {
                  "uv": [
                    18,
                    45
                  ],
                  "uv_size": [
                    0,
                    -18
                  ]
                }
              }
            },
            {
              "origin": [
                -24,
                0,
                9
              ],
              "size": [
                48,
                7,
                9
              ],
              "uv": {
                "north": {
                  "uv": [
                    9,
                    27
                  ],
                  "uv_size": [
                    48,
                    7
                  ]
                },
                "east": {
                  "uv": [
                    0,
                    0
                  ],
                  "uv_size": [
                    9,
                    7
                  ]
                },
                "south": {
                  "uv": [
                    9,
                    27
                  ],
                  "uv_size": [
                    48,
                    7
                  ]
                },
                "west": {
                  "uv": [
                    0,
                    0
                  ],
                  "uv_size": [
                    9,
                    7
                  ]
                },
                "up": {
                  "uv": [
                    57,
                    0
                  ],
                  "uv_size": [
                    48,
                    9
                  ]
                },
                "down": {
                  "uv": [
                    9,
                    27
                  ],
                  "uv_size": [
                    48,
                    -9
                  ]
                }
              }
            }
          ]
        }
      ]
    }
  ]
}