{
  "minecraft:geometry": [
    {
      "description": {
        "identifier": "geometry.hive.sonic.ghz.platform.moving",
        "texture_width": 64,
        "texture_height": 64,
        "visible_bounds_width": 5,
        "visible_bounds_height": 6,
        "visible_bounds_offset": [
          0,
          1,
          0
        ]
      },
      "bones": [
        {
          "name": "root",
          "pivot": [
            0,
            11,
            0
          ]
        },
        {
          "name": "bottomPivot",
          "parent": "root",
          "pivot": [
            0,
            0,
            0
          ],
          "cubes": [
            {
              "origin": [
                -17,
                8,
                -15
              ],
              "size": [
                34,
                3,
                6
              ],
              "uv": {
                "up": {
                  "uv": [
                    10,
                    12
                  ],
                  "uv_size": [
                    34,
                    6
                  ]
                },
                "down": {
                  "uv": [
                    10,
                    18
                  ],
                  "uv_size": [
                    34,
                    -6
                  ]
                }
              }
            },
            {
              "origin": [
                -17,
                8,
                9
              ],
              "size": [
                34,
                3,
                6
              ],
              "uv": {
                "up": {
                  "uv": [
                    10,
                    12
                  ],
                  "uv_size": [
                    34,
                    6
                  ]
                },
                "down": {
                  "uv": [
                    10,
                    18
                  ],
                  "uv_size": [
                    34,
                    -6
                  ]
                }
              }
            },
            {
              "origin": [
                17,
                -1,
                -15
              ],
              "size": [
                4,
                13,
                6
              ],
              "uv": {
                "north": {
                  "uv": [
                    6,
                    6
                  ],
                  "uv_size": [
                    4,
                    13
                  ]
                },
                "east": {
                  "uv": [
                    0,
                    6
                  ],
                  "uv_size": [
                    6,
                    13
                  ]
                },
                "south": {
                  "uv": [
                    6,
                    6
                  ],
                  "uv_size": [
                    4,
                    13
                  ]
                },
                "west": {
                  "uv": [
                    0,
                    6
                  ],
                  "uv_size": [
                    6,
                    13
                  ]
                },
                "up": {
                  "uv": [
                    0,
                    0
                  ],
                  "uv_size": [
                    4,
                    6
                  ]
                },
                "down": {
                  "uv": [
                    4,
                    6
                  ],
                  "uv_size": [
                    4,
                    -6
                  ]
                }
              }
            },
            {
              "origin": [
                17,
                -1,
                9
              ],
              "size": [
                4,
                13,
                6
              ],
              "uv": {
                "north": {
                  "uv": [
                    6,
                    6
                  ],
                  "uv_size": [
                    4,
                    13
                  ]
                },
                "east": {
                  "uv": [
                    0,
                    6
                  ],
                  "uv_size": [
                    6,
                    13
                  ]
                },
                "south": {
                  "uv": [
                    6,
                    6
                  ],
                  "uv_size": [
                    4,
                    13
                  ]
                },
                "west": {
                  "uv": [
                    0,
                    6
                  ],
                  "uv_size": [
                    6,
                    13
                  ]
                },
                "up": {
                  "uv": [
                    0,
                    0
                  ],
                  "uv_size": [
                    4,
                    6
                  ]
                },
                "down": {
                  "uv": [
                    4,
                    6
                  ],
                  "uv_size": [
                    4,
                    -6
                  ]
                }
              }
            },
            {
              "origin": [
                -21,
                -1,
                -15
              ],
              "size": [
                4,
                13,
                6
              ],
              "uv": {
                "north": {
                  "uv": [
                    10,
                    6
                  ],
                  "uv_size": [
                    -4,
                    13
                  ]
                },
                "east": {
                  "uv": [
                    6,
                    6
                  ],
                  "uv_size": [
                    -6,
                    13
                  ]
                },
                "south": {
                  "uv": [
                    10,
                    6
                  ],
                  "uv_size": [
                    -4,
                    13
                  ]
                },
                "west": {
                  "uv": [
                    6,
                    6
                  ],
                  "uv_size": [
                    -6,
                    13
                  ]
                },
                "up": {
                  "uv": [
                    4,
                    0
                  ],
                  "uv_size": [
                    -4,
                    6
                  ]
                },
                "down": {
                  "uv": [
                    8,
                    6
                  ],
                  "uv_size": [
                    -4,
                    -6
                  ]
                }
              }
            },
            {
              "origin": [
                -21,
                -1,
                9
              ],
              "size": [
                4,
                13,
                6
              ],
              "uv": {
                "north": {
                  "uv": [
                    10,
                    6
                  ],
                  "uv_size": [
                    -4,
                    13
                  ]
                },
                "east": {
                  "uv": [
                    6,
                    6
                  ],
                  "uv_size": [
                    -6,
                    13
                  ]
                },
                "south": {
                  "uv": [
                    10,
                    6
                  ],
                  "uv_size": [
                    -4,
                    13
                  ]
                },
                "west": {
                  "uv": [
                    6,
                    6
                  ],
                  "uv_size": [
                    -6,
                    13
                  ]
                },
                "up": {
                  "uv": [
                    4,
                    0
                  ],
                  "uv_size": [
                    -4,
                    6
                  ]
                },
                "down": {
                  "uv": [
                    8,
                    6
                  ],
                  "uv_size": [
                    -4,
                    -6
                  ]
                }
              }
            },
            {
              "origin": [
                -24,
                4,
                15
              ],
              "size": [
                48,
                7,
                9
              ],
              "uv": {
                "north": {
                  "uv": [
                    58,
                    45
                  ],
                  "uv_size": [
                    -48,
                    7
                  ]
                },
                "east": {
                  "uv": [
                    10,
                    19
                  ],
                  "uv_size": [
                    -9,
                    7
                  ]
                },
                "south": {
                  "uv": [
                    58,
                    45
                  ],
                  "uv_size": [
                    -48,
                    7
                  ]
                },
                "west": {
                  "uv": [
                    10,
                    19
                  ],
                  "uv_size": [
                    -9,
                    7
                  ]
                },
                "up": {
                  "uv": [
                    58,
                    18
                  ],
                  "uv_size": [
                    -48,
                    9
                  ]
                },
                "down": {
                  "uv": [
                    58,
                    61
                  ],
                  "uv_size": [
                    -48,
                    -9
                  ]
                }
              }
            },
            {
              "origin": [
                -24,
                4,
                -24
              ],
              "size": [
                48,
                7,
                9
              ],
              "uv": {
                "north": {
                  "uv": [
                    58,
                    45
                  ],
                  "uv_size": [
                    -48,
                    7
                  ]
                },
                "east": {
                  "uv": [
                    10,
                    19
                  ],
                  "uv_size": [
                    -9,
                    7
                  ]
                },
                "south": {
                  "uv": [
                    58,
                    45
                  ],
                  "uv_size": [
                    -48,
                    7
                  ]
                },
                "west": {
                  "uv": [
                    10,
                    19
                  ],
                  "uv_size": [
                    -9,
                    7
                  ]
                },
                "up": {
                  "uv": [
                    58,
                    18
                  ],
                  "uv_size": [
                    -48,
                    9
                  ]
                },
                "down": {
                  "uv": [
                    58,
                    61
                  ],
                  "uv_size": [
                    -48,
                    -9
                  ]
                }
              }
            },
            {
              "origin": [
                -24,
                4,
                0
              ],
              "size": [
                48,
                7,
                9
              ],
              "uv": {
                "north": {
                  "uv": [
                    58,
                    45
                  ],
                  "uv_size": [
                    -48,
                    7
                  ]
                },
                "east": {
                  "uv": [
                    10,
                    19
                  ],
                  "uv_size": [
                    -9,
                    7
                  ]
                },
                "south": {
                  "uv": [
                    58,
                    45
                  ],
                  "uv_size": [
                    -48,
                    7
                  ]
                },
                "west": {
                  "uv": [
                    10,
                    19
                  ],
                  "uv_size": [
                    -9,
                    7
                  ]
                },
                "up": {
                  "uv": [
                    58,
                    27
                  ],
                  "uv_size": [
                    -48,
                    9
                  ]
                },
                "down": {
                  "uv": [
                    58,
                    61
                  ],
                  "uv_size": [
                    -48,
                    -9
                  ]
                }
              }
            },
            {
              "origin": [
                -24,
                4,
                -9
              ],
              "size": [
                48,
                7,
                9
              ],
              "uv": {
                "north": {
                  "uv": [
                    10,
                    45
                  ],
                  "uv_size": [
                    48,
                    7
                  ]
                },
                "east": {
                  "uv": [
                    1,
                    19
                  ],
                  "uv_size": [
                    9,
                    7
                  ]
                },
                "south": {
                  "uv": [
                    66,
                    102
                  ],
                  "uv_size": [
                    48,
                    7
                  ]
                },
                "west": {
                  "uv": [
                    1,
                    19
                  ],
                  "uv_size": [
                    9,
                    7
                  ]
                },
                "up": {
                  "uv": [
                    10,
                    36
                  ],
                  "uv_size": [
                    48,
                    9
                  ]
                },
                "down": {
                  "uv": [
                    10,
                    61
                  ],
                  "uv_size": [
                    48,
                    -9
                  ]
                }
              }
            },
            {
              "origin": [
                15,
                0,
                -22
              ],
              "size": [
                4,
                4,
                44
              ],
              "uv": {
                "north": {
                  "uv": [
                    8,
                    0
                  ],
                  "uv_size": [
                    4,
                    4
                  ]
                },
                "east": {
                  "uv": [
                    12,
                    0
                  ],
                  "uv_size": [
                    44,
                    4
                  ]
                },
                "south": {
                  "uv": [
                    8,
                    0
                  ],
                  "uv_size": [
                    4,
                    4
                  ]
                },
                "west": {
                  "uv": [
                    12,
                    4
                  ],
                  "uv_size": [
                    44,
                    4
                  ]
                },
                "down": {
                  "uv": [
                    60,
                    44
                  ],
                  "uv_size": [
                    4,
                    -44
                  ]
                }
              }
            },
            {
              "origin": [
                -19,
                0,
                -22
              ],
              "size": [
                4,
                4,
                44
              ],
              "uv": {
                "north": {
                  "uv": [
                    12,
                    0
                  ],
                  "uv_size": [
                    -4,
                    4
                  ]
                },
                "east": {
                  "uv": [
                    56,
                    4
                  ],
                  "uv_size": [
                    -44,
                    4
                  ]
                },
                "south": {
                  "uv": [
                    12,
                    0
                  ],
                  "uv_size": [
                    -4,
                    4
                  ]
                },
                "west": {
                  "uv": [
                    56,
                    0
                  ],
                  "uv_size": [
                    -44,
                    4
                  ]
                },
                "down": {
                  "uv": [
                    64,
                    44
                  ],
                  "uv_size": [
                    -4,
                    -44
                  ]
                }
              }
            }
          ]
        }
      ]
    }
  ],
  "format_version": "1.12.0"
}