{
  "format_version": "1.12.0",
  "minecraft:geometry": [
    {
      "description": {
        "identifier": "geometry.hive.sonic.ghz.start_zone",
        "texture_width": 48,
        "texture_height": 48,
        "visible_bounds_width": 5,
        "visible_bounds_height": 4,
        "visible_bounds_offset": [
          0,
          1,
          0
        ]
      },
      "bones": [
        {
          "name": "finishline",
          "pivot": [
            0,
            0,
            0
          ],
          "cubes": [
            {
              "origin": [
                -24,
                0,
                -24
              ],
              "size": [
                48,
                12,
                0
              ],
              "uv": {
                "north": {
                  "uv": [
                    0,
                    26
                  ],
                  "uv_size": [
                    48,
                    12
                  ]
                },
                "east": {
                  "uv": [
                    0,
                    0
                  ],
                  "uv_size": [
                    0,
                    6
                  ]
                },
                "south": {
                  "uv": [
                    0,
                    26
                  ],
                  "uv_size": [
                    48,
                    12
                  ]
                },
                "west": {
                  "uv": [
                    48,
                    0
                  ],
                  "uv_size": [
                    0,
                    6
                  ]
                },
                "up": {
                  "uv": [
                    0,
                    0
                  ],
                  "uv_size": [
                    48,
                    0
                  ]
                },
                "down": {
                  "uv": [
                    48,
                    0
                  ],
                  "uv_size": [
                    48,
                    0
                  ]
                }
              }
            },
            {
              "origin": [
                -24,
                0,
                -24
              ],
              "size": [
                0,
                12,
                48
              ],
              "uv": {
                "north": {
                  "uv": [
                    48,
                    48
                  ],
                  "uv_size": [
                    0,
                    6
                  ]
                },
                "east": {
                  "uv": [
                    0,
                    26
                  ],
                  "uv_size": [
                    48,
                    12
                  ]
                },
                "south": {
                  "uv": [
                    96,
                    48
                  ],
                  "uv_size": [
                    0,
                    6
                  ]
                },
                "west": {
                  "uv": [
                    0,
                    26
                  ],
                  "uv_size": [
                    48,
                    12
                  ]
                },
                "up": {
                  "uv": [
                    48,
                    0
                  ],
                  "uv_size": [
                    0,
                    48
                  ]
                },
                "down": {
                  "uv": [
                    48,
                    48
                  ],
                  "uv_size": [
                    0,
                    -48
                  ]
                }
              }
            },
            {
              "origin": [
                -24,
                0,
                24
              ],
              "size": [
                48,
                12,
                0
              ],
              "uv": {
                "north": {
                  "uv": [
                    0,
                    26
                  ],
                  "uv_size": [
                    48,
                    12
                  ]
                },
                "east": {
                  "uv": [
                    0,
                    0
                  ],
                  "uv_size": [
                    0,
                    6
                  ]
                },
                "south": {
                  "uv": [
                    0,
                    26
                  ],
                  "uv_size": [
                    48,
                    12
                  ]
                },
                "west": {
                  "uv": [
                    48,
                    0
                  ],
                  "uv_size": [
                    0,
                    6
                  ]
                },
                "up": {
                  "uv": [
                    0,
                    0
                  ],
                  "uv_size": [
                    48,
                    0
                  ]
                },
                "down": {
                  "uv": [
                    48,
                    0
                  ],
                  "uv_size": [
                    48,
                    0
                  ]
                }
              }
            },
            {
              "origin": [
                24,
                0,
                -24
              ],
              "size": [
                0,
                12,
                48
              ],
              "uv": {
                "north": {
                  "uv": [
                    48,
                    48
                  ],
                  "uv_size": [
                    0,
                    6
                  ]
                },
                "east": {
                  "uv": [
                    0,
                    26
                  ],
                  "uv_size": [
                    48,
                    12
                  ]
                },
                "south": {
                  "uv": [
                    96,
                    48
                  ],
                  "uv_size": [
                    0,
                    6
                  ]
                },
                "west": {
                  "uv": [
                    0,
                    26
                  ],
                  "uv_size": [
                    48,
                    12
                  ]
                },
                "up": {
                  "uv": [
                    48,
                    0
                  ],
                  "uv_size": [
                    0,
                    48
                  ]
                },
                "down": {
                  "uv": [
                    48,
                    48
                  ],
                  "uv_size": [
                    0,
                    -48
                  ]
                }
              }
            },
            {
              "origin": [
                -24,
                0,
                0
              ],
              "size": [
                48,
                0,
                24
              ],
              "uv": {
                "north": {
                  "uv": [
                    0,
                    0
                  ],
                  "uv_size": [
                    48,
                    0
                  ]
                },
                "east": {
                  "uv": [
                    0,
                    0
                  ],
                  "uv_size": [
                    24,
                    0
                  ]
                },
                "south": {
                  "uv": [
                    0,
                    0
                  ],
                  "uv_size": [
                    48,
                    0
                  ]
                },
                "west": {
                  "uv": [
                    0,
                    0
                  ],
                  "uv_size": [
                    24,
                    0
                  ]
                },
                "up": {
                  "uv": [
                    48,
                    24
                  ],
                  "uv_size": [
                    -48,
                    -24
                  ]
                },
                "down": {
                  "uv": [
                    48,
                    24
                  ],
                  "uv_size": [
                    -48,
                    -24
                  ]
                }
              }
            },
            {
              "origin": [
                -24,
                0,
                -24
              ],
              "size": [
                48,
                0,
                24
              ],
              "uv": {
                "north": {
                  "uv": [
                    0,
                    0
                  ],
                  "uv_size": [
                    48,
                    0
                  ]
                },
                "east": {
                  "uv": [
                    0,
                    0
                  ],
                  "uv_size": [
                    24,
                    0
                  ]
                },
                "south": {
                  "uv": [
                    0,
                    0
                  ],
                  "uv_size": [
                    48,
                    0
                  ]
                },
                "west": {
                  "uv": [
                    0,
                    0
                  ],
                  "uv_size": [
                    24,
                    0
                  ]
                },
                "up": {
                  "uv": [
                    48,
                    24
                  ],
                  "uv_size": [
                    -48,
                    -24
                  ]
                },
                "down": {
                  "uv": [
                    48,
                    24
                  ],
                  "uv_size": [
                    -48,
                    -24
                  ]
                }
              }
            }
          ]
        }
      ]
    }
  ]
}