{
  "minecraft:geometry": [
    {
      "description": {
        "identifier": "geometry.hive.sonic.cp.red_railing.post",
        "texture_width": 64,
        "texture_height": 64,
        "visible_bounds_width": 3,
        "visible_bounds_height": 4,
        "visible_bounds_offset": [
          0,
          1,
          0
        ]
      },
      "bones": [
        {
          "name": "root",
          "pivot": [
            0,
            0,
            0
          ],
          "cubes": [
            {
              "origin": [
                -8,
                12,
                -2
              ],
              "size": [
                16,
                4,
                4
              ],
              "uv": [
                0,
                16
              ]
            },
            {
              "origin": [
                -3,
                5.89949,
                5.89949
              ],
              "size": [
                6,
                8,
                8
              ],
              "pivot": [
                0,
                0,
                0
              ],
              "rotation": [
                45,
                0,
                0
              ],
              "uv": [
                0,
                0
              ]
            },
            {
              "origin": [
                -4,
                0,
                0
              ],
              "size": [
                8,
                4,
                8
              ],
              "uv": [
                32,
                16
              ]
            },
            {
              "origin": [
                -2,
                2.78165,
                2.653
              ],
              "size": [
                4,
                9,
                4
              ],
              "pivot": [
                0,
                0,
                0
              ],
              "rotation": [
                11,
                0,
                0
              ],
              "uv": [
                29,
                3
              ]
            }
          ]
        }
      ]
    }
  ],
  "format_version": "1.12.0"
}