{
  "minecraft:geometry": [
    {
      "description": {
        "identifier": "geometry.hive.sonic.cp.red_railing.corner",
        "texture_width": 16,
        "texture_height": 16,
        "visible_bounds_width": 3,
        "visible_bounds_height": 4,
        "visible_bounds_offset": [
          0,
          1,
          0
        ]
      },
      "bones": [
        {
          "name": "root",
          "pivot": [
            0,
            0,
            0
          ],
          "cubes": [
            {
              "origin": [
                -2,
                12,
                -8
              ],
              "size": [
                4,
                4,
                6
              ],
              "uv": {
                "north": {
                  "uv": [
                    0,
                    12
                  ],
                  "uv_size": [
                    4,
                    4
                  ]
                },
                "east": {
                  "uv": [
                    0,
                    4
                  ],
                  "uv_size": [
                    5,
                    4
                  ]
                },
                "south": {
                  "uv": [
                    0,
                    0
                  ],
                  "uv_size": [
                    4,
                    4
                  ]
                },
                "west": {
                  "uv": [
                    0,
                    4
                  ],
                  "uv_size": [
                    5,
                    4
                  ]
                },
                "up": {
                  "uv": [
                    16,
                    4
                  ],
                  "uv_size": [
                    -4,
                    -4
                  ]
                },
                "down": {
                  "uv": [
                    8,
                    11
                  ],
                  "uv_size": [
                    -4,
                    5
                  ]
                }
              }
            },
            {
              "origin": [
                -8,
                12,
                -2
              ],
              "size": [
                10,
                4,
                4
              ],
              "uv": {
                "north": {
                  "uv": [
                    0,
                    4
                  ],
                  "uv_size": [
                    10,
                    4
                  ]
                },
                "east": {
                  "uv": [
                    0,
                    12
                  ],
                  "uv_size": [
                    4,
                    4
                  ]
                },
                "south": {
                  "uv": [
                    0,
                    4
                  ],
                  "uv_size": [
                    10,
                    4
                  ]
                },
                "west": {
                  "uv": [
                    0,
                    4
                  ],
                  "uv_size": [
                    4,
                    4
                  ]
                },
                "up": {
                  "uv": [
                    0,
                    0
                  ],
                  "uv_size": [
                    10,
                    4
                  ]
                },
                "down": {
                  "uv": [
                    10,
                    12
                  ],
                  "uv_size": [
                    -10,
                    -4
                  ]
                }
              }
            }
          ]
        }
      ]
    }
  ],
  "format_version": "1.12.0"
}