{
  "minecraft:geometry": [
    {
      "description": {
        "identifier": "geometry.hive.sonic.pw.ring.large",
        "texture_width": 192,
        "texture_height": 192,
        "visible_bounds_width": 9,
        "visible_bounds_height": 9,
        "visible_bounds_offset": [
          0,
          2.5,
          0
        ]
      },
      "bones": [
        {
          "name": "root",
          "pivot": [
            0,
            40,
            0
          ],
          "cubes": [
            {
              "origin": [
                -52,
                0,
                -6
              ],
              "size": [
                12,
                80,
                12
              ],
              "uv": [
                48,
                48
              ]
            },
            {
              "origin": [
                40,
                0,
                -6
              ],
              "size": [
                12,
                80,
                12
              ],
              "uv": [
                0,
                48
              ]
            },
            {
              "origin": [
                -40,
                80,
                -6
              ],
              "size": [
                80,
                12,
                12
              ],
              "uv": [
                0,
                24
              ]
            },
            {
              "origin": [
                -40,
                68,
                -6
              ],
              "size": [
                12,
                12,
                12
              ],
              "uv": [
                96,
                120
              ]
            },
            {
              "origin": [
                28,
                0,
                -6
              ],
              "size": [
                12,
                12,
                12
              ],
              "uv": [
                96,
                72
              ]
            },
            {
              "origin": [
                -40,
                0,
                -6
              ],
              "size": [
                12,
                12,
                12
              ],
              "uv": [
                96,
                48
              ]
            },
            {
              "origin": [
                28,
                68,
                -6
              ],
              "size": [
                12,
                12,
                12
              ],
              "uv": [
                96,
                96
              ]
            },
            {
              "origin": [
                -40,
                -12,
                -6
              ],
              "size": [
                80,
                12,
                12
              ],
              "uv": [
                0,
                0
              ]
            }
          ],
          "locators": {
            "center": [
              0,
              40,
              0
            ]
          }
        }
      ]
    }
  ],
  "format_version": "1.12.0"
}