{
  "format_version": "1.10.0",
  "animation_controllers": {
    "controller.animation.hive.sonic.pw.ring.large": {
      "states": {
        "default": {
          "animations": [
            "spawn"
          ],
          "transitions": [
            {
              "despawn": "query.variant \u003d\u003d 1"
            }
          ],
          "blend_transition": 0.2
        },
        "despawn": {
          "animations": [
            "despawn"
          ]
        }
      }
    },
    "controller.animation.hive.sonic.pw.ring.large.burst": {
      "states": {
        "default": {
          "transitions": [
            {
              "burst": "query.is_tamed"
            }
          ],
          "blend_transition": 0.2
        },
        "burst": {
          "animations": [
            "blank"
          ],
          "particle_effects": [
            {
              "effect": "burst",
              "locator": "center"
            }
          ]
        }
      }
    }
  }
}