{
  "format_version": "1.12.0",
  "minecraft:geometry": [
    {
      "description": {
        "identifier": "geometry.hive.sonic.sph.streetlight",
        "texture_width": 64,
        "texture_height": 64,
        "visible_bounds_width": 6,
        "visible_bounds_height": 8,
        "visible_bounds_offset": [
          0,
          2,
          0
        ]
      },
      "bones": [
        {
          "name": "root",
          "pivot": [
            0,
            0,
            0
          ],
          "cubes": [
            {
              "origin": [
                -3,
                29,
                -3
              ],
              "size": [
                6,
                26,
                6
              ],
              "uv": {
                "north": {
                  "uv": [
                    7,
                    34
                  ],
                  "uv_size": [
                    6,
                    26
                  ]
                },
                "east": {
                  "uv": [
                    7,
                    34
                  ],
                  "uv_size": [
                    6,
                    26
                  ]
                },
                "south": {
                  "uv": [
                    7,
                    34
                  ],
                  "uv_size": [
                    6,
                    26
                  ]
                },
                "west": {
                  "uv": [
                    7,
                    34
                  ],
                  "uv_size": [
                    6,
                    26
                  ]
                },
                "down": {
                  "uv": [
                    47,
                    2
                  ],
                  "uv_size": [
                    1,
                    -1
                  ]
                }
              }
            },
            {
              "origin": [
                -3,
                17,
                -3
              ],
              "size": [
                6,
                9,
                6
              ],
              "uv": {
                "north": {
                  "uv": [
                    56,
                    33
                  ],
                  "uv_size": [
                    6,
                    9
                  ]
                },
                "east": {
                  "uv": [
                    56,
                    33
                  ],
                  "uv_size": [
                    6,
                    9
                  ]
                },
                "south": {
                  "uv": [
                    56,
                    33
                  ],
                  "uv_size": [
                    6,
                    9
                  ]
                },
                "west": {
                  "uv": [
                    56,
                    33
                  ],
                  "uv_size": [
                    6,
                    9
                  ]
                },
                "up": {
                  "uv": [
                    47,
                    1
                  ],
                  "uv_size": [
                    1,
                    1
                  ]
                },
                "down": {
                  "uv": [
                    47,
                    2
                  ],
                  "uv_size": [
                    1,
                    -1
                  ]
                }
              }
            },
            {
              "origin": [
                -4,
                0,
                -4
              ],
              "size": [
                8,
                14,
                8
              ],
              "uv": {
                "north": {
                  "uv": [
                    36,
                    39
                  ],
                  "uv_size": [
                    8,
                    14
                  ]
                },
                "east": {
                  "uv": [
                    36,
                    39
                  ],
                  "uv_size": [
                    8,
                    14
                  ]
                },
                "south": {
                  "uv": [
                    36,
                    39
                  ],
                  "uv_size": [
                    8,
                    14
                  ]
                },
                "west": {
                  "uv": [
                    36,
                    39
                  ],
                  "uv_size": [
                    8,
                    14
                  ]
                },
                "up": {
                  "uv": [
                    54,
                    15
                  ],
                  "uv_size": [
                    8,
                    8
                  ]
                }
              }
            },
            {
              "origin": [
                -2,
                14,
                -2
              ],
              "size": [
                4,
                3,
                4
              ],
              "uv": {
                "north": {
                  "uv": [
                    47,
                    0
                  ],
                  "uv_size": [
                    4,
                    3
                  ]
                },
                "east": {
                  "uv": [
                    47,
                    0
                  ],
                  "uv_size": [
                    4,
                    3
                  ]
                },
                "south": {
                  "uv": [
                    47,
                    0
                  ],
                  "uv_size": [
                    4,
                    3
                  ]
                },
                "west": {
                  "uv": [
                    47,
                    0
                  ],
                  "uv_size": [
                    4,
                    3
                  ]
                }
              }
            },
            {
              "origin": [
                -2,
                26,
                -2
              ],
              "size": [
                4,
                3,
                4
              ],
              "uv": {
                "north": {
                  "uv": [
                    47,
                    0
                  ],
                  "uv_size": [
                    4,
                    3
                  ]
                },
                "east": {
                  "uv": [
                    47,
                    0
                  ],
                  "uv_size": [
                    4,
                    3
                  ]
                },
                "south": {
                  "uv": [
                    47,
                    0
                  ],
                  "uv_size": [
                    4,
                    3
                  ]
                },
                "west": {
                  "uv": [
                    47,
                    0
                  ],
                  "uv_size": [
                    4,
                    3
                  ]
                }
              }
            },
            {
              "origin": [
                -3,
                55,
                -9
              ],
              "size": [
                6,
                6,
                12
              ],
              "uv": {
                "north": {
                  "uv": [
                    7,
                    34
                  ],
                  "uv_size": [
                    6,
                    6
                  ]
                },
                "east": {
                  "uv": [
                    49,
                    26
                  ],
                  "uv_size": [
                    12,
                    6
                  ]
                },
                "south": {
                  "uv": [
                    16,
                    41
                  ],
                  "uv_size": [
                    6,
                    6
                  ]
                },
                "west": {
                  "uv": [
                    61,
                    26
                  ],
                  "uv_size": [
                    -12,
                    6
                  ]
                },
                "up": {
                  "uv": [
                    16,
                    48
                  ],
                  "uv_size": [
                    6,
                    12
                  ]
                },
                "down": {
                  "uv": [
                    16,
                    60
                  ],
                  "uv_size": [
                    6,
                    -12
                  ]
                }
              }
            },
            {
              "origin": [
                -3,
                61,
                -40
              ],
              "size": [
                6,
                6,
                37
              ],
              "uv": {
                "east": {
                  "uv": [
                    0,
                    17
                  ],
                  "uv_size": [
                    37,
                    6
                  ]
                },
                "south": {
                  "uv": [
                    30,
                    54
                  ],
                  "uv_size": [
                    6,
                    6
                  ]
                },
                "west": {
                  "uv": [
                    37,
                    17
                  ],
                  "uv_size": [
                    -37,
                    6
                  ]
                },
                "up": {
                  "uv": [
                    0,
                    23
                  ],
                  "uv_size": [
                    6,
                    37
                  ]
                },
                "down": {
                  "uv": [
                    7,
                    60
                  ],
                  "uv_size": [
                    6,
                    -37
                  ]
                }
              }
            },
            {
              "origin": [
                -7,
                61,
                -56
              ],
              "size": [
                14,
                8,
                16
              ],
              "uv": {
                "north": {
                  "uv": [
                    38,
                    17
                  ],
                  "uv_size": [
                    14,
                    8
                  ]
                },
                "east": {
                  "uv": [
                    30,
                    0
                  ],
                  "uv_size": [
                    16,
                    8
                  ]
                },
                "south": {
                  "uv": [
                    30,
                    8
                  ],
                  "uv_size": [
                    14,
                    8
                  ]
                },
                "west": {
                  "uv": [
                    46,
                    0
                  ],
                  "uv_size": [
                    -16,
                    8
                  ]
                },
                "up": {
                  "uv": [
                    0,
                    0
                  ],
                  "uv_size": [
                    14,
                    16
                  ]
                },
                "down": {
                  "uv": [
                    15,
                    16
                  ],
                  "uv_size": [
                    14,
                    -16
                  ]
                }
              }
            }
          ]
        },
        {
          "name": "light",
          "parent": "root",
          "pivot": [
            0,
            0,
            0
          ],
          "cubes": [
            {
              "origin": [
                -5,
                58,
                -54
              ],
              "size": [
                10,
                3,
                12
              ],
              "uv": {
                "north": {
                  "uv": [
                    25,
                    28
                  ],
                  "uv_size": [
                    11,
                    3
                  ]
                },
                "east": {
                  "uv": [
                    25,
                    24
                  ],
                  "uv_size": [
                    12,
                    3
                  ]
                },
                "south": {
                  "uv": [
                    25,
                    28
                  ],
                  "uv_size": [
                    11,
                    3
                  ]
                },
                "west": {
                  "uv": [
                    25,
                    24
                  ],
                  "uv_size": [
                    12,
                    3
                  ]
                },
                "down": {
                  "uv": [
                    25,
                    44
                  ],
                  "uv_size": [
                    10,
                    -12
                  ]
                }
              }
            }
          ]
        }
      ]
    }
  ]
}