{
  "minecraft:geometry": [
    {
      "description": {
        "identifier": "geometry.hive.sonic.event.hatch.large",
        "texture_width": 128,
        "texture_height": 128,
        "visible_bounds_width": 16,
        "visible_bounds_height": 4,
        "visible_bounds_offset": [
          0,
          1,
          0
        ]
      },
      "bones": [
        {
          "name": "root",
          "pivot": [
            0,
            0,
            0
          ],
          "locators": {
            "center": [
              0,
              0,
              0
            ]
          }
        },
        {
          "name": "Door_Left",
          "parent": "root",
          "pivot": [
            0,
            0,
            0
          ],
          "cubes": [
            {
              "origin": [
                -56,
                0,
                0
              ],
              "size": [
                50,
                8,
                56
              ],
              "uv": {
                "east": {
                  "uv": [
                    71,
                    56
                  ],
                  "uv_size": [
                    1,
                    1
                  ]
                },
                "south": {
                  "uv": [
                    72,
                    56
                  ],
                  "uv_size": [
                    -1,
                    1
                  ]
                },
                "west": {
                  "uv": [
                    71,
                    56
                  ],
                  "uv_size": [
                    -56,
                    8
                  ]
                },
                "up": {
                  "uv": [
                    65,
                    0
                  ],
                  "uv_size": [
                    50,
                    56
                  ]
                }
              }
            },
            {
              "origin": [
                -56,
                0,
                -56
              ],
              "size": [
                50,
                8,
                56
              ],
              "uv": {
                "north": {
                  "uv": [
                    71,
                    56
                  ],
                  "uv_size": [
                    1,
                    1
                  ]
                },
                "east": {
                  "uv": [
                    71,
                    56
                  ],
                  "uv_size": [
                    1,
                    1
                  ]
                },
                "west": {
                  "uv": [
                    15,
                    56
                  ],
                  "uv_size": [
                    56,
                    8
                  ]
                },
                "up": {
                  "uv": [
                    15,
                    0
                  ],
                  "uv_size": [
                    50,
                    56
                  ]
                }
              }
            }
          ]
        },
        {
          "name": "redBar3",
          "parent": "Door_Left",
          "pivot": [
            -56,
            8,
            11
          ],
          "cubes": [
            {
              "origin": [
                -56,
                8,
                7
              ],
              "size": [
                56,
                2,
                8
              ],
              "uv": {
                "north": {
                  "uv": [
                    0,
                    94
                  ],
                  "uv_size": [
                    8,
                    2
                  ]
                },
                "east": {
                  "uv": [
                    0,
                    94
                  ],
                  "uv_size": [
                    8,
                    2
                  ]
                },
                "south": {
                  "uv": [
                    0,
                    94
                  ],
                  "uv_size": [
                    8,
                    2
                  ]
                },
                "west": {
                  "uv": [
                    0,
                    94
                  ],
                  "uv_size": [
                    8,
                    2
                  ]
                },
                "up": {
                  "uv": [
                    8,
                    86
                  ],
                  "uv_size": [
                    56,
                    8
                  ]
                }
              }
            }
          ]
        },
        {
          "name": "redBar4",
          "parent": "Door_Left",
          "pivot": [
            -56,
            8,
            -11
          ],
          "cubes": [
            {
              "origin": [
                -56,
                8,
                -15
              ],
              "size": [
                56,
                2,
                8
              ],
              "uv": {
                "north": {
                  "uv": [
                    0,
                    94
                  ],
                  "uv_size": [
                    8,
                    2
                  ]
                },
                "east": {
                  "uv": [
                    0,
                    94
                  ],
                  "uv_size": [
                    8,
                    2
                  ]
                },
                "south": {
                  "uv": [
                    0,
                    94
                  ],
                  "uv_size": [
                    8,
                    2
                  ]
                },
                "west": {
                  "uv": [
                    0,
                    94
                  ],
                  "uv_size": [
                    8,
                    2
                  ]
                },
                "up": {
                  "uv": [
                    8,
                    86
                  ],
                  "uv_size": [
                    56,
                    8
                  ]
                }
              }
            }
          ]
        },
        {
          "name": "halfLock3",
          "parent": "Door_Left",
          "pivot": [
            -12,
            8,
            32
          ],
          "cubes": [
            {
              "origin": [
                -13,
                8,
                24
              ],
              "size": [
                13,
                3,
                16
              ],
              "uv": {
                "north": {
                  "uv": [
                    29,
                    117
                  ],
                  "uv_size": [
                    -13,
                    3
                  ]
                },
                "south": {
                  "uv": [
                    16,
                    117
                  ],
                  "uv_size": [
                    13,
                    3
                  ]
                },
                "west": {
                  "uv": [
                    0,
                    117
                  ],
                  "uv_size": [
                    16,
                    3
                  ]
                },
                "up": {
                  "uv": [
                    16,
                    117
                  ],
                  "uv_size": [
                    13,
                    -16
                  ]
                }
              }
            }
          ]
        },
        {
          "name": "halfLock4",
          "parent": "Door_Left",
          "pivot": [
            -12,
            8,
            -32
          ],
          "cubes": [
            {
              "origin": [
                -13,
                8,
                -40
              ],
              "size": [
                13,
                3,
                16
              ],
              "uv": {
                "north": {
                  "uv": [
                    29,
                    117
                  ],
                  "uv_size": [
                    -13,
                    3
                  ]
                },
                "south": {
                  "uv": [
                    16,
                    117
                  ],
                  "uv_size": [
                    13,
                    3
                  ]
                },
                "west": {
                  "uv": [
                    0,
                    117
                  ],
                  "uv_size": [
                    16,
                    3
                  ]
                },
                "up": {
                  "uv": [
                    16,
                    117
                  ],
                  "uv_size": [
                    13,
                    -16
                  ]
                }
              }
            }
          ]
        },
        {
          "name": "metalSupport3",
          "parent": "Door_Left",
          "pivot": [
            -33,
            8,
            33
          ],
          "cubes": [
            {
              "origin": [
                -32.41028,
                8.88735,
                16
              ],
              "size": [
                21,
                4,
                32
              ],
              "pivot": [
                0,
                0,
                0
              ],
              "rotation": [
                0,
                0,
                -4
              ],
              "uv": {
                "north": {
                  "uv": [
                    32,
                    80
                  ],
                  "uv_size": [
                    21,
                    -4
                  ]
                },
                "east": {
                  "uv": [
                    85,
                    72
                  ],
                  "uv_size": [
                    -32,
                    4
                  ]
                },
                "south": {
                  "uv": [
                    53,
                    76
                  ],
                  "uv_size": [
                    -21,
                    4
                  ]
                },
                "west": {
                  "uv": [
                    85,
                    76
                  ],
                  "uv_size": [
                    -32,
                    4
                  ]
                },
                "up": {
                  "uv": [
                    42,
                    127
                  ],
                  "uv_size": [
                    21,
                    -32
                  ]
                }
              }
            }
          ]
        },
        {
          "name": "wiring",
          "parent": "metalSupport3",
          "pivot": [
            -23,
            10,
            48
          ],
          "cubes": [
            {
              "origin": [
                -29,
                -13.29383,
                47.19401
              ],
              "size": [
                12,
                0,
                9
              ],
              "pivot": [
                0,
                0,
                0
              ],
              "rotation": [
                27.5,
                0,
                0
              ],
              "uv": {
                "north": {
                  "uv": [
                    63.5,
                    73.5
                  ],
                  "uv_size": [
                    7.5,
                    0
                  ]
                },
                "east": {
                  "uv": [
                    59,
                    73.5
                  ],
                  "uv_size": [
                    4.5,
                    0
                  ]
                },
                "south": {
                  "uv": [
                    75.5,
                    73.5
                  ],
                  "uv_size": [
                    7.5,
                    0
                  ]
                },
                "west": {
                  "uv": [
                    71,
                    73.5
                  ],
                  "uv_size": [
                    4.5,
                    0
                  ]
                },
                "up": {
                  "uv": [
                    1,
                    49
                  ],
                  "uv_size": [
                    12,
                    9
                  ]
                }
              }
            }
          ],
          "locators": {
            "wire1": [
              -26,
              14,
              56
            ],
            "wire2": [
              -22,
              14,
              56
            ],
            "wire3": [
              -20,
              14,
              56
            ]
          }
        },
        {
          "name": "metalSupport4",
          "parent": "Door_Left",
          "pivot": [
            -33,
            8,
            -33
          ],
          "cubes": [
            {
              "origin": [
                -32.41028,
                8.88735,
                -48
              ],
              "size": [
                21,
                4,
                32
              ],
              "pivot": [
                0,
                0,
                0
              ],
              "rotation": [
                0,
                0,
                -4
              ],
              "uv": {
                "north": {
                  "uv": [
                    32,
                    76
                  ],
                  "uv_size": [
                    21,
                    4
                  ]
                },
                "east": {
                  "uv": [
                    53,
                    72
                  ],
                  "uv_size": [
                    32,
                    4
                  ]
                },
                "south": {
                  "uv": [
                    53,
                    76
                  ],
                  "uv_size": [
                    -21,
                    4
                  ]
                },
                "west": {
                  "uv": [
                    53,
                    76
                  ],
                  "uv_size": [
                    32,
                    4
                  ]
                },
                "up": {
                  "uv": [
                    64,
                    127
                  ],
                  "uv_size": [
                    21,
                    -32
                  ]
                }
              }
            }
          ]
        },
        {
          "name": "wiring2",
          "parent": "metalSupport4",
          "pivot": [
            -23,
            10,
            -48
          ],
          "cubes": [
            {
              "origin": [
                -29,
                -13.29383,
                -56.19401
              ],
              "size": [
                12,
                0,
                9
              ],
              "pivot": [
                0,
                0,
                0
              ],
              "rotation": [
                -27.5,
                0,
                0
              ],
              "uv": {
                "north": {
                  "uv": [
                    4.5,
                    24
                  ],
                  "uv_size": [
                    7.5,
                    0
                  ]
                },
                "east": {
                  "uv": [
                    0,
                    24
                  ],
                  "uv_size": [
                    4.5,
                    0
                  ]
                },
                "south": {
                  "uv": [
                    16.5,
                    24
                  ],
                  "uv_size": [
                    7.5,
                    0
                  ]
                },
                "west": {
                  "uv": [
                    12,
                    24
                  ],
                  "uv_size": [
                    4.5,
                    0
                  ]
                },
                "up": {
                  "uv": [
                    1,
                    39
                  ],
                  "uv_size": [
                    12,
                    9
                  ]
                }
              }
            }
          ],
          "locators": {
            "wire10": [
              -20,
              14,
              -56
            ],
            "wire11": [
              -22,
              14,
              -56
            ],
            "wire12": [
              -26,
              14,
              -56
            ]
          }
        },
        {
          "name": "spinningValve2",
          "parent": "Door_Left",
          "pivot": [
            -33,
            12,
            0
          ],
          "cubes": [
            {
              "origin": [
                -38,
                8,
                -5
              ],
              "size": [
                10,
                4,
                10
              ],
              "uv": {
                "north": {
                  "uv": [
                    96,
                    122
                  ],
                  "uv_size": [
                    10,
                    4
                  ]
                },
                "east": {
                  "uv": [
                    96,
                    122
                  ],
                  "uv_size": [
                    10,
                    4
                  ]
                },
                "south": {
                  "uv": [
                    96,
                    122
                  ],
                  "uv_size": [
                    10,
                    4
                  ]
                },
                "west": {
                  "uv": [
                    96,
                    122
                  ],
                  "uv_size": [
                    10,
                    4
                  ]
                },
                "up": {
                  "uv": [
                    86,
                    112
                  ],
                  "uv_size": [
                    10,
                    10
                  ]
                }
              }
            }
          ]
        },
        {
          "name": "arm5",
          "parent": "spinningValve2",
          "pivot": [
            -38,
            12,
            0
          ],
          "cubes": [
            {
              "origin": [
                -48,
                12,
                -4
              ],
              "size": [
                10,
                0,
                8
              ],
              "pivot": [
                -38,
                12,
                0
              ],
              "rotation": [
                0,
                0,
                20
              ],
              "uv": {
                "north": {
                  "uv": [
                    12.5,
                    7
                  ],
                  "uv_size": [
                    -5.5,
                    0
                  ]
                },
                "east": {
                  "uv": [
                    19.5,
                    7
                  ],
                  "uv_size": [
                    -7,
                    0
                  ]
                },
                "south": {
                  "uv": [
                    25,
                    7
                  ],
                  "uv_size": [
                    -5.5,
                    0
                  ]
                },
                "west": {
                  "uv": [
                    7,
                    7
                  ],
                  "uv_size": [
                    -7,
                    0
                  ]
                },
                "up": {
                  "uv": [
                    10,
                    3
                  ],
                  "uv_size": [
                    -10,
                    8
                  ]
                }
              }
            }
          ]
        },
        {
          "name": "arm7",
          "parent": "spinningValve2",
          "pivot": [
            -28,
            12,
            0
          ],
          "cubes": [
            {
              "origin": [
                -28,
                12,
                -4
              ],
              "size": [
                10,
                0,
                8
              ],
              "pivot": [
                -28,
                12,
                0
              ],
              "rotation": [
                0,
                0,
                -20
              ],
              "uv": {
                "north": {
                  "uv": [
                    7,
                    7
                  ],
                  "uv_size": [
                    5.5,
                    0
                  ]
                },
                "east": {
                  "uv": [
                    0,
                    7
                  ],
                  "uv_size": [
                    7,
                    0
                  ]
                },
                "south": {
                  "uv": [
                    19.5,
                    7
                  ],
                  "uv_size": [
                    5.5,
                    0
                  ]
                },
                "west": {
                  "uv": [
                    12.5,
                    7
                  ],
                  "uv_size": [
                    7,
                    0
                  ]
                },
                "up": {
                  "uv": [
                    0,
                    3
                  ],
                  "uv_size": [
                    10,
                    8
                  ]
                }
              }
            }
          ]
        },
        {
          "name": "arm8",
          "parent": "spinningValve2",
          "pivot": [
            -33,
            12,
            5
          ],
          "cubes": [
            {
              "origin": [
                -37,
                12,
                5
              ],
              "size": [
                8,
                0,
                10
              ],
              "pivot": [
                -33,
                12,
                5
              ],
              "rotation": [
                20,
                0,
                0
              ],
              "uv": {
                "north": {
                  "uv": [
                    0,
                    7
                  ],
                  "uv_size": [
                    7,
                    0
                  ]
                },
                "east": {
                  "uv": [
                    19.5,
                    7
                  ],
                  "uv_size": [
                    5.5,
                    0
                  ]
                },
                "south": {
                  "uv": [
                    12.5,
                    7
                  ],
                  "uv_size": [
                    7,
                    0
                  ]
                },
                "west": {
                  "uv": [
                    7,
                    7
                  ],
                  "uv_size": [
                    5.5,
                    0
                  ]
                },
                "up": {
                  "uv": [
                    3,
                    16
                  ],
                  "uv_size": [
                    8,
                    10
                  ]
                }
              }
            }
          ]
        },
        {
          "name": "arm6",
          "parent": "spinningValve2",
          "pivot": [
            -33,
            12,
            -5
          ],
          "cubes": [
            {
              "origin": [
                -37,
                12,
                -15
              ],
              "size": [
                8,
                0,
                10
              ],
              "pivot": [
                -33,
                12,
                -5
              ],
              "rotation": [
                -20,
                0,
                0
              ],
              "uv": {
                "north": {
                  "uv": [
                    12.5,
                    7
                  ],
                  "uv_size": [
                    7,
                    0
                  ]
                },
                "east": {
                  "uv": [
                    7,
                    7
                  ],
                  "uv_size": [
                    5.5,
                    0
                  ]
                },
                "south": {
                  "uv": [
                    0,
                    7
                  ],
                  "uv_size": [
                    7,
                    0
                  ]
                },
                "west": {
                  "uv": [
                    19.5,
                    7
                  ],
                  "uv_size": [
                    5.5,
                    0
                  ]
                },
                "up": {
                  "uv": [
                    3,
                    27
                  ],
                  "uv_size": [
                    8,
                    10
                  ]
                }
              }
            }
          ]
        },
        {
          "name": "leftHazard",
          "parent": "Door_Left",
          "pivot": [
            -6,
            0,
            0
          ],
          "cubes": [
            {
              "origin": [
                -6,
                0,
                -40
              ],
              "size": [
                12,
                8,
                16
              ],
              "uv": {
                "north": {
                  "uv": [
                    97,
                    93
                  ],
                  "uv_size": [
                    12,
                    8
                  ]
                },
                "south": {
                  "uv": [
                    97,
                    93
                  ],
                  "uv_size": [
                    12,
                    8
                  ]
                },
                "west": {
                  "uv": [
                    109,
                    93
                  ],
                  "uv_size": [
                    16,
                    8
                  ]
                },
                "up": {
                  "uv": [
                    109,
                    77
                  ],
                  "uv_size": [
                    -12,
                    16
                  ]
                }
              }
            },
            {
              "origin": [
                -6,
                0,
                24
              ],
              "size": [
                12,
                8,
                16
              ],
              "uv": {
                "north": {
                  "uv": [
                    97,
                    93
                  ],
                  "uv_size": [
                    12,
                    8
                  ]
                },
                "south": {
                  "uv": [
                    97,
                    93
                  ],
                  "uv_size": [
                    12,
                    8
                  ]
                },
                "west": {
                  "uv": [
                    109,
                    93
                  ],
                  "uv_size": [
                    16,
                    8
                  ]
                },
                "up": {
                  "uv": [
                    109,
                    77
                  ],
                  "uv_size": [
                    -12,
                    16
                  ]
                }
              }
            },
            {
              "origin": [
                -6,
                0,
                -8
              ],
              "size": [
                12,
                8,
                16
              ],
              "uv": {
                "north": {
                  "uv": [
                    97,
                    93
                  ],
                  "uv_size": [
                    12,
                    8
                  ]
                },
                "south": {
                  "uv": [
                    97,
                    93
                  ],
                  "uv_size": [
                    12,
                    8
                  ]
                },
                "west": {
                  "uv": [
                    109,
                    93
                  ],
                  "uv_size": [
                    16,
                    8
                  ]
                },
                "up": {
                  "uv": [
                    109,
                    77
                  ],
                  "uv_size": [
                    -12,
                    16
                  ]
                }
              }
            }
          ]
        },
        {
          "name": "leftpiston1",
          "parent": "Door_Left",
          "pivot": [
            -43,
            8,
            33
          ]
        },
        {
          "name": "piston9",
          "parent": "leftpiston1",
          "pivot": [
            -43,
            8,
            33
          ],
          "rotation": [
            0,
            0,
            -15
          ],
          "cubes": [
            {
              "origin": [
                -47,
                8,
                32
              ],
              "size": [
                4,
                8,
                4
              ],
              "uv": {
                "north": {
                  "uv": [
                    4,
                    67
                  ],
                  "uv_size": [
                    -4,
                    8
                  ]
                },
                "east": {
                  "uv": [
                    10,
                    67
                  ],
                  "uv_size": [
                    4,
                    8
                  ]
                },
                "south": {
                  "uv": [
                    0,
                    67
                  ],
                  "uv_size": [
                    4,
                    8
                  ]
                },
                "west": {
                  "uv": [
                    5,
                    67
                  ],
                  "uv_size": [
                    4,
                    8
                  ]
                },
                "up": {
                  "uv": [
                    19,
                    71
                  ],
                  "uv_size": [
                    -4,
                    -4
                  ]
                },
                "down": {
                  "uv": [
                    12,
                    94
                  ],
                  "uv_size": [
                    -4,
                    4
                  ]
                }
              }
            }
          ],
          "locators": {
            "piston9": [
              -45,
              16,
              34
            ]
          }
        },
        {
          "name": "piston10",
          "parent": "leftpiston1",
          "pivot": [
            -43,
            8,
            27
          ],
          "rotation": [
            0,
            0,
            -15
          ],
          "cubes": [
            {
              "origin": [
                -47,
                8,
                25
              ],
              "size": [
                4,
                8,
                4
              ],
              "uv": {
                "north": {
                  "uv": [
                    4,
                    67
                  ],
                  "uv_size": [
                    -4,
                    8
                  ]
                },
                "east": {
                  "uv": [
                    10,
                    67
                  ],
                  "uv_size": [
                    4,
                    8
                  ]
                },
                "south": {
                  "uv": [
                    0,
                    67
                  ],
                  "uv_size": [
                    4,
                    8
                  ]
                },
                "west": {
                  "uv": [
                    5,
                    67
                  ],
                  "uv_size": [
                    4,
                    8
                  ]
                },
                "up": {
                  "uv": [
                    19,
                    71
                  ],
                  "uv_size": [
                    -4,
                    -4
                  ]
                },
                "down": {
                  "uv": [
                    12,
                    94
                  ],
                  "uv_size": [
                    -4,
                    4
                  ]
                }
              }
            }
          ],
          "locators": {
            "piston10": [
              -45,
              16,
              27
            ]
          }
        },
        {
          "name": "piston11",
          "parent": "leftpiston1",
          "pivot": [
            -43,
            8,
            20
          ],
          "rotation": [
            0,
            0,
            -15
          ],
          "cubes": [
            {
              "origin": [
                -47,
                8,
                18
              ],
              "size": [
                4,
                8,
                4
              ],
              "uv": {
                "north": {
                  "uv": [
                    4,
                    67
                  ],
                  "uv_size": [
                    -4,
                    8
                  ]
                },
                "east": {
                  "uv": [
                    10,
                    67
                  ],
                  "uv_size": [
                    4,
                    8
                  ]
                },
                "south": {
                  "uv": [
                    0,
                    67
                  ],
                  "uv_size": [
                    4,
                    8
                  ]
                },
                "west": {
                  "uv": [
                    5,
                    67
                  ],
                  "uv_size": [
                    4,
                    8
                  ]
                },
                "up": {
                  "uv": [
                    19,
                    71
                  ],
                  "uv_size": [
                    -4,
                    -4
                  ]
                },
                "down": {
                  "uv": [
                    12,
                    94
                  ],
                  "uv_size": [
                    -4,
                    4
                  ]
                }
              }
            }
          ],
          "locators": {
            "piston11": [
              -45,
              16,
              20
            ]
          }
        },
        {
          "name": "leftpiston2",
          "parent": "Door_Left",
          "pivot": [
            -43,
            8,
            -33
          ]
        },
        {
          "name": "piston13",
          "parent": "leftpiston2",
          "pivot": [
            -43,
            8,
            -33
          ],
          "rotation": [
            0,
            0,
            -15
          ],
          "cubes": [
            {
              "origin": [
                -47,
                8,
                -36
              ],
              "size": [
                4,
                8,
                4
              ],
              "uv": {
                "north": {
                  "uv": [
                    4,
                    67
                  ],
                  "uv_size": [
                    -4,
                    8
                  ]
                },
                "east": {
                  "uv": [
                    14,
                    67
                  ],
                  "uv_size": [
                    -4,
                    8
                  ]
                },
                "south": {
                  "uv": [
                    0,
                    67
                  ],
                  "uv_size": [
                    4,
                    8
                  ]
                },
                "west": {
                  "uv": [
                    9,
                    67
                  ],
                  "uv_size": [
                    -4,
                    8
                  ]
                },
                "up": {
                  "uv": [
                    19,
                    67
                  ],
                  "uv_size": [
                    -4,
                    4
                  ]
                },
                "down": {
                  "uv": [
                    12,
                    98
                  ],
                  "uv_size": [
                    -4,
                    -4
                  ]
                }
              }
            }
          ],
          "locators": {
            "piston13": [
              -45,
              16,
              -34
            ]
          }
        },
        {
          "name": "piston14",
          "parent": "leftpiston2",
          "pivot": [
            -43,
            8,
            -27
          ],
          "rotation": [
            0,
            0,
            -15
          ],
          "cubes": [
            {
              "origin": [
                -47,
                8,
                -29
              ],
              "size": [
                4,
                8,
                4
              ],
              "uv": {
                "north": {
                  "uv": [
                    4,
                    67
                  ],
                  "uv_size": [
                    -4,
                    8
                  ]
                },
                "east": {
                  "uv": [
                    14,
                    67
                  ],
                  "uv_size": [
                    -4,
                    8
                  ]
                },
                "south": {
                  "uv": [
                    0,
                    67
                  ],
                  "uv_size": [
                    4,
                    8
                  ]
                },
                "west": {
                  "uv": [
                    9,
                    67
                  ],
                  "uv_size": [
                    -4,
                    8
                  ]
                },
                "up": {
                  "uv": [
                    19,
                    67
                  ],
                  "uv_size": [
                    -4,
                    4
                  ]
                },
                "down": {
                  "uv": [
                    12,
                    98
                  ],
                  "uv_size": [
                    -4,
                    -4
                  ]
                }
              }
            }
          ],
          "locators": {
            "piston14": [
              -45,
              16,
              -27
            ]
          }
        },
        {
          "name": "piston15",
          "parent": "leftpiston2",
          "pivot": [
            -43,
            8,
            -20
          ],
          "rotation": [
            0,
            0,
            -15
          ],
          "cubes": [
            {
              "origin": [
                -47,
                8,
                -22
              ],
              "size": [
                4,
                8,
                4
              ],
              "uv": {
                "north": {
                  "uv": [
                    4,
                    67
                  ],
                  "uv_size": [
                    -4,
                    8
                  ]
                },
                "east": {
                  "uv": [
                    14,
                    67
                  ],
                  "uv_size": [
                    -4,
                    8
                  ]
                },
                "south": {
                  "uv": [
                    0,
                    67
                  ],
                  "uv_size": [
                    4,
                    8
                  ]
                },
                "west": {
                  "uv": [
                    9,
                    67
                  ],
                  "uv_size": [
                    -4,
                    8
                  ]
                },
                "up": {
                  "uv": [
                    19,
                    67
                  ],
                  "uv_size": [
                    -4,
                    4
                  ]
                },
                "down": {
                  "uv": [
                    12,
                    98
                  ],
                  "uv_size": [
                    -4,
                    -4
                  ]
                }
              }
            }
          ],
          "locators": {
            "piston15": [
              -45,
              16,
              -20
            ]
          }
        },
        {
          "name": "Door_Right",
          "parent": "root",
          "pivot": [
            0,
            0,
            0
          ],
          "cubes": [
            {
              "origin": [
                6,
                0,
                0
              ],
              "size": [
                50,
                8,
                56
              ],
              "uv": {
                "east": {
                  "uv": [
                    15,
                    56
                  ],
                  "uv_size": [
                    56,
                    8
                  ]
                },
                "south": {
                  "uv": [
                    71,
                    56
                  ],
                  "uv_size": [
                    1,
                    1
                  ]
                },
                "west": {
                  "uv": [
                    72,
                    56
                  ],
                  "uv_size": [
                    -1,
                    1
                  ]
                },
                "up": {
                  "uv": [
                    65,
                    56
                  ],
                  "uv_size": [
                    -50,
                    -56
                  ]
                }
              }
            },
            {
              "origin": [
                6,
                0,
                -56
              ],
              "size": [
                50,
                8,
                56
              ],
              "uv": {
                "north": {
                  "uv": [
                    72,
                    56
                  ],
                  "uv_size": [
                    -1,
                    1
                  ]
                },
                "east": {
                  "uv": [
                    71,
                    56
                  ],
                  "uv_size": [
                    -56,
                    8
                  ]
                },
                "west": {
                  "uv": [
                    72,
                    56
                  ],
                  "uv_size": [
                    -1,
                    1
                  ]
                },
                "up": {
                  "uv": [
                    115,
                    56
                  ],
                  "uv_size": [
                    -50,
                    -56
                  ]
                }
              }
            }
          ]
        },
        {
          "name": "redBar1",
          "parent": "Door_Right",
          "pivot": [
            56,
            8,
            11
          ],
          "cubes": [
            {
              "origin": [
                0,
                8,
                7
              ],
              "size": [
                56,
                2,
                8
              ],
              "uv": {
                "north": {
                  "uv": [
                    8,
                    94
                  ],
                  "uv_size": [
                    -8,
                    2
                  ]
                },
                "east": {
                  "uv": [
                    8,
                    94
                  ],
                  "uv_size": [
                    -8,
                    2
                  ]
                },
                "south": {
                  "uv": [
                    8,
                    94
                  ],
                  "uv_size": [
                    -8,
                    2
                  ]
                },
                "west": {
                  "uv": [
                    8,
                    94
                  ],
                  "uv_size": [
                    -8,
                    2
                  ]
                },
                "up": {
                  "uv": [
                    64,
                    86
                  ],
                  "uv_size": [
                    -56,
                    8
                  ]
                }
              }
            }
          ]
        },
        {
          "name": "redBar2",
          "parent": "Door_Right",
          "pivot": [
            56,
            8,
            -11
          ],
          "cubes": [
            {
              "origin": [
                0,
                8,
                -15
              ],
              "size": [
                56,
                2,
                8
              ],
              "uv": {
                "north": {
                  "uv": [
                    8,
                    94
                  ],
                  "uv_size": [
                    -8,
                    2
                  ]
                },
                "east": {
                  "uv": [
                    8,
                    94
                  ],
                  "uv_size": [
                    -8,
                    2
                  ]
                },
                "south": {
                  "uv": [
                    8,
                    94
                  ],
                  "uv_size": [
                    -8,
                    2
                  ]
                },
                "west": {
                  "uv": [
                    8,
                    94
                  ],
                  "uv_size": [
                    -8,
                    2
                  ]
                },
                "up": {
                  "uv": [
                    64,
                    86
                  ],
                  "uv_size": [
                    -56,
                    8
                  ]
                }
              }
            }
          ]
        },
        {
          "name": "halfLock1",
          "parent": "Door_Right",
          "pivot": [
            12,
            8,
            32
          ],
          "cubes": [
            {
              "origin": [
                0,
                8,
                24
              ],
              "size": [
                13,
                3,
                16
              ],
              "uv": {
                "north": {
                  "uv": [
                    16,
                    117
                  ],
                  "uv_size": [
                    13,
                    3
                  ]
                },
                "east": {
                  "uv": [
                    16,
                    117
                  ],
                  "uv_size": [
                    -16,
                    3
                  ]
                },
                "south": {
                  "uv": [
                    29,
                    117
                  ],
                  "uv_size": [
                    -13,
                    3
                  ]
                },
                "up": {
                  "uv": [
                    29,
                    101
                  ],
                  "uv_size": [
                    -13,
                    16
                  ]
                }
              }
            }
          ]
        },
        {
          "name": "halfLock2",
          "parent": "Door_Right",
          "pivot": [
            12,
            8,
            -36
          ],
          "cubes": [
            {
              "origin": [
                0,
                8,
                -40
              ],
              "size": [
                13,
                3,
                16
              ],
              "uv": {
                "north": {
                  "uv": [
                    16,
                    117
                  ],
                  "uv_size": [
                    13,
                    3
                  ]
                },
                "east": {
                  "uv": [
                    16,
                    117
                  ],
                  "uv_size": [
                    -16,
                    3
                  ]
                },
                "south": {
                  "uv": [
                    29,
                    117
                  ],
                  "uv_size": [
                    -13,
                    3
                  ]
                },
                "up": {
                  "uv": [
                    29,
                    101
                  ],
                  "uv_size": [
                    -13,
                    16
                  ]
                }
              }
            }
          ]
        },
        {
          "name": "metalSupport1",
          "parent": "Door_Right",
          "pivot": [
            33,
            8,
            32
          ],
          "cubes": [
            {
              "origin": [
                11.41028,
                8.88735,
                16
              ],
              "size": [
                21,
                4,
                32
              ],
              "pivot": [
                0,
                0,
                0
              ],
              "rotation": [
                0,
                0,
                4
              ],
              "uv": {
                "north": {
                  "uv": [
                    53,
                    76
                  ],
                  "uv_size": [
                    -21,
                    4
                  ]
                },
                "east": {
                  "uv": [
                    53,
                    76
                  ],
                  "uv_size": [
                    32,
                    4
                  ]
                },
                "south": {
                  "uv": [
                    32,
                    76
                  ],
                  "uv_size": [
                    21,
                    4
                  ]
                },
                "west": {
                  "uv": [
                    53,
                    76
                  ],
                  "uv_size": [
                    32,
                    4
                  ]
                },
                "up": {
                  "uv": [
                    85,
                    95
                  ],
                  "uv_size": [
                    -21,
                    32
                  ]
                }
              }
            }
          ]
        },
        {
          "name": "wiring3",
          "parent": "metalSupport1",
          "pivot": [
            23,
            10,
            48
          ],
          "cubes": [
            {
              "origin": [
                17,
                -13.29383,
                47.19401
              ],
              "size": [
                12,
                0,
                9
              ],
              "pivot": [
                0,
                0,
                0
              ],
              "rotation": [
                27.5,
                0,
                0
              ],
              "uv": {
                "north": {
                  "uv": [
                    71,
                    73.5
                  ],
                  "uv_size": [
                    -7.5,
                    0
                  ]
                },
                "east": {
                  "uv": [
                    75.5,
                    73.5
                  ],
                  "uv_size": [
                    -4.5,
                    0
                  ]
                },
                "south": {
                  "uv": [
                    83,
                    73.5
                  ],
                  "uv_size": [
                    -7.5,
                    0
                  ]
                },
                "west": {
                  "uv": [
                    63.5,
                    73.5
                  ],
                  "uv_size": [
                    -4.5,
                    0
                  ]
                },
                "up": {
                  "uv": [
                    13,
                    39
                  ],
                  "uv_size": [
                    -12,
                    9
                  ]
                }
              }
            }
          ],
          "locators": {
            "wire4": [
              18,
              14,
              56
            ],
            "wire5": [
              24,
              14,
              56
            ],
            "wire6": [
              28,
              14,
              56
            ]
          }
        },
        {
          "name": "metalSupport2",
          "parent": "Door_Right",
          "pivot": [
            12,
            8,
            -36
          ]
        },
        {
          "name": "halfLockSupport2",
          "parent": "metalSupport2",
          "pivot": [
            33,
            8,
            -32
          ],
          "cubes": [
            {
              "origin": [
                11.41028,
                8.88735,
                -48
              ],
              "size": [
                21,
                4,
                32
              ],
              "pivot": [
                0,
                0,
                0
              ],
              "rotation": [
                0,
                0,
                4
              ],
              "uv": {
                "north": {
                  "uv": [
                    53,
                    76
                  ],
                  "uv_size": [
                    -21,
                    4
                  ]
                },
                "east": {
                  "uv": [
                    85,
                    76
                  ],
                  "uv_size": [
                    -32,
                    4
                  ]
                },
                "south": {
                  "uv": [
                    32,
                    76
                  ],
                  "uv_size": [
                    21,
                    4
                  ]
                },
                "west": {
                  "uv": [
                    69,
                    76
                  ],
                  "uv_size": [
                    -16,
                    2
                  ]
                },
                "up": {
                  "uv": [
                    63,
                    95
                  ],
                  "uv_size": [
                    -21,
                    32
                  ]
                }
              }
            }
          ]
        },
        {
          "name": "wiring4",
          "parent": "halfLockSupport2",
          "pivot": [
            22,
            10,
            -48
          ],
          "cubes": [
            {
              "origin": [
                17,
                -13.29383,
                -56.19401
              ],
              "size": [
                12,
                0,
                9
              ],
              "pivot": [
                0,
                0,
                0
              ],
              "rotation": [
                -27.5,
                0,
                0
              ],
              "uv": {
                "north": {
                  "uv": [
                    12,
                    24
                  ],
                  "uv_size": [
                    -7.5,
                    0
                  ]
                },
                "east": {
                  "uv": [
                    16.5,
                    24
                  ],
                  "uv_size": [
                    -4.5,
                    0
                  ]
                },
                "south": {
                  "uv": [
                    24,
                    24
                  ],
                  "uv_size": [
                    -7.5,
                    0
                  ]
                },
                "west": {
                  "uv": [
                    4.5,
                    24
                  ],
                  "uv_size": [
                    -4.5,
                    0
                  ]
                },
                "up": {
                  "uv": [
                    13,
                    49
                  ],
                  "uv_size": [
                    -12,
                    9
                  ]
                }
              }
            }
          ],
          "locators": {
            "wire7": [
              28,
              14,
              -56
            ],
            "wire8": [
              24,
              14,
              -56
            ],
            "wire9": [
              18,
              14,
              -56
            ]
          }
        },
        {
          "name": "spinningValve3",
          "parent": "Door_Right",
          "pivot": [
            33,
            12,
            0
          ],
          "cubes": [
            {
              "origin": [
                28,
                8,
                -5
              ],
              "size": [
                10,
                4,
                10
              ],
              "uv": {
                "north": {
                  "uv": [
                    96,
                    122
                  ],
                  "uv_size": [
                    10,
                    4
                  ]
                },
                "east": {
                  "uv": [
                    96,
                    122
                  ],
                  "uv_size": [
                    10,
                    4
                  ]
                },
                "south": {
                  "uv": [
                    96,
                    122
                  ],
                  "uv_size": [
                    10,
                    4
                  ]
                },
                "west": {
                  "uv": [
                    96,
                    122
                  ],
                  "uv_size": [
                    10,
                    4
                  ]
                },
                "up": {
                  "uv": [
                    86,
                    112
                  ],
                  "uv_size": [
                    10,
                    10
                  ]
                }
              }
            }
          ]
        },
        {
          "name": "arm9",
          "parent": "spinningValve3",
          "pivot": [
            28,
            12,
            0
          ],
          "cubes": [
            {
              "origin": [
                18,
                12,
                -4
              ],
              "size": [
                10,
                0,
                8
              ],
              "pivot": [
                28,
                12,
                0
              ],
              "rotation": [
                0,
                0,
                20
              ],
              "uv": {
                "north": {
                  "uv": [
                    12.5,
                    7
                  ],
                  "uv_size": [
                    -5.5,
                    0
                  ]
                },
                "east": {
                  "uv": [
                    19.5,
                    7
                  ],
                  "uv_size": [
                    -7,
                    0
                  ]
                },
                "south": {
                  "uv": [
                    25,
                    7
                  ],
                  "uv_size": [
                    -5.5,
                    0
                  ]
                },
                "west": {
                  "uv": [
                    7,
                    7
                  ],
                  "uv_size": [
                    -7,
                    0
                  ]
                },
                "up": {
                  "uv": [
                    10,
                    3
                  ],
                  "uv_size": [
                    -10,
                    8
                  ]
                }
              }
            }
          ]
        },
        {
          "name": "arm10",
          "parent": "spinningValve3",
          "pivot": [
            38,
            12,
            0
          ],
          "cubes": [
            {
              "origin": [
                38,
                12,
                -4
              ],
              "size": [
                10,
                0,
                8
              ],
              "pivot": [
                38,
                12,
                0
              ],
              "rotation": [
                0,
                0,
                -20
              ],
              "uv": {
                "north": {
                  "uv": [
                    7,
                    7
                  ],
                  "uv_size": [
                    5.5,
                    0
                  ]
                },
                "east": {
                  "uv": [
                    0,
                    7
                  ],
                  "uv_size": [
                    7,
                    0
                  ]
                },
                "south": {
                  "uv": [
                    19.5,
                    7
                  ],
                  "uv_size": [
                    5.5,
                    0
                  ]
                },
                "west": {
                  "uv": [
                    12.5,
                    7
                  ],
                  "uv_size": [
                    7,
                    0
                  ]
                },
                "up": {
                  "uv": [
                    0,
                    3
                  ],
                  "uv_size": [
                    10,
                    8
                  ]
                }
              }
            }
          ]
        },
        {
          "name": "arm11",
          "parent": "spinningValve3",
          "pivot": [
            33,
            12,
            5
          ],
          "cubes": [
            {
              "origin": [
                29,
                12,
                5
              ],
              "size": [
                8,
                0,
                10
              ],
              "pivot": [
                33,
                12,
                5
              ],
              "rotation": [
                20,
                0,
                0
              ],
              "uv": {
                "north": {
                  "uv": [
                    0,
                    7
                  ],
                  "uv_size": [
                    7,
                    0
                  ]
                },
                "east": {
                  "uv": [
                    19.5,
                    7
                  ],
                  "uv_size": [
                    5.5,
                    0
                  ]
                },
                "south": {
                  "uv": [
                    12.5,
                    7
                  ],
                  "uv_size": [
                    7,
                    0
                  ]
                },
                "west": {
                  "uv": [
                    7,
                    7
                  ],
                  "uv_size": [
                    5.5,
                    0
                  ]
                },
                "up": {
                  "uv": [
                    3,
                    16
                  ],
                  "uv_size": [
                    8,
                    10
                  ]
                }
              }
            }
          ]
        },
        {
          "name": "arm12",
          "parent": "spinningValve3",
          "pivot": [
            33,
            12,
            -5
          ],
          "cubes": [
            {
              "origin": [
                29,
                12,
                -15
              ],
              "size": [
                8,
                0,
                10
              ],
              "pivot": [
                33,
                12,
                -5
              ],
              "rotation": [
                -20,
                0,
                0
              ],
              "uv": {
                "north": {
                  "uv": [
                    12.5,
                    7
                  ],
                  "uv_size": [
                    7,
                    0
                  ]
                },
                "east": {
                  "uv": [
                    7,
                    7
                  ],
                  "uv_size": [
                    5.5,
                    0
                  ]
                },
                "south": {
                  "uv": [
                    0,
                    7
                  ],
                  "uv_size": [
                    7,
                    0
                  ]
                },
                "west": {
                  "uv": [
                    19.5,
                    7
                  ],
                  "uv_size": [
                    5.5,
                    0
                  ]
                },
                "up": {
                  "uv": [
                    3,
                    27
                  ],
                  "uv_size": [
                    8,
                    10
                  ]
                }
              }
            }
          ]
        },
        {
          "name": "rightHazard",
          "parent": "Door_Right",
          "pivot": [
            6,
            0,
            0
          ],
          "cubes": [
            {
              "origin": [
                -6,
                0,
                -56
              ],
              "size": [
                12,
                8,
                16
              ],
              "uv": {
                "north": {
                  "uv": [
                    109,
                    93
                  ],
                  "uv_size": [
                    -12,
                    8
                  ]
                },
                "east": {
                  "uv": [
                    125,
                    93
                  ],
                  "uv_size": [
                    -16,
                    8
                  ]
                },
                "south": {
                  "uv": [
                    109,
                    93
                  ],
                  "uv_size": [
                    -12,
                    8
                  ]
                },
                "up": {
                  "uv": [
                    109,
                    77
                  ],
                  "uv_size": [
                    -12,
                    16
                  ]
                }
              }
            },
            {
              "origin": [
                -6,
                0,
                40
              ],
              "size": [
                12,
                8,
                16
              ],
              "uv": {
                "north": {
                  "uv": [
                    109,
                    93
                  ],
                  "uv_size": [
                    -12,
                    8
                  ]
                },
                "east": {
                  "uv": [
                    125,
                    93
                  ],
                  "uv_size": [
                    -16,
                    8
                  ]
                },
                "south": {
                  "uv": [
                    109,
                    93
                  ],
                  "uv_size": [
                    -12,
                    8
                  ]
                },
                "up": {
                  "uv": [
                    109,
                    77
                  ],
                  "uv_size": [
                    -12,
                    16
                  ]
                }
              }
            },
            {
              "origin": [
                -6,
                0,
                8
              ],
              "size": [
                12,
                8,
                16
              ],
              "uv": {
                "north": {
                  "uv": [
                    109,
                    93
                  ],
                  "uv_size": [
                    -12,
                    8
                  ]
                },
                "east": {
                  "uv": [
                    125,
                    93
                  ],
                  "uv_size": [
                    -16,
                    8
                  ]
                },
                "south": {
                  "uv": [
                    109,
                    93
                  ],
                  "uv_size": [
                    -12,
                    8
                  ]
                },
                "up": {
                  "uv": [
                    109,
                    77
                  ],
                  "uv_size": [
                    -12,
                    16
                  ]
                }
              }
            },
            {
              "origin": [
                -6,
                0,
                -24
              ],
              "size": [
                12,
                8,
                16
              ],
              "uv": {
                "north": {
                  "uv": [
                    109,
                    93
                  ],
                  "uv_size": [
                    -12,
                    8
                  ]
                },
                "east": {
                  "uv": [
                    125,
                    93
                  ],
                  "uv_size": [
                    -16,
                    8
                  ]
                },
                "south": {
                  "uv": [
                    109,
                    93
                  ],
                  "uv_size": [
                    -12,
                    8
                  ]
                },
                "up": {
                  "uv": [
                    109,
                    77
                  ],
                  "uv_size": [
                    -12,
                    16
                  ]
                }
              }
            }
          ]
        },
        {
          "name": "lightFlash",
          "parent": "Door_Right",
          "pivot": [
            0,
            -3,
            0
          ],
          "cubes": [
            {
              "origin": [
                -3,
                8.01,
                -35
              ],
              "size": [
                6,
                0,
                6
              ],
              "uv": {
                "north": {
                  "uv": [
                    0,
                    0
                  ],
                  "uv_size": [
                    6,
                    0
                  ]
                },
                "east": {
                  "uv": [
                    0,
                    0
                  ],
                  "uv_size": [
                    6,
                    0
                  ]
                },
                "south": {
                  "uv": [
                    0,
                    0
                  ],
                  "uv_size": [
                    6,
                    0
                  ]
                },
                "west": {
                  "uv": [
                    0,
                    0
                  ],
                  "uv_size": [
                    6,
                    0
                  ]
                },
                "up": {
                  "uv": [
                    13,
                    82
                  ],
                  "uv_size": [
                    -6,
                    -6
                  ]
                }
              }
            },
            {
              "origin": [
                -3,
                8.01,
                29
              ],
              "size": [
                6,
                0,
                6
              ],
              "uv": {
                "north": {
                  "uv": [
                    0,
                    0
                  ],
                  "uv_size": [
                    6,
                    0
                  ]
                },
                "east": {
                  "uv": [
                    0,
                    0
                  ],
                  "uv_size": [
                    6,
                    0
                  ]
                },
                "south": {
                  "uv": [
                    0,
                    0
                  ],
                  "uv_size": [
                    6,
                    0
                  ]
                },
                "west": {
                  "uv": [
                    0,
                    0
                  ],
                  "uv_size": [
                    6,
                    0
                  ]
                },
                "up": {
                  "uv": [
                    13,
                    82
                  ],
                  "uv_size": [
                    -6,
                    -6
                  ]
                }
              }
            }
          ]
        },
        {
          "name": "rightpiston1",
          "parent": "Door_Right",
          "pivot": [
            43,
            8,
            -33
          ]
        },
        {
          "name": "piston1",
          "parent": "rightpiston1",
          "pivot": [
            43,
            8,
            -33
          ],
          "rotation": [
            0,
            0,
            15
          ],
          "cubes": [
            {
              "origin": [
                43,
                8,
                -36
              ],
              "size": [
                4,
                8,
                4
              ],
              "uv": {
                "north": {
                  "uv": [
                    0,
                    67
                  ],
                  "uv_size": [
                    4,
                    8
                  ]
                },
                "east": {
                  "uv": [
                    5,
                    67
                  ],
                  "uv_size": [
                    4,
                    8
                  ]
                },
                "south": {
                  "uv": [
                    4,
                    67
                  ],
                  "uv_size": [
                    -4,
                    8
                  ]
                },
                "west": {
                  "uv": [
                    10,
                    67
                  ],
                  "uv_size": [
                    4,
                    8
                  ]
                },
                "up": {
                  "uv": [
                    15,
                    67
                  ],
                  "uv_size": [
                    4,
                    4
                  ]
                },
                "down": {
                  "uv": [
                    8,
                    98
                  ],
                  "uv_size": [
                    4,
                    -4
                  ]
                }
              }
            }
          ],
          "locators": {
            "piston1": [
              45,
              16,
              -34
            ]
          }
        },
        {
          "name": "piston2",
          "parent": "rightpiston1",
          "pivot": [
            43,
            8,
            -27
          ],
          "rotation": [
            0,
            0,
            15
          ],
          "cubes": [
            {
              "origin": [
                43,
                8,
                -29
              ],
              "size": [
                4,
                8,
                4
              ],
              "uv": {
                "north": {
                  "uv": [
                    0,
                    67
                  ],
                  "uv_size": [
                    4,
                    8
                  ]
                },
                "east": {
                  "uv": [
                    5,
                    67
                  ],
                  "uv_size": [
                    4,
                    8
                  ]
                },
                "south": {
                  "uv": [
                    4,
                    67
                  ],
                  "uv_size": [
                    -4,
                    8
                  ]
                },
                "west": {
                  "uv": [
                    10,
                    67
                  ],
                  "uv_size": [
                    4,
                    8
                  ]
                },
                "up": {
                  "uv": [
                    15,
                    67
                  ],
                  "uv_size": [
                    4,
                    4
                  ]
                },
                "down": {
                  "uv": [
                    8,
                    98
                  ],
                  "uv_size": [
                    4,
                    -4
                  ]
                }
              }
            }
          ],
          "locators": {
            "piston2": [
              45,
              16,
              -27
            ]
          }
        },
        {
          "name": "piston3",
          "parent": "rightpiston1",
          "pivot": [
            43,
            8,
            -20
          ],
          "rotation": [
            0,
            0,
            15
          ],
          "cubes": [
            {
              "origin": [
                43,
                8,
                -22
              ],
              "size": [
                4,
                8,
                4
              ],
              "uv": {
                "north": {
                  "uv": [
                    0,
                    67
                  ],
                  "uv_size": [
                    4,
                    8
                  ]
                },
                "east": {
                  "uv": [
                    5,
                    67
                  ],
                  "uv_size": [
                    4,
                    8
                  ]
                },
                "south": {
                  "uv": [
                    4,
                    67
                  ],
                  "uv_size": [
                    -4,
                    8
                  ]
                },
                "west": {
                  "uv": [
                    10,
                    67
                  ],
                  "uv_size": [
                    4,
                    8
                  ]
                },
                "up": {
                  "uv": [
                    15,
                    67
                  ],
                  "uv_size": [
                    4,
                    4
                  ]
                },
                "down": {
                  "uv": [
                    8,
                    98
                  ],
                  "uv_size": [
                    4,
                    -4
                  ]
                }
              }
            }
          ],
          "locators": {
            "piston3": [
              45,
              16,
              -20
            ]
          }
        },
        {
          "name": "rightpiston2_15d",
          "parent": "Door_Right",
          "pivot": [
            43,
            8,
            33
          ]
        },
        {
          "name": "piston5",
          "parent": "rightpiston2_15d",
          "pivot": [
            43,
            8,
            33
          ],
          "rotation": [
            0,
            0,
            15
          ],
          "cubes": [
            {
              "origin": [
                43,
                8,
                32
              ],
              "size": [
                4,
                8,
                4
              ],
              "uv": {
                "north": {
                  "uv": [
                    0,
                    67
                  ],
                  "uv_size": [
                    4,
                    8
                  ]
                },
                "east": {
                  "uv": [
                    9,
                    67
                  ],
                  "uv_size": [
                    -4,
                    8
                  ]
                },
                "south": {
                  "uv": [
                    4,
                    67
                  ],
                  "uv_size": [
                    -4,
                    8
                  ]
                },
                "west": {
                  "uv": [
                    14,
                    67
                  ],
                  "uv_size": [
                    -4,
                    8
                  ]
                },
                "up": {
                  "uv": [
                    15,
                    71
                  ],
                  "uv_size": [
                    4,
                    -4
                  ]
                },
                "down": {
                  "uv": [
                    8,
                    94
                  ],
                  "uv_size": [
                    4,
                    4
                  ]
                }
              }
            }
          ],
          "locators": {
            "piston5": [
              45,
              16,
              34
            ]
          }
        },
        {
          "name": "piston6",
          "parent": "rightpiston2_15d",
          "pivot": [
            43,
            8,
            27
          ],
          "rotation": [
            0,
            0,
            15
          ],
          "cubes": [
            {
              "origin": [
                43,
                8,
                25
              ],
              "size": [
                4,
                8,
                4
              ],
              "uv": {
                "north": {
                  "uv": [
                    0,
                    67
                  ],
                  "uv_size": [
                    4,
                    8
                  ]
                },
                "east": {
                  "uv": [
                    9,
                    67
                  ],
                  "uv_size": [
                    -4,
                    8
                  ]
                },
                "south": {
                  "uv": [
                    4,
                    67
                  ],
                  "uv_size": [
                    -4,
                    8
                  ]
                },
                "west": {
                  "uv": [
                    14,
                    67
                  ],
                  "uv_size": [
                    -4,
                    8
                  ]
                },
                "up": {
                  "uv": [
                    15,
                    71
                  ],
                  "uv_size": [
                    4,
                    -4
                  ]
                },
                "down": {
                  "uv": [
                    8,
                    94
                  ],
                  "uv_size": [
                    4,
                    4
                  ]
                }
              }
            }
          ],
          "locators": {
            "piston6": [
              45,
              16,
              27
            ]
          }
        },
        {
          "name": "piston7",
          "parent": "rightpiston2_15d",
          "pivot": [
            43,
            8,
            0
          ],
          "rotation": [
            0,
            0,
            15
          ],
          "cubes": [
            {
              "origin": [
                43,
                8,
                18
              ],
              "size": [
                4,
                8,
                4
              ],
              "uv": {
                "north": {
                  "uv": [
                    0,
                    67
                  ],
                  "uv_size": [
                    4,
                    8
                  ]
                },
                "east": {
                  "uv": [
                    9,
                    67
                  ],
                  "uv_size": [
                    -4,
                    8
                  ]
                },
                "south": {
                  "uv": [
                    4,
                    67
                  ],
                  "uv_size": [
                    -4,
                    8
                  ]
                },
                "west": {
                  "uv": [
                    14,
                    67
                  ],
                  "uv_size": [
                    -4,
                    8
                  ]
                },
                "up": {
                  "uv": [
                    15,
                    71
                  ],
                  "uv_size": [
                    4,
                    -4
                  ]
                },
                "down": {
                  "uv": [
                    8,
                    94
                  ],
                  "uv_size": [
                    4,
                    4
                  ]
                }
              }
            }
          ],
          "locators": {
            "piston7": [
              45,
              16,
              20
            ]
          }
        }
      ]
    }
  ],
  "format_version": "1.12.0"
}