{
  "minecraft:geometry": [
    {
      "description": {
        "identifier": "geometry.hive.sonic.event.hatch.small",
        "texture_width": 64,
        "texture_height": 64,
        "visible_bounds_width": 12,
        "visible_bounds_height": 3,
        "visible_bounds_offset": [
          0,
          0.5,
          0
        ]
      },
      "bones": [
        {
          "name": "root",
          "pivot": [
            0,
            8,
            0
          ]
        },
        {
          "name": "Door_left",
          "parent": "root",
          "pivot": [
            0,
            0,
            0
          ],
          "cubes": [
            {
              "origin": [
                -6,
                0,
                -24
              ],
              "size": [
                12,
                8,
                16
              ],
              "uv": {
                "north": {
                  "uv": [
                    0,
                    18
                  ],
                  "uv_size": [
                    12,
                    8
                  ]
                },
                "south": {
                  "uv": [
                    0,
                    18
                  ],
                  "uv_size": [
                    12,
                    8
                  ]
                },
                "west": {
                  "uv": [
                    12,
                    16
                  ],
                  "uv_size": [
                    16,
                    8
                  ]
                },
                "up": {
                  "uv": [
                    12,
                    0
                  ],
                  "uv_size": [
                    12,
                    16
                  ]
                }
              }
            },
            {
              "origin": [
                -6,
                0,
                8
              ],
              "size": [
                12,
                8,
                16
              ],
              "uv": {
                "north": {
                  "uv": [
                    0,
                    18
                  ],
                  "uv_size": [
                    12,
                    8
                  ]
                },
                "south": {
                  "uv": [
                    0,
                    18
                  ],
                  "uv_size": [
                    12,
                    8
                  ]
                },
                "west": {
                  "uv": [
                    12,
                    16
                  ],
                  "uv_size": [
                    16,
                    8
                  ]
                },
                "up": {
                  "uv": [
                    12,
                    0
                  ],
                  "uv_size": [
                    12,
                    16
                  ]
                }
              }
            },
            {
              "origin": [
                -24,
                0,
                0
              ],
              "size": [
                18,
                8,
                24
              ],
              "uv": {
                "east": {
                  "uv": [
                    24,
                    15
                  ],
                  "uv_size": [
                    1,
                    1
                  ]
                },
                "south": {
                  "uv": [
                    24,
                    15
                  ],
                  "uv_size": [
                    1,
                    1
                  ]
                },
                "west": {
                  "uv": [
                    60,
                    37
                  ],
                  "uv_size": [
                    -24,
                    8
                  ]
                },
                "up": {
                  "uv": [
                    18,
                    32
                  ],
                  "uv_size": [
                    18,
                    24
                  ]
                }
              }
            },
            {
              "origin": [
                -24,
                0,
                -24
              ],
              "size": [
                18,
                8,
                24
              ],
              "uv": {
                "north": {
                  "uv": [
                    24,
                    15
                  ],
                  "uv_size": [
                    1,
                    1
                  ]
                },
                "east": {
                  "uv": [
                    24,
                    15
                  ],
                  "uv_size": [
                    1,
                    1
                  ]
                },
                "west": {
                  "uv": [
                    36,
                    37
                  ],
                  "uv_size": [
                    24,
                    8
                  ]
                },
                "up": {
                  "uv": [
                    0,
                    32
                  ],
                  "uv_size": [
                    18,
                    24
                  ]
                }
              }
            }
          ]
        },
        {
          "name": "Locking_bar",
          "parent": "Door_left",
          "pivot": [
            0,
            0,
            0
          ],
          "cubes": [
            {
              "origin": [
                -8,
                8,
                -8
              ],
              "size": [
                8,
                3,
                16
              ],
              "uv": {
                "north": {
                  "uv": [
                    21,
                    59
                  ],
                  "uv_size": [
                    8,
                    3
                  ]
                },
                "south": {
                  "uv": [
                    29,
                    59
                  ],
                  "uv_size": [
                    -8,
                    3
                  ]
                },
                "west": {
                  "uv": [
                    5,
                    59
                  ],
                  "uv_size": [
                    16,
                    3
                  ]
                },
                "up": {
                  "uv": [
                    29,
                    5
                  ],
                  "uv_size": [
                    8,
                    16
                  ]
                }
              }
            }
          ]
        },
        {
          "name": "plate2",
          "parent": "Door_left",
          "pivot": [
            0,
            0,
            0
          ],
          "cubes": [
            {
              "origin": [
                -22,
                8,
                -16
              ],
              "size": [
                15,
                4,
                32
              ],
              "pivot": [
                -5,
                8,
                -32
              ],
              "rotation": [
                0,
                0,
                -4
              ],
              "uv": {
                "north": {
                  "uv": [
                    24,
                    0
                  ],
                  "uv_size": [
                    15,
                    4
                  ]
                },
                "east": {
                  "uv": [
                    31,
                    59
                  ],
                  "uv_size": [
                    32,
                    4
                  ]
                },
                "south": {
                  "uv": [
                    39,
                    0
                  ],
                  "uv_size": [
                    -15,
                    4
                  ]
                },
                "west": {
                  "uv": [
                    0,
                    26
                  ],
                  "uv_size": [
                    32,
                    4
                  ]
                },
                "up": {
                  "uv": [
                    49,
                    0
                  ],
                  "uv_size": [
                    15,
                    32
                  ]
                }
              }
            }
          ]
        },
        {
          "name": "wiring2",
          "parent": "plate2",
          "pivot": [
            0,
            0,
            0
          ],
          "cubes": [
            {
              "origin": [
                -21,
                25.2377,
                -28.72864
              ],
              "size": [
                12,
                0,
                9
              ],
              "pivot": [
                -13,
                10,
                -49
              ],
              "rotation": [
                -27.5,
                0,
                0
              ],
              "uv": {
                "north": {
                  "uv": [
                    2.25,
                    2.25
                  ],
                  "uv_size": [
                    3,
                    0
                  ]
                },
                "east": {
                  "uv": [
                    0,
                    2.25
                  ],
                  "uv_size": [
                    2.25,
                    0
                  ]
                },
                "south": {
                  "uv": [
                    7.5,
                    2.25
                  ],
                  "uv_size": [
                    3,
                    0
                  ]
                },
                "west": {
                  "uv": [
                    5.25,
                    2.25
                  ],
                  "uv_size": [
                    2.25,
                    0
                  ]
                },
                "up": {
                  "uv": [
                    0,
                    9
                  ],
                  "uv_size": [
                    12,
                    9
                  ]
                }
              }
            },
            {
              "origin": [
                -21,
                25.2377,
                19.72864
              ],
              "size": [
                12,
                0,
                9
              ],
              "pivot": [
                -13,
                10,
                49
              ],
              "rotation": [
                27.5,
                0,
                0
              ],
              "uv": {
                "north": {
                  "uv": [
                    2.25,
                    4.5
                  ],
                  "uv_size": [
                    3,
                    0
                  ]
                },
                "east": {
                  "uv": [
                    0,
                    4.5
                  ],
                  "uv_size": [
                    2.25,
                    0
                  ]
                },
                "south": {
                  "uv": [
                    7.5,
                    4.5
                  ],
                  "uv_size": [
                    3,
                    0
                  ]
                },
                "west": {
                  "uv": [
                    5.25,
                    4.5
                  ],
                  "uv_size": [
                    2.25,
                    0
                  ]
                },
                "up": {
                  "uv": [
                    0,
                    9
                  ],
                  "uv_size": [
                    12,
                    -9
                  ]
                }
              }
            }
          ]
        },
        {
          "name": "Door_right",
          "parent": "root",
          "pivot": [
            0,
            0,
            0
          ],
          "cubes": [
            {
              "origin": [
                -6,
                0,
                -8
              ],
              "size": [
                12,
                8,
                16
              ],
              "uv": {
                "north": {
                  "uv": [
                    0,
                    18
                  ],
                  "uv_size": [
                    12,
                    8
                  ]
                },
                "east": {
                  "uv": [
                    12,
                    16
                  ],
                  "uv_size": [
                    16,
                    8
                  ]
                },
                "south": {
                  "uv": [
                    0,
                    18
                  ],
                  "uv_size": [
                    12,
                    8
                  ]
                },
                "up": {
                  "uv": [
                    12,
                    0
                  ],
                  "uv_size": [
                    12,
                    16
                  ]
                }
              }
            },
            {
              "origin": [
                6,
                0,
                -24
              ],
              "size": [
                18,
                8,
                24
              ],
              "uv": {
                "north": {
                  "uv": [
                    24,
                    15
                  ],
                  "uv_size": [
                    1,
                    1
                  ]
                },
                "east": {
                  "uv": [
                    60,
                    37
                  ],
                  "uv_size": [
                    -24,
                    8
                  ]
                },
                "west": {
                  "uv": [
                    24,
                    15
                  ],
                  "uv_size": [
                    1,
                    1
                  ]
                },
                "up": {
                  "uv": [
                    18,
                    32
                  ],
                  "uv_size": [
                    -18,
                    24
                  ]
                }
              }
            },
            {
              "origin": [
                6,
                0,
                0
              ],
              "size": [
                18,
                8,
                24
              ],
              "uv": {
                "east": {
                  "uv": [
                    36,
                    37
                  ],
                  "uv_size": [
                    24,
                    8
                  ]
                },
                "south": {
                  "uv": [
                    24,
                    15
                  ],
                  "uv_size": [
                    1,
                    1
                  ]
                },
                "west": {
                  "uv": [
                    24,
                    15
                  ],
                  "uv_size": [
                    1,
                    1
                  ]
                },
                "up": {
                  "uv": [
                    36,
                    32
                  ],
                  "uv_size": [
                    -18,
                    24
                  ]
                }
              }
            }
          ]
        },
        {
          "name": "plate3",
          "parent": "Door_right",
          "pivot": [
            0,
            0,
            0
          ],
          "cubes": [
            {
              "origin": [
                7,
                8,
                -16
              ],
              "size": [
                15,
                4,
                32
              ],
              "pivot": [
                5,
                8,
                -32
              ],
              "rotation": [
                0,
                0,
                4
              ],
              "uv": {
                "north": {
                  "uv": [
                    39,
                    0
                  ],
                  "uv_size": [
                    -15,
                    4
                  ]
                },
                "east": {
                  "uv": [
                    0,
                    26
                  ],
                  "uv_size": [
                    32,
                    4
                  ]
                },
                "south": {
                  "uv": [
                    24,
                    0
                  ],
                  "uv_size": [
                    15,
                    4
                  ]
                },
                "west": {
                  "uv": [
                    31,
                    59
                  ],
                  "uv_size": [
                    32,
                    4
                  ]
                },
                "up": {
                  "uv": [
                    64,
                    32
                  ],
                  "uv_size": [
                    -15,
                    -32
                  ]
                }
              }
            }
          ]
        },
        {
          "name": "wiring3",
          "parent": "plate3",
          "pivot": [
            0,
            0,
            0
          ],
          "cubes": [
            {
              "origin": [
                9,
                25.2377,
                -28.72864
              ],
              "size": [
                12,
                0,
                9
              ],
              "pivot": [
                13,
                10,
                -49
              ],
              "rotation": [
                -27.5,
                0,
                0
              ],
              "uv": {
                "north": {
                  "uv": [
                    2.25,
                    4.5
                  ],
                  "uv_size": [
                    3,
                    0
                  ]
                },
                "east": {
                  "uv": [
                    0,
                    4.5
                  ],
                  "uv_size": [
                    2.25,
                    0
                  ]
                },
                "south": {
                  "uv": [
                    7.5,
                    4.5
                  ],
                  "uv_size": [
                    3,
                    0
                  ]
                },
                "west": {
                  "uv": [
                    5.25,
                    4.5
                  ],
                  "uv_size": [
                    2.25,
                    0
                  ]
                },
                "up": {
                  "uv": [
                    0,
                    0
                  ],
                  "uv_size": [
                    12,
                    9
                  ]
                }
              }
            },
            {
              "origin": [
                9,
                25.2377,
                19.72864
              ],
              "size": [
                12,
                0,
                9
              ],
              "pivot": [
                13,
                10,
                49
              ],
              "rotation": [
                27.5,
                0,
                0
              ],
              "uv": {
                "north": {
                  "uv": [
                    2.25,
                    2.25
                  ],
                  "uv_size": [
                    3,
                    0
                  ]
                },
                "east": {
                  "uv": [
                    0,
                    2.25
                  ],
                  "uv_size": [
                    2.25,
                    0
                  ]
                },
                "south": {
                  "uv": [
                    7.5,
                    2.25
                  ],
                  "uv_size": [
                    3,
                    0
                  ]
                },
                "west": {
                  "uv": [
                    7.5,
                    2.25
                  ],
                  "uv_size": [
                    -2.25,
                    0
                  ]
                },
                "up": {
                  "uv": [
                    0,
                    18
                  ],
                  "uv_size": [
                    12,
                    -9
                  ]
                }
              }
            }
          ]
        },
        {
          "name": "Locking_bar2",
          "parent": "Door_right",
          "pivot": [
            0,
            0,
            0
          ],
          "cubes": [
            {
              "origin": [
                0,
                8,
                -8
              ],
              "size": [
                8,
                3,
                16
              ],
              "uv": {
                "north": {
                  "uv": [
                    29,
                    59
                  ],
                  "uv_size": [
                    -8,
                    3
                  ]
                },
                "east": {
                  "uv": [
                    5,
                    59
                  ],
                  "uv_size": [
                    16,
                    3
                  ]
                },
                "south": {
                  "uv": [
                    21,
                    59
                  ],
                  "uv_size": [
                    8,
                    3
                  ]
                },
                "up": {
                  "uv": [
                    37,
                    21
                  ],
                  "uv_size": [
                    -8,
                    -16
                  ]
                }
              }
            }
          ]
        }
      ]
    }
  ],
  "format_version": "1.12.0"
}