{
  "format_version": "1.12.0",
  "minecraft:geometry": [
    {
      "description": {
        "identifier": "geometry.hive.sonic.event.emp",
        "texture_width": 64,
        "texture_height": 64,
        "visible_bounds_width": 100,
        "visible_bounds_height": 7,
        "visible_bounds_offset": [
          0,
          2.5,
          0
        ]
      },
      "bones": [
        {
          "name": "root",
          "pivot": [
            0,
            0,
            0
          ]
        },
        {
          "name": "blue",
          "parent": "root",
          "pivot": [
            0,
            0,
            0
          ]
        },
        {
          "name": "blue1",
          "parent": "blue",
          "pivot": [
            0,
            3,
            -15
          ],
          "cubes": [
            {
              "origin": [
                -14,
                3,
                -27
              ],
              "size": [
                28,
                0,
                13
              ],
              "uv": {
                "north": {
                  "uv": [
                    48,
                    25.5
                  ],
                  "uv_size": [
                    -25,
                    0
                  ]
                },
                "east": {
                  "uv": [
                    5.5,
                    25.5
                  ],
                  "uv_size": [
                    -5.5,
                    0
                  ]
                },
                "south": {
                  "uv": [
                    48,
                    25
                  ],
                  "uv_size": [
                    -25,
                    0
                  ]
                },
                "west": {
                  "uv": [
                    5.5,
                    26
                  ],
                  "uv_size": [
                    -5.5,
                    0
                  ]
                },
                "up": {
                  "uv": [
                    50,
                    1
                  ],
                  "uv_size": [
                    -24,
                    13
                  ]
                },
                "down": {
                  "uv": [
                    50,
                    14
                  ],
                  "uv_size": [
                    -24,
                    -13
                  ]
                }
              }
            }
          ]
        },
        {
          "name": "blue2",
          "parent": "blue",
          "pivot": [
            -14,
            3,
            0
          ],
          "cubes": [
            {
              "origin": [
                -27,
                3,
                -26
              ],
              "size": [
                13,
                0,
                52
              ],
              "uv": {
                "north": {
                  "uv": [
                    5.5,
                    26
                  ],
                  "uv_size": [
                    -5.5,
                    0
                  ]
                },
                "east": {
                  "uv": [
                    48,
                    25.5
                  ],
                  "uv_size": [
                    -25,
                    0
                  ]
                },
                "south": {
                  "uv": [
                    5.5,
                    25.5
                  ],
                  "uv_size": [
                    -5.5,
                    0
                  ]
                },
                "west": {
                  "uv": [
                    48,
                    25
                  ],
                  "uv_size": [
                    -25,
                    0
                  ]
                },
                "up": {
                  "uv": [
                    13,
                    12
                  ],
                  "uv_size": [
                    -13,
                    52
                  ]
                },
                "down": {
                  "uv": [
                    13,
                    12
                  ],
                  "uv_size": [
                    -13,
                    52
                  ]
                }
              }
            }
          ]
        },
        {
          "name": "blue3",
          "parent": "blue",
          "pivot": [
            0,
            3,
            15
          ],
          "cubes": [
            {
              "origin": [
                -14,
                3,
                13
              ],
              "size": [
                28,
                0,
                13
              ],
              "uv": {
                "north": {
                  "uv": [
                    23,
                    25
                  ],
                  "uv_size": [
                    25,
                    0
                  ]
                },
                "east": {
                  "uv": [
                    0,
                    25.5
                  ],
                  "uv_size": [
                    5.5,
                    0
                  ]
                },
                "south": {
                  "uv": [
                    23,
                    25.5
                  ],
                  "uv_size": [
                    25,
                    0
                  ]
                },
                "west": {
                  "uv": [
                    0,
                    26
                  ],
                  "uv_size": [
                    5.5,
                    0
                  ]
                },
                "up": {
                  "uv": [
                    26,
                    13
                  ],
                  "uv_size": [
                    24,
                    -13
                  ]
                },
                "down": {
                  "uv": [
                    26,
                    0
                  ],
                  "uv_size": [
                    24,
                    13
                  ]
                }
              }
            }
          ]
        },
        {
          "name": "blue4",
          "parent": "blue",
          "pivot": [
            14,
            3,
            0
          ],
          "cubes": [
            {
              "origin": [
                14,
                3,
                -26
              ],
              "size": [
                13,
                0,
                52
              ],
              "uv": {
                "north": {
                  "uv": [
                    0,
                    26
                  ],
                  "uv_size": [
                    5.5,
                    0
                  ]
                },
                "east": {
                  "uv": [
                    23,
                    25
                  ],
                  "uv_size": [
                    25,
                    0
                  ]
                },
                "south": {
                  "uv": [
                    0,
                    25.5
                  ],
                  "uv_size": [
                    5.5,
                    0
                  ]
                },
                "west": {
                  "uv": [
                    23,
                    25.5
                  ],
                  "uv_size": [
                    25,
                    0
                  ]
                },
                "up": {
                  "uv": [
                    0,
                    64
                  ],
                  "uv_size": [
                    13,
                    -52
                  ]
                },
                "down": {
                  "uv": [
                    0,
                    64
                  ],
                  "uv_size": [
                    13,
                    -52
                  ]
                }
              }
            }
          ]
        },
        {
          "name": "underWhite",
          "parent": "root",
          "pivot": [
            0,
            0,
            0
          ]
        },
        {
          "name": "uw1",
          "parent": "underWhite",
          "pivot": [
            22,
            1,
            0
          ],
          "cubes": [
            {
              "origin": [
                18,
                1,
                -20
              ],
              "size": [
                6,
                0,
                40
              ],
              "uv": {
                "north": {
                  "uv": [
                    0,
                    28
                  ],
                  "uv_size": [
                    5,
                    0
                  ]
                },
                "east": {
                  "uv": [
                    23,
                    29
                  ],
                  "uv_size": [
                    22,
                    0
                  ]
                },
                "south": {
                  "uv": [
                    0,
                    28.5
                  ],
                  "uv_size": [
                    5,
                    0
                  ]
                },
                "west": {
                  "uv": [
                    23,
                    28.5
                  ],
                  "uv_size": [
                    22,
                    0
                  ]
                },
                "up": {
                  "uv": [
                    16,
                    22
                  ],
                  "uv_size": [
                    6,
                    40
                  ]
                },
                "down": {
                  "uv": [
                    16,
                    22
                  ],
                  "uv_size": [
                    6,
                    40
                  ]
                }
              }
            }
          ]
        },
        {
          "name": "uw2",
          "parent": "underWhite",
          "pivot": [
            0,
            1,
            22
          ],
          "cubes": [
            {
              "origin": [
                -20,
                1,
                18
              ],
              "size": [
                40,
                0,
                6
              ],
              "uv": {
                "north": {
                  "uv": [
                    23,
                    29
                  ],
                  "uv_size": [
                    22,
                    0
                  ]
                },
                "east": {
                  "uv": [
                    0,
                    28.5
                  ],
                  "uv_size": [
                    5,
                    0
                  ]
                },
                "south": {
                  "uv": [
                    23,
                    28.5
                  ],
                  "uv_size": [
                    22,
                    0
                  ]
                },
                "west": {
                  "uv": [
                    0,
                    28
                  ],
                  "uv_size": [
                    5,
                    0
                  ]
                },
                "up": {
                  "uv": [
                    23,
                    22
                  ],
                  "uv_size": [
                    40,
                    -6
                  ]
                },
                "down": {
                  "uv": [
                    23,
                    22
                  ],
                  "uv_size": [
                    40,
                    -6
                  ]
                }
              }
            }
          ]
        },
        {
          "name": "uw3",
          "parent": "underWhite",
          "pivot": [
            -22,
            1,
            0
          ],
          "cubes": [
            {
              "origin": [
                -24,
                1,
                -20
              ],
              "size": [
                6,
                0,
                40
              ],
              "uv": {
                "north": {
                  "uv": [
                    5,
                    28
                  ],
                  "uv_size": [
                    -5,
                    0
                  ]
                },
                "east": {
                  "uv": [
                    45,
                    28.5
                  ],
                  "uv_size": [
                    -22,
                    0
                  ]
                },
                "south": {
                  "uv": [
                    5,
                    28.5
                  ],
                  "uv_size": [
                    -5,
                    0
                  ]
                },
                "west": {
                  "uv": [
                    45,
                    29
                  ],
                  "uv_size": [
                    -22,
                    0
                  ]
                },
                "up": {
                  "uv": [
                    22,
                    22
                  ],
                  "uv_size": [
                    -6,
                    40
                  ]
                },
                "down": {
                  "uv": [
                    22,
                    22
                  ],
                  "uv_size": [
                    -6,
                    40
                  ]
                }
              }
            }
          ]
        },
        {
          "name": "uw4",
          "parent": "underWhite",
          "pivot": [
            0,
            1,
            -22
          ],
          "cubes": [
            {
              "origin": [
                -20,
                1,
                -24
              ],
              "size": [
                40,
                0,
                6
              ],
              "uv": {
                "north": {
                  "uv": [
                    45,
                    28.5
                  ],
                  "uv_size": [
                    -22,
                    0
                  ]
                },
                "east": {
                  "uv": [
                    5,
                    28.5
                  ],
                  "uv_size": [
                    -5,
                    0
                  ]
                },
                "south": {
                  "uv": [
                    45,
                    29
                  ],
                  "uv_size": [
                    -22,
                    0
                  ]
                },
                "west": {
                  "uv": [
                    5,
                    28
                  ],
                  "uv_size": [
                    -5,
                    0
                  ]
                },
                "up": {
                  "uv": [
                    23,
                    16
                  ],
                  "uv_size": [
                    40,
                    6
                  ]
                },
                "down": {
                  "uv": [
                    23,
                    22
                  ],
                  "uv_size": [
                    40,
                    -6
                  ]
                }
              }
            }
          ]
        },
        {
          "name": "outerWhite",
          "parent": "root",
          "pivot": [
            0,
            0,
            0
          ]
        },
        {
          "name": "ow1",
          "parent": "outerWhite",
          "pivot": [
            1,
            5,
            -37
          ],
          "cubes": [
            {
              "origin": [
                -20,
                5,
                -37
              ],
              "size": [
                40,
                0,
                6
              ],
              "uv": {
                "north": {
                  "uv": [
                    45,
                    28.5
                  ],
                  "uv_size": [
                    -22,
                    0
                  ]
                },
                "east": {
                  "uv": [
                    5,
                    28.5
                  ],
                  "uv_size": [
                    -5,
                    0
                  ]
                },
                "south": {
                  "uv": [
                    45,
                    29
                  ],
                  "uv_size": [
                    -22,
                    0
                  ]
                },
                "west": {
                  "uv": [
                    5,
                    28
                  ],
                  "uv_size": [
                    -5,
                    0
                  ]
                },
                "up": {
                  "uv": [
                    23,
                    16
                  ],
                  "uv_size": [
                    40,
                    6
                  ]
                },
                "down": {
                  "uv": [
                    23,
                    22
                  ],
                  "uv_size": [
                    40,
                    -6
                  ]
                }
              }
            }
          ]
        },
        {
          "name": "ow2",
          "parent": "outerWhite",
          "pivot": [
            -41,
            5,
            0
          ],
          "cubes": [
            {
              "origin": [
                -41,
                5,
                -20
              ],
              "size": [
                6,
                0,
                40
              ],
              "uv": {
                "north": {
                  "uv": [
                    5,
                    28
                  ],
                  "uv_size": [
                    -5,
                    0
                  ]
                },
                "east": {
                  "uv": [
                    45,
                    28.5
                  ],
                  "uv_size": [
                    -22,
                    0
                  ]
                },
                "south": {
                  "uv": [
                    5,
                    28.5
                  ],
                  "uv_size": [
                    -5,
                    0
                  ]
                },
                "west": {
                  "uv": [
                    45,
                    29
                  ],
                  "uv_size": [
                    -22,
                    0
                  ]
                },
                "up": {
                  "uv": [
                    22,
                    22
                  ],
                  "uv_size": [
                    -6,
                    40
                  ]
                },
                "down": {
                  "uv": [
                    22,
                    22
                  ],
                  "uv_size": [
                    -6,
                    40
                  ]
                }
              }
            }
          ]
        },
        {
          "name": "ow3",
          "parent": "outerWhite",
          "pivot": [
            0,
            5,
            37
          ],
          "cubes": [
            {
              "origin": [
                -20,
                5,
                31
              ],
              "size": [
                40,
                0,
                6
              ],
              "uv": {
                "north": {
                  "uv": [
                    23,
                    29
                  ],
                  "uv_size": [
                    22,
                    0
                  ]
                },
                "east": {
                  "uv": [
                    0,
                    28.5
                  ],
                  "uv_size": [
                    5,
                    0
                  ]
                },
                "south": {
                  "uv": [
                    23,
                    28.5
                  ],
                  "uv_size": [
                    22,
                    0
                  ]
                },
                "west": {
                  "uv": [
                    0,
                    28
                  ],
                  "uv_size": [
                    5,
                    0
                  ]
                },
                "up": {
                  "uv": [
                    23,
                    22
                  ],
                  "uv_size": [
                    40,
                    -6
                  ]
                },
                "down": {
                  "uv": [
                    23,
                    16
                  ],
                  "uv_size": [
                    40,
                    6
                  ]
                }
              }
            }
          ]
        },
        {
          "name": "ow4",
          "parent": "outerWhite",
          "pivot": [
            40,
            5,
            0
          ],
          "cubes": [
            {
              "origin": [
                34,
                5,
                -20
              ],
              "size": [
                6,
                0,
                40
              ],
              "uv": {
                "north": {
                  "uv": [
                    0,
                    28
                  ],
                  "uv_size": [
                    5,
                    0
                  ]
                },
                "east": {
                  "uv": [
                    23,
                    29
                  ],
                  "uv_size": [
                    22,
                    0
                  ]
                },
                "south": {
                  "uv": [
                    0,
                    28.5
                  ],
                  "uv_size": [
                    5,
                    0
                  ]
                },
                "west": {
                  "uv": [
                    23,
                    28.5
                  ],
                  "uv_size": [
                    22,
                    0
                  ]
                },
                "up": {
                  "uv": [
                    16,
                    22
                  ],
                  "uv_size": [
                    6,
                    40
                  ]
                },
                "down": {
                  "uv": [
                    16,
                    22
                  ],
                  "uv_size": [
                    6,
                    40
                  ]
                }
              }
            }
          ]
        }
      ]
    }
  ]
}