{
	"format_version": "1.21.0",
	"minecraft:block": {
		"description": {
			"identifier": "hive:large_dried_grass",
			"is_experimental": true,
			"register_to_creative_menu": true,
			"menu_category": {
				"category": "nature",
				"group": ""
			}
		},
		"components": {
			"minecraft:collision_box": false,
			"minecraft:destructible_by_mining": 0,
			"minecraft:geometry": "geometry.hive.block.double.plant",
			"minecraft:light_dampening": {
				"lightLevel": 0
			},
			"minecraft:material_instances": {
				"*": {
					"ambient_occlusion": false,
					"face_dimming": false,
					"render_method": "alpha_test",
					"texture": "hive:large_dried_grass"
				}
			},
			"minecraft:selection_box": {
				"origin": [
					-6,
					0,
					-6
				],
				"size": [
					12,
					16,
					12
				]
			}
		}
	}
}