{
	"format_version": "1.21.0",
	"minecraft:block": {
		"description": {
			"identifier": "hive:zzub_ghz_grass_tall_grass_short",
			"is_experimental": true,
			"register_to_creative_menu": true,
			"menu_category": {
				"category": "construction",
				"group": ""
			}
		},
		"components": {
			"minecraft:collision_box": false,
			"minecraft:geometry": "geometry.hive.ghz.grass.tall.grass",
			"minecraft:material_instances": {
				"*": {
					"ambient_occlusion": false,
					"face_dimming": false,
					"render_method": "alpha_test",
					"texture": "hive:ghz_grass_tall_grass_short"
				}
			}
		}
	}
}