{
	"format_version": "1.21.0",
	"minecraft:block": {
		"description": {
			"identifier": "hive:zzub_ghz_grass_slab_dark",
			"is_experimental": true,
			"register_to_creative_menu": true,
			"menu_category": {
				"category": "construction",
				"group": "itemGroup.name.slab"
			},
			"traits": {
				"minecraft:placement_position": {
					"enabled_states": [
						"minecraft:vertical_half"
					]
				}
			}
		},
		"components": {
			"minecraft:collision_box": {
				"origin": [
					-8,
					0,
					-8
				],
				"size": [
					16,
					8,
					16
				]
			},
			"minecraft:geometry": "geometry.hive.sonic.generic.slab_normal",
			"minecraft:material_instances": {
				"*": {
					"ambient_occlusion": true,
					"face_dimming": true,
					"render_method": "opaque",
					"texture": "hive:ghz_grass_top_dark"
				},
				"down": {
					"ambient_occlusion": true,
					"face_dimming": true,
					"render_method": "opaque",
					"texture": "hive:ghz_grass_top_dark"
				},
				"up": {
					"ambient_occlusion": true,
					"face_dimming": true,
					"render_method": "opaque",
					"texture": "hive:ghz_grass_top_dark"
				}
			},
			"minecraft:selection_box": {
				"origin": [
					-8,
					0,
					-8
				],
				"size": [
					16,
					8,
					16
				]
			}
		},
		"permutations": [
			{
				"components": {
					"minecraft:collision_box": {
						"origin": [
							-8,
							8,
							-8
						],
						"size": [
							16,
							8,
							16
						]
					},
					"minecraft:geometry": "geometry.slab_top",
					"minecraft:selection_box": {
						"origin": [
							-8,
							8,
							-8
						],
						"size": [
							16,
							8,
							16
						]
					}
				},
				"condition": "query.block_state('minecraft:vertical_half') == 'top'"
			}
		]
	}
}