{
	"format_version": "1.21.0",
	"minecraft:block": {
		"description": {
			"identifier": "hive:zzub_rr_flower_basket_ground_red",
			"is_experimental": true,
			"register_to_creative_menu": true,
			"menu_category": {
				"category": "construction",
				"group": ""
			}
		},
		"components": {
			"minecraft:geometry": "geometry.hive.sonic.rr.flower_basket_ground",
			"minecraft:material_instances": {
				"*": {
					"ambient_occlusion": true,
					"face_dimming": true,
					"render_method": "alpha_test",
					"texture": "hive:rr_flower_basket_red"
				}
			}
		}
	}
}