{
	"format_version": "1.21.0",
	"minecraft:block": {
		"description": {
			"identifier": "hive:zzub_ghz_scaffolding_plank_bottom",
			"is_experimental": true,
			"register_to_creative_menu": true,
			"menu_category": {
				"category": "construction",
				"group": ""
			}
		},
		"components": {
			"minecraft:collision_box": {
				"origin": [
					-8,
					0,
					-8
				],
				"size": [
					16,
					8,
					16
				]
			},
			"minecraft:geometry": "geometry.hive.sonic.ghz.scaffolding.plank.bottom",
			"minecraft:material_instances": {
				"*": {
					"ambient_occlusion": true,
					"face_dimming": true,
					"render_method": "opaque",
					"texture": "hive:ghz_scaffolding_plank"
				}
			},
			"minecraft:selection_box": {
				"origin": [
					-8,
					0,
					-8
				],
				"size": [
					16,
					8,
					16
				]
			}
		}
	}
}