{
	"format_version": "1.21.0",
	"minecraft:block": {
		"description": {
			"identifier": "hive:zzub_pw_flower_light_sapling",
			"is_experimental": true,
			"register_to_creative_menu": true,
			"menu_category": {
				"category": "construction",
				"group": ""
			}
		},
		"components": {
			"minecraft:geometry": "minecraft:geometry.full_block",
			"minecraft:material_instances": {
				"*": {
					"ambient_occlusion": true,
					"face_dimming": true,
					"render_method": "opaque",
					"texture": "hive:pw_flower_light_sapling"
				}
			}
		}
	}
}