{
	"format_version": "1.21.0",
	"minecraft:block": {
		"description": {
			"identifier": "hive:zzub_ghz_grass_light_checker_long_light",
			"is_experimental": true,
			"register_to_creative_menu": true,
			"menu_category": {
				"category": "construction",
				"group": ""
			}
		},
		"components": {
			"minecraft:geometry": "minecraft:geometry.full_block",
			"minecraft:material_instances": {
				"north": {
					"ambient_occlusion": true,
					"face_dimming": true,
					"render_method": "opaque",
					"texture": "hive:ghz_grass_light_side_long_light"
				},
				"east": {
					"ambient_occlusion": true,
					"face_dimming": true,
					"render_method": "opaque",
					"texture": "hive:ghz_grass_light_side_long_light"
				},
				"south": {
					"ambient_occlusion": true,
					"face_dimming": true,
					"render_method": "opaque",
					"texture": "hive:ghz_grass_light_side_long_light"
				},
				"west": {
					"ambient_occlusion": true,
					"face_dimming": true,
					"render_method": "opaque",
					"texture": "hive:ghz_grass_light_side_long_light"
				},
				"down": {
					"ambient_occlusion": true,
					"face_dimming": true,
					"render_method": "opaque",
					"texture": "hive:ghz_stone_light"
				},
				"up": {
					"ambient_occlusion": true,
					"face_dimming": true,
					"render_method": "opaque",
					"texture": "hive:ghz_grass_top_light"
				}
			}
		}
	}
}