{
  "format_version": "1.8.0",
  "render_controllers": {
    "controller.render.hive.sonic.platform.moving": {
      "arrays": {
        "textures": {
          "array.textures": [
            "Texture.default",
            "Texture.cp",
            "Texture.rr",
            "Texture.ss"
          ]
        },
        "geometries": {
          "array.geometries": [
            "Geometry.default",
            "Geometry.cp",
            "Geometry.rr",
            "Geometry.ss"
          ]
        },
        "materials": {
          "array.materials": [
            "Material.default",
            "Material.default",
            "Material.alpha",
            "Material.default"
          ]
        }
      },
      "geometry": "array.geometries[query.variant]",
      "materials": [
        {
          "*": "array.materials[query.variant]"
        }
      ],
      "textures": [
        "array.textures[query.variant]"
      ]
    }
  }
}