{
  "format_version": "1.8.0",
  "render_controllers": {
    "controller.render.hive.sonic.platform.timed": {
      "arrays": {
        "textures": {
          "array.textures": [
            "Texture.default",
            "Texture.defaultFaded"
          ]
        },
        "geometries": {
          "array.geometries": [
            "Geometry.default"
          ]
        }
      },
      "geometry": "array.geometries[query.variant]",
      "materials": [
        {
          "*": "!query.is_tamed ? Material.faded : Material.default"
        }
      ],
      "textures": [
        "array.textures[(query.variant * 2) + (!query.is_tamed ? 1 : 0)]"
      ]
    }
  }
}