{
  "format_version": "1.8.0",
  "minecraft:client_entity": {
    "description": {
      "identifier": "hive:ghz_tree",
      "materials": {
        "default": "entity_alphatest"
      },
      "textures": {
        "default": "textures/entity/hive/sonic/ghz/tree"
      },
      "geometry": {
        "default": "geometry.hive.sonic.ghz.tree"
      },
      "scripts": {
        "pre_animation": [
          "variable.random \u003d math.random(0, 5);"
        ]
      },
      "animations": {
        "idle": "animation.hive.sonic.ghz.tree.idle",
        "idleBreeze1": "animation.hive.sonic.ghz.tree.idleBreeze1",
        "idleBreeze2": "animation.hive.sonic.ghz.tree.idleBreeze2",
        "punchSpin": "animation.hive.sonic.ghz.tree.punchSpin"
      },
      "animation_controllers": [
        {
          "idle": "controller.animation.hive.sonic.ghz.tree.idle"
        },
        {
          "idleBreeze": "controller.animation.hive.sonic.ghz.tree.idleBreeze"
        },
        {
          "punch": "controller.animation.hive.sonic.ghz.tree.punch"
        }
      ],
      "render_controllers": [
        "controller.render.hive.sonic.default"
      ]
    }
  }
}