{
  "format_version": "1.8.0",
  "minecraft:client_entity": {
    "description": {
      "identifier": "hive:rr_lamp_post",
      "materials": {
        "default": "entity_alphatest",
        "lamp": "entity_emissive"
      },
      "textures": {
        "default": "textures/entity/hive/sonic/rr/lamp_post"
      },
      "geometry": {
        "default": "geometry.hive.sonic.rr.lamp_post"
      },
      "animations": {
        "idle": "animation.hive.sonic.rr.lamp_post.idle"
      },
      "animation_controllers": [
        {
          "default": "controller.animation.hive.sonic.rr.lamp_post"
        }
      ],
      "render_controllers": [
        "controller.render.hive.sonic.rr.lamp_post"
      ]
    }
  }
}