{
  "format_version": "1.12.0",
  "minecraft:geometry": [
    {
      "description": {
        "identifier": "geometry.hive.sonic.ghz.totem.wing.small",
        "texture_width": 16,
        "texture_height": 16,
        "visible_bounds_width": 4,
        "visible_bounds_height": 3,
        "visible_bounds_offset": [
          0,
          0.5,
          0
        ]
      },
      "bones": [
        {
          "name": "root",
          "pivot": [
            0,
            0,
            0
          ],
          "cubes": [
            {
              "origin": [
                -1.56088,
                3.89449,
                -1
              ],
              "size": [
                11,
                9,
                2
              ],
              "pivot": [
                0,
                0,
                0
              ],
              "rotation": [
                0,
                0,
                5
              ],
              "uv": {
                "north": {
                  "uv": [
                    2,
                    2
                  ],
                  "uv_size": [
                    11,
                    9
                  ]
                },
                "east": {
                  "uv": [
                    0,
                    2
                  ],
                  "uv_size": [
                    2,
                    9
                  ]
                },
                "south": {
                  "uv": [
                    13,
                    2
                  ],
                  "uv_size": [
                    -11,
                    9
                  ]
                },
                "west": {
                  "uv": [
                    13,
                    2
                  ],
                  "uv_size": [
                    2,
                    9
                  ]
                },
                "up": {
                  "uv": [
                    2,
                    0
                  ],
                  "uv_size": [
                    11,
                    2
                  ]
                },
                "down": {
                  "uv": [
                    2,
                    13
                  ],
                  "uv_size": [
                    11,
                    -2
                  ]
                }
              }
            }
          ]
        }
      ]
    }
  ]
}