{
  "format_version": "1.12.0",
  "minecraft:geometry": [
    {
      "description": {
        "identifier": "geometry.hive.sonic.ghz.totem.wing.large",
        "texture_width": 32,
        "texture_height": 32,
        "visible_bounds_width": 4,
        "visible_bounds_height": 3,
        "visible_bounds_offset": [
          0,
          0.5,
          0
        ]
      },
      "bones": [
        {
          "name": "bone",
          "pivot": [
            0,
            0,
            0
          ],
          "cubes": [
            {
              "origin": [
                -3.76088,
                0.20551,
                -1
              ],
              "size": [
                14,
                4,
                2
              ],
              "pivot": [
                0,
                0,
                -0.5
              ],
              "rotation": [
                0,
                0,
                -5
              ],
              "uv": {
                "north": {
                  "uv": [
                    2,
                    20
                  ],
                  "uv_size": [
                    14,
                    4
                  ]
                },
                "east": {
                  "uv": [
                    0,
                    20
                  ],
                  "uv_size": [
                    2,
                    4
                  ]
                },
                "south": {
                  "uv": [
                    18,
                    20
                  ],
                  "uv_size": [
                    14,
                    4
                  ]
                },
                "west": {
                  "uv": [
                    16,
                    20
                  ],
                  "uv_size": [
                    2,
                    4
                  ]
                },
                "up": {
                  "uv": [
                    2,
                    18
                  ],
                  "uv_size": [
                    14,
                    2
                  ]
                },
                "down": {
                  "uv": [
                    16,
                    20
                  ],
                  "uv_size": [
                    14,
                    -2
                  ]
                }
              }
            },
            {
              "origin": [
                -7.01523,
                5.60209,
                -1
              ],
              "size": [
                17,
                5,
                2
              ],
              "pivot": [
                0,
                0,
                -0.5
              ],
              "rotation": [
                0,
                0,
                -2.5
              ],
              "uv": {
                "north": {
                  "uv": [
                    0,
                    0
                  ],
                  "uv_size": [
                    17,
                    5
                  ]
                },
                "east": {
                  "uv": [
                    0,
                    9
                  ],
                  "uv_size": [
                    2,
                    5
                  ]
                },
                "south": {
                  "uv": [
                    17,
                    0
                  ],
                  "uv_size": [
                    -17,
                    5
                  ]
                },
                "west": {
                  "uv": [
                    2,
                    9
                  ],
                  "uv_size": [
                    2,
                    5
                  ]
                },
                "up": {
                  "uv": [
                    0,
                    7
                  ],
                  "uv_size": [
                    17,
                    2
                  ]
                },
                "down": {
                  "uv": [
                    0,
                    7
                  ],
                  "uv_size": [
                    17,
                    -2
                  ]
                }
              }
            },
            {
              "origin": [
                -7.01523,
                10.55209,
                -1
              ],
              "size": [
                7,
                3,
                2
              ],
              "pivot": [
                0,
                0,
                -0.5
              ],
              "rotation": [
                0,
                0,
                -2.5
              ],
              "uv": {
                "north": {
                  "uv": [
                    6,
                    11
                  ],
                  "uv_size": [
                    7,
                    3
                  ]
                },
                "east": {
                  "uv": [
                    13,
                    11
                  ],
                  "uv_size": [
                    2,
                    3
                  ]
                },
                "south": {
                  "uv": [
                    15,
                    11
                  ],
                  "uv_size": [
                    7,
                    3
                  ]
                },
                "west": {
                  "uv": [
                    4,
                    11
                  ],
                  "uv_size": [
                    2,
                    3
                  ]
                },
                "up": {
                  "uv": [
                    6,
                    9
                  ],
                  "uv_size": [
                    7,
                    2
                  ]
                },
                "down": {
                  "uv": [
                    13,
                    11
                  ],
                  "uv_size": [
                    7,
                    -2
                  ]
                }
              }
            }
          ]
        }
      ]
    }
  ]
}