{
  "minecraft:geometry": [
    {
      "description": {
        "identifier": "geometry.hive.sonic.event.terminal",
        "texture_width": 64,
        "texture_height": 64,
        "visible_bounds_width": 12,
        "visible_bounds_height": 3,
        "visible_bounds_offset": [
          0,
          0.5,
          0
        ]
      },
      "bones": [
        {
          "name": "root",
          "pivot": [
            0,
            0,
            0
          ]
        },
        {
          "name": "terminal",
          "parent": "root",
          "pivot": [
            0,
            0,
            0
          ]
        },
        {
          "name": "screen",
          "parent": "terminal",
          "pivot": [
            0,
            0,
            0
          ],
          "cubes": [
            {
              "origin": [
                -24,
                3,
                -6
              ],
              "size": [
                48,
                3,
                13
              ],
              "pivot": [
                0,
                3,
                -3
              ],
              "rotation": [
                18.5,
                0,
                0
              ],
              "uv": {
                "north": {
                  "uv": [
                    16,
                    26
                  ],
                  "uv_size": [
                    48,
                    3
                  ]
                },
                "east": {
                  "uv": [
                    61,
                    0
                  ],
                  "uv_size": [
                    -13,
                    3
                  ]
                },
                "south": {
                  "uv": [
                    16,
                    26
                  ],
                  "uv_size": [
                    48,
                    3
                  ]
                },
                "west": {
                  "uv": [
                    48,
                    0
                  ],
                  "uv_size": [
                    13,
                    3
                  ]
                },
                "up": {
                  "uv": [
                    0,
                    0
                  ],
                  "uv_size": [
                    48,
                    13
                  ]
                },
                "down": {
                  "uv": [
                    0,
                    26
                  ],
                  "uv_size": [
                    48,
                    -13
                  ]
                }
              }
            }
          ]
        },
        {
          "name": "clock",
          "parent": "screen",
          "pivot": [
            0,
            3,
            -3
          ],
          "cubes": [
            {
              "origin": [
                -8,
                7,
                -2
              ],
              "size": [
                1,
                0,
                5
              ],
              "pivot": [
                0,
                3,
                -3
              ],
              "rotation": [
                18.5,
                0,
                0
              ],
              "uv": {
                "north": {
                  "uv": [
                    0,
                    0
                  ],
                  "uv_size": [
                    1,
                    0
                  ]
                },
                "east": {
                  "uv": [
                    0,
                    0
                  ],
                  "uv_size": [
                    7,
                    0
                  ]
                },
                "south": {
                  "uv": [
                    0,
                    0
                  ],
                  "uv_size": [
                    1,
                    0
                  ]
                },
                "west": {
                  "uv": [
                    0,
                    0
                  ],
                  "uv_size": [
                    7,
                    0
                  ]
                },
                "up": {
                  "uv": [
                    49,
                    20
                  ],
                  "uv_size": [
                    1,
                    5
                  ]
                }
              }
            },
            {
              "origin": [
                7,
                7,
                -2
              ],
              "size": [
                1,
                0,
                5
              ],
              "pivot": [
                0,
                3,
                -3
              ],
              "rotation": [
                18.5,
                0,
                0
              ],
              "uv": {
                "north": {
                  "uv": [
                    0,
                    0
                  ],
                  "uv_size": [
                    1,
                    0
                  ]
                },
                "east": {
                  "uv": [
                    0,
                    0
                  ],
                  "uv_size": [
                    7,
                    0
                  ]
                },
                "south": {
                  "uv": [
                    0,
                    0
                  ],
                  "uv_size": [
                    1,
                    0
                  ]
                },
                "west": {
                  "uv": [
                    0,
                    0
                  ],
                  "uv_size": [
                    7,
                    0
                  ]
                },
                "up": {
                  "uv": [
                    49,
                    20
                  ],
                  "uv_size": [
                    1,
                    5
                  ]
                }
              }
            }
          ]
        },
        {
          "name": "digit1",
          "parent": "clock",
          "pivot": [
            0,
            3,
            -3
          ]
        },
        {
          "name": "digit2",
          "parent": "clock",
          "pivot": [
            5,
            3,
            -3
          ]
        },
        {
          "name": "digit3",
          "parent": "clock",
          "pivot": [
            13,
            3,
            -3
          ]
        },
        {
          "name": "digit4",
          "parent": "clock",
          "pivot": [
            20,
            3,
            -3
          ]
        },
        {
          "name": "digit5",
          "parent": "clock",
          "pivot": [
            28,
            3,
            -3
          ]
        },
        {
          "name": "digit6",
          "parent": "clock",
          "pivot": [
            35,
            3,
            -3
          ]
        },
        {
          "name": "stands",
          "parent": "screen",
          "pivot": [
            0,
            1,
            -2
          ],
          "cubes": [
            {
              "origin": [
                -20,
                0,
                3
              ],
              "size": [
                40,
                5,
                0
              ],
              "uv": {
                "north": {
                  "uv": [
                    0,
                    56
                  ],
                  "uv_size": [
                    40,
                    5
                  ]
                }
              }
            },
            {
              "origin": [
                -20,
                0,
                -4
              ],
              "size": [
                40,
                3,
                0
              ],
              "uv": {
                "north": {
                  "uv": [
                    0,
                    58
                  ],
                  "uv_size": [
                    40,
                    3
                  ]
                }
              }
            }
          ]
        },
        {
          "name": "computer",
          "parent": "screen",
          "pivot": [
            0,
            0,
            0
          ],
          "cubes": [
            {
              "origin": [
                -40,
                0,
                -4
              ],
              "size": [
                7,
                13,
                8
              ],
              "uv": {
                "north": {
                  "uv": [
                    32,
                    43
                  ],
                  "uv_size": [
                    7,
                    13
                  ]
                },
                "east": {
                  "uv": [
                    16,
                    43
                  ],
                  "uv_size": [
                    8,
                    13
                  ]
                },
                "south": {
                  "uv": [
                    39,
                    43
                  ],
                  "uv_size": [
                    7,
                    13
                  ]
                },
                "west": {
                  "uv": [
                    24,
                    43
                  ],
                  "uv_size": [
                    8,
                    13
                  ]
                },
                "up": {
                  "uv": [
                    0,
                    37
                  ],
                  "uv_size": [
                    7,
                    8
                  ]
                }
              }
            },
            {
              "origin": [
                -38,
                0,
                -8
              ],
              "size": [
                8,
                11,
                16
              ],
              "uv": {
                "north": {
                  "uv": [
                    0,
                    26
                  ],
                  "uv_size": [
                    8,
                    11
                  ]
                },
                "east": {
                  "uv": [
                    16,
                    32
                  ],
                  "uv_size": [
                    16,
                    11
                  ]
                },
                "south": {
                  "uv": [
                    8,
                    26
                  ],
                  "uv_size": [
                    8,
                    11
                  ]
                },
                "west": {
                  "uv": [
                    32,
                    32
                  ],
                  "uv_size": [
                    16,
                    11
                  ]
                },
                "up": {
                  "uv": [
                    7,
                    37
                  ],
                  "uv_size": [
                    8,
                    16
                  ]
                }
              }
            }
          ]
        },
        {
          "name": "flap",
          "parent": "computer",
          "pivot": [
            0,
            0,
            0
          ],
          "cubes": [
            {
              "origin": [
                -41,
                6,
                -2
              ],
              "size": [
                1,
                5,
                4
              ],
              "pivot": [
                -40,
                8,
                2
              ],
              "rotation": [
                0,
                120,
                0
              ],
              "uv": {
                "north": {
                  "uv": [
                    62,
                    21
                  ],
                  "uv_size": [
                    1,
                    5
                  ]
                },
                "east": {
                  "uv": [
                    62,
                    21
                  ],
                  "uv_size": [
                    4,
                    5
                  ]
                },
                "south": {
                  "uv": [
                    65,
                    21
                  ],
                  "uv_size": [
                    1,
                    5
                  ]
                },
                "west": {
                  "uv": [
                    66,
                    21
                  ],
                  "uv_size": [
                    4,
                    5
                  ]
                },
                "up": {
                  "uv": [
                    62,
                    22
                  ],
                  "uv_size": [
                    1,
                    -1
                  ]
                },
                "down": {
                  "uv": [
                    63,
                    26
                  ],
                  "uv_size": [
                    -1,
                    -1
                  ]
                }
              }
            }
          ]
        },
        {
          "name": "wiring",
          "parent": "computer",
          "pivot": [
            0,
            3,
            -3
          ],
          "cubes": [
            {
              "origin": [
                30,
                -3,
                -4
              ],
              "size": [
                0,
                8,
                9
              ],
              "pivot": [
                0,
                3,
                -3
              ],
              "rotation": [
                18.5,
                0,
                0
              ],
              "uv": {
                "north": {
                  "uv": [
                    0,
                    0
                  ],
                  "uv_size": [
                    0,
                    8
                  ]
                },
                "south": {
                  "uv": [
                    0,
                    0
                  ],
                  "uv_size": [
                    0,
                    8
                  ]
                },
                "west": {
                  "uv": [
                    55,
                    12
                  ],
                  "uv_size": [
                    9,
                    8
                  ]
                },
                "up": {
                  "uv": [
                    0,
                    0
                  ],
                  "uv_size": [
                    0,
                    11
                  ]
                },
                "down": {
                  "uv": [
                    0,
                    11
                  ],
                  "uv_size": [
                    0,
                    -11
                  ]
                }
              }
            },
            {
              "origin": [
                -30,
                5,
                -5
              ],
              "size": [
                6,
                0,
                10
              ],
              "pivot": [
                0,
                3,
                -3
              ],
              "rotation": [
                18.5,
                0,
                0
              ],
              "uv": {
                "up": {
                  "uv": [
                    48,
                    8
                  ],
                  "uv_size": [
                    6,
                    10
                  ]
                }
              }
            },
            {
              "origin": [
                24,
                5,
                -4
              ],
              "size": [
                6,
                0,
                9
              ],
              "pivot": [
                0,
                3,
                -3
              ],
              "rotation": [
                18.5,
                0,
                0
              ],
              "uv": {
                "north": {
                  "uv": [
                    0,
                    0
                  ],
                  "uv_size": [
                    6,
                    0
                  ]
                },
                "east": {
                  "uv": [
                    0,
                    0
                  ],
                  "uv_size": [
                    11,
                    0
                  ]
                },
                "south": {
                  "uv": [
                    0,
                    0
                  ],
                  "uv_size": [
                    6,
                    0
                  ]
                },
                "west": {
                  "uv": [
                    0,
                    0
                  ],
                  "uv_size": [
                    11,
                    0
                  ]
                },
                "up": {
                  "uv": [
                    56,
                    3
                  ],
                  "uv_size": [
                    6,
                    9
                  ]
                }
              }
            }
          ]
        }
      ]
    }
  ],
  "format_version": "1.12.0"
}