{
  "format_version": "1.10.0",
  "particle_effect": {
    "description": {
      "identifier": "hive:cloud_idle",
      "basic_render_parameters": {
        "material": "particles_alpha",
        "texture": "textures/particle/hive/cloud"
      }
    },
    "components": {
      "minecraft:emitter_local_space": {
        "position": true
      },
      "minecraft:emitter_rate_steady": {
        "spawn_rate": 10,
        "max_particles": 40
      },
      "minecraft:emitter_lifetime_looping": {
        "active_time": 10
      },
      "minecraft:emitter_shape_disc": {
        "offset": [
          0,
          "math.random(0,0.2)",
          0
        ],
        "radius": 0.1,
        "surface_only": true,
        "direction": "outwards"
      },
      "minecraft:particle_lifetime_expression": {
        "max_lifetime": 3
      },
      "minecraft:particle_initial_speed": 0.7,
      "minecraft:particle_motion_dynamic": {
        "linear_acceleration": [
          0,
          0.05,
          0
        ]
      },
      "minecraft:particle_appearance_billboard": {
        "size": [
          "(1-(variable.particle_age/variable.particle_lifetime))*0.4",
          "(1-(variable.particle_age/variable.particle_lifetime))*0.4"
        ],
        "facing_camera_mode": "lookat_xyz",
        "uv": {
          "texture_width": 16,
          "texture_height": 64,
          "flipbook": {
            "base_UV": [
              0,
              0
            ],
            "size_UV": [
              16,
              16
            ],
            "step_UV": [
              0,
              16
            ],
            "frames_per_second": 3,
            "max_frame": 4,
            "stretch_to_lifetime": true
          }
        }
      },
      "minecraft:particle_appearance_tinting": {
        "color": [
          1,
          1,
          1,
          1
        ]
      }
    }
  }
}