{
  "minecraft:geometry": [
    {
      "description": {
        "identifier": "geometry.hive.sonic.sph.lights.lights",
        "texture_width": 36,
        "texture_height": 12,
        "visible_bounds_width": 3,
        "visible_bounds_height": 5,
        "visible_bounds_offset": [
          0,
          1.5,
          0
        ]
      },
      "bones": [
        {
          "name": "root",
          "pivot": [
            0,
            0,
            0
          ],
          "cubes": [
            {
              "origin": [
                -6,
                3,
                -5
              ],
              "size": [
                12,
                12,
                0
              ],
              "uv": {
                "north": {
                  "uv": [
                    24,
                    0
                  ],
                  "uv_size": [
                    12,
                    12
                  ]
                }
              }
            },
            {
              "origin": [
                -6,
                17,
                -5
              ],
              "size": [
                12,
                12,
                0
              ],
              "uv": {
                "north": {
                  "uv": [
                    12,
                    0
                  ],
                  "uv_size": [
                    12,
                    12
                  ]
                }
              }
            },
            {
              "origin": [
                -6,
                31,
                -5
              ],
              "size": [
                12,
                12,
                0
              ],
              "uv": {
                "north": {
                  "uv": [
                    0,
                    0
                  ],
                  "uv_size": [
                    12,
                    12
                  ]
                }
              }
            }
          ]
        }
      ]
    }
  ],
  "format_version": "1.12.0"
}