{
  "format_version": "1.10.0",
  "animation_controllers": {
    "controller.animation.hive.sonic.cp.fan.idle": {
      "states": {
        "default": {
          "animations": [
            "idle1",
            "idleRattle1"
          ],
          "particle_effects": [
            {
              "effect": "edge",
              "locator": "blade1"
            },
            {
              "effect": "edge",
              "locator": "blade2"
            },
            {
              "effect": "edge",
              "locator": "blade3"
            },
            {
              "effect": "edge",
              "locator": "blade4"
            },
            {
              "effect": "edge",
              "locator": "blade5"
            }
          ]
        }
      }
    },
    "controller.animation.hive.sonic.cp.fan.blow": {
      "states": {
        "default": {
          "transitions": [
            {
              "blow": "query.is_baby"
            }
          ],
          "blend_transition": 0.2
        },
        "blow": {
          "animations": [
            "idleRattle2"
          ],
          "particle_effects": [
            {
              "effect": "blow",
              "locator": "center"
            }
          ],
          "transitions": [
            {
              "default": "!query.is_baby"
            }
          ],
          "blend_transition": 0.2
        }
      }
    }
  }
}