{
  "format_version": "1.10.0",
  "animation_controllers": {
    "controller.animation.hive.sonic.cp.voltmeter.needle": {
      "states": {
        "default": {
          "animations": [
            "idle",
            "needle"
          ]
        }
      }
    },
    "controller.animation.hive.sonic.cp.voltmeter.shock": {
      "states": {
        "default": {
          "animations": [
            "idle"
          ],
          "transitions": [
            {
              "shock": "query.is_baby"
            }
          ]
        },
        "shock": {
          "animations": [
            "shock"
          ],
          "transitions": [
            {
              "default": "query.all_animations_finished"
            }
          ]
        }
      }
    }
  }
}