{
  "biomes": {
    "mushroom_island_shore": {
      "water_surface_color": "#58e2ff",
      "water_surface_transparency": 0.65,
      "water_fog_color": "#005fc9",
      "water_fog_distance": 60
    },
    "frozen_river": {
      "water_surface_color": "#b06aff",
      "water_surface_transparency": 0.65,
      "water_fog_color": "#b06aff",
      "water_fog_distance": 40
    },
    "swamp_hills": {
      "water_surface_color": "#9c45ff",
      "water_surface_transparency": 0.65,
      "water_fog_color": "#9c45ff",
      "water_fog_distance": 40
    },
    "deep_frozen_ocean": {
      "water_surface_color": "#ff5388",
      "water_surface_transparency": 0.65,
      "water_fog_color": "#ff5388",
      "water_fog_distance": 40
    }
  }
}