{
  "hive:zzub_ghz_fence_end": {
    "sound": "wood"
  },
  "hive:zzub_ghz_fence_middle": {
    "sound": "wood"
  },
  "hive:zzub_ghz_fence_post": {
    "sound": "wood"
  },
  "hive:zzub_ghz_fence_corner": {
    "sound": "wood"
  },
  "hive:zzub_ghz_grass_arrow": {
    "sound": "grass"
  },
  "hive:zzub_ghz_grass_dark_checker_long_light": {
    "sound": "grass"
  },
  "hive:zzub_ghz_grass_dark_checker_long_dark": {
    "sound": "grass"
  },
  "hive:zzub_ghz_grass_light_checker_long_light": {
    "sound": "grass"
  },
  "hive:zzub_ghz_grass_light_checker_long_dark": {
    "sound": "grass"
  },
  "hive:zzub_ghz_grass_dark_checker_short_light": {
    "sound": "grass"
  },
  "hive:zzub_ghz_grass_dark_checker_short_dark": {
    "sound": "grass"
  },
  "hive:zzub_ghz_grass_light_checker_short_light": {
    "sound": "grass"
  },
  "hive:zzub_ghz_grass_light_checker_short_dark": {
    "sound": "grass"
  },
  "hive:zzub_ghz_grass_light": {
    "sound": "grass"
  },
  "hive:zzub_ghz_grass_dark": {
    "sound": "grass"
  },
  "hive:zzub_ghz_grass_slab_light": {
    "sound": "grass"
  },
  "hive:zzub_ghz_grass_slab_dark": {
    "sound": "grass"
  },
  "hive:zzub_ghz_grass_quarter_slab_light": {
    "sound": "grass"
  },
  "hive:zzub_ghz_grass_quarter_slab_dark": {
    "sound": "grass"
  },
  "hive:zzub_ghz_grass_long_grass_short": {
    "sound": "grass"
  },
  "hive:zzub_ghz_grass_long_grass_medium": {
    "sound": "grass"
  },
  "hive:zzub_ghz_grass_long_grass_long": {
    "sound": "grass"
  },
  "hive:zzub_ghz_palm_leaves": {
    "sound": "grass"
  },
  "hive:zzub_ghz_palm_bushy_leaves": {
    "sound": "grass"
  },
  "hive:zzub_ghz_totem_face_1": {
    "sound": "wood"
  },
  "hive:zzub_ghz_totem_face_2": {
    "sound": "wood"
  },
  "hive:zzub_ghz_totem_face_3": {
    "sound": "wood"
  },
  "hive:zzub_ghz_flower_bush_red": {
    "sound": "grass"
  },
  "hive:zzub_ghz_flower_bush_yellow": {
    "sound": "grass"
  },
  "hive:zzub_ghz_flower_bush_white": {
    "sound": "grass"
  },
  "hive:zzub_ghz_flower_purple_flower": {
    "sound": "grass"
  },
  "hive:zzub_ghz_flower_sunflower_bottom": {
    "sound": "grass"
  },
  "hive:zzub_ghz_flower_sunflower_top": {
    "sound": "grass"
  },
  "hive:zzub_ghz_flower_vine": {
    "sound": "grass"
  },
  "hive:zzub_ghz_scaffolding_plank_edge": {
    "sound": "wood"
  },
  "hive:zzub_ghz_scaffolding_plank": {
    "sound": "wood"
  },
  "hive:zzub_ghz_scaffolding_plank_bottom": {
    "sound": "wood"
  },
  "hive:zzub_ghz_scaffolding_plank_full": {
    "sound": "wood"
  },
  "hive:zzub_ghz_scaffolding_plank_painted": {
    "sound": "wood"
  },
  "hive:zzub_ghz_scaffolding_decorative_plank_top": {
    "sound": "wood"
  },
  "hive:zzub_ghz_scaffolding_decorative_plank_mid": {
    "sound": "wood"
  },
  "hive:zzub_ghz_scaffolding_decorative_plank_bottom": {
    "sound": "wood"
  },
  "hive:zzub_ghz_scaffolding_log_top": {
    "sound": "wood"
  },
  "hive:zzub_ghz_scaffolding_log": {
    "sound": "wood"
  },
  "hive:zzub_ghz_scaffolding_log_painted": {
    "sound": "wood"
  },
  "hive:zzub_ghz_bridge_log_left": {
    "sound": "wood"
  },
  "hive:zzub_ghz_bridge_log_right": {
    "sound": "wood"
  },
  "hive:zzub_ghz_bridge_log_middle": {
    "sound": "wood"
  },
  "hive:zzub_ghz_rail_straight": {
    "sound": "metal"
  },
  "hive:zzub_ghz_rail_corner": {
    "sound": "metal"
  },
  "hive:zzub_ghz_rail_angle": {
    "sound": "metal"
  },
  "hive:zzub_cp_iron_grate_biggest": {
    "sound": "metal"
  },
  "hive:zzub_cp_iron_grate_big": {
    "sound": "metal"
  },
  "hive:zzub_cp_iron_grate_small": {
    "sound": "metal"
  },
  "hive:zzub_cp_yellow_cube": {
    "sound": "metal"
  },
  "hive:zzub_cp_metal_scaffolding": {
    "sound": "metal"
  },
  "hive:zzub_cp_metal_mesh": {
    "sound": "metal"
  },
  "hive:zzub_cp_iron_grate_big_pane": {
    "sound": "metal"
  },
  "hive:zzub_cp_metal_door_left": {
    "sound": "metal"
  },
  "hive:zzub_cp_metal_door_middle": {
    "sound": "metal"
  },
  "hive:zzub_cp_metal_door_right": {
    "sound": "metal"
  },
  "hive:zzub_cp_metal_panel": {
    "sound": "metal"
  },
  "hive:zzub_cp_metal_panel_dirty": {
    "sound": "metal"
  },
  "hive:zzub_cp_metal_panel_top": {
    "sound": "metal"
  },
  "hive:zzub_cp_metal_panel_top_dirty": {
    "sound": "metal"
  },
  "hive:zzub_cp_metal_panel_bottom": {
    "sound": "metal"
  },
  "hive:zzub_cp_metal_panel_bottom_dirty": {
    "sound": "metal"
  },
  "hive:zzub_cp_metal_panel_left": {
    "sound": "metal"
  },
  "hive:zzub_cp_metal_panel_left_dirty": {
    "sound": "metal"
  },
  "hive:zzub_cp_metal_panel_right": {
    "sound": "metal"
  },
  "hive:zzub_cp_metal_panel_right_dirty": {
    "sound": "metal"
  },
  "hive:zzub_cp_metal_panel_dark": {
    "sound": "metal"
  },
  "hive:zzub_cp_metal_panel_dark_dirty": {
    "sound": "metal"
  },
  "hive:zzub_cp_metal_panel_dark_top": {
    "sound": "metal"
  },
  "hive:zzub_cp_metal_panel_dark_top_dirty": {
    "sound": "metal"
  },
  "hive:zzub_cp_metal_panel_dark_bottom": {
    "sound": "metal"
  },
  "hive:zzub_cp_metal_panel_dark_bottom_dirty": {
    "sound": "metal"
  },
  "hive:zzub_cp_metal_panel_dark_left": {
    "sound": "metal"
  },
  "hive:zzub_cp_metal_panel_dark_left_dirty": {
    "sound": "metal"
  },
  "hive:zzub_cp_metal_panel_dark_right": {
    "sound": "metal"
  },
  "hive:zzub_cp_metal_panel_dark_right_dirty": {
    "sound": "metal"
  },
  "hive:zzub_cp_metal_panel_eye": {
    "sound": "metal"
  },
  "hive:zzub_cp_metal_panel_line": {
    "sound": "metal"
  },
  "hive:zzub_cp_metal_panel_scaffold": {
    "sound": "metal"
  },
  "hive:zzub_cp_metal_exhaust": {
    "sound": "metal"
  },
  "hive:zzub_cp_red_lights_top": {
    "sound": "metal"
  },
  "hive:zzub_cp_red_lights_middle": {
    "sound": "metal"
  },
  "hive:zzub_cp_red_lights_bottom": {
    "sound": "metal"
  },
  "hive:zzub_cp_red_lights_left": {
    "sound": "metal"
  },
  "hive:zzub_cp_red_lights_middle_horizontal": {
    "sound": "metal"
  },
  "hive:zzub_cp_red_lights_right": {
    "sound": "metal"
  },
  "hive:zzub_cp_blue_lights": {
    "sound": "metal"
  },
  "hive:zzub_cp_metal_panel_floor": {
    "sound": "metal"
  },
  "hive:zzub_cp_metal_panel_floor_left": {
    "sound": "metal"
  },
  "hive:zzub_cp_metal_panel_floor_middle": {
    "sound": "metal"
  },
  "hive:zzub_cp_metal_panel_floor_right": {
    "sound": "metal"
  },
  "hive:zzub_cp_metal_panel_floor_gray": {
    "sound": "metal"
  },
  "hive:zzub_cp_metal_panel_floor_gray_alt": {
    "sound": "metal"
  },
  "hive:zzub_cp_yellow_floor_corner": {
    "sound": "metal"
  },
  "hive:zzub_cp_yellow_floor_corner_dirty": {
    "sound": "metal"
  },
  "hive:zzub_cp_yellow_floor_straight": {
    "sound": "metal"
  },
  "hive:zzub_cp_yellow_floor_straight_dirty": {
    "sound": "metal"
  },
  "hive:zzub_cp_yellow_floor_straight_vent": {
    "sound": "metal"
  },
  "hive:zzub_cp_yellow_floor_center": {
    "sound": "metal"
  },
  "hive:zzub_cp_yellow_floor_center_dirty": {
    "sound": "metal"
  },
  "hive:zzub_cp_gray_floor_bottom_left": {
    "sound": "metal"
  },
  "hive:zzub_cp_gray_floor_bottom_right": {
    "sound": "metal"
  },
  "hive:zzub_cp_gray_floor_middle": {
    "sound": "metal"
  },
  "hive:zzub_cp_gray_floor_straight": {
    "sound": "metal"
  },
  "hive:zzub_cp_gray_floor_top_left": {
    "sound": "metal"
  },
  "hive:zzub_cp_gray_floor_top_right": {
    "sound": "metal"
  },
  "hive:zzub_cp_pipe_vertical": {
    "sound": "metal"
  },
  "hive:zzub_cp_pipe_down": {
    "sound": "metal"
  },
  "hive:zzub_cp_pipe_up": {
    "sound": "metal"
  },
  "hive:zzub_cp_pipe_normal": {
    "sound": "metal"
  },
  "hive:zzub_cp_pipe_flat": {
    "sound": "metal"
  },
  "hive:zzub_cp_hazard_stripes": {
    "sound": "metal"
  },
  "hive:zzub_cp_hazard_stripes_dirty": {
    "sound": "metal"
  },
  "hive:zzub_cp_hazard_stripes_large": {
    "sound": "metal"
  },
  "hive:zzub_cp_hazard_stripes_horizontal": {
    "sound": "metal"
  },
  "hive:zzub_cp_hazard_stripes_slab": {
    "sound": "metal"
  },
  "hive:zzub_cp_hazard_stripes_slab_top": {
    "sound": "metal"
  },
  "hive:zzub_cp_hazard_stripes_vertical": {
    "sound": "metal"
  },
  "hive:zzub_cp_hazard_stripes_bleft": {
    "sound": "metal"
  },
  "hive:zzub_cp_hazard_stripes_bright": {
    "sound": "metal"
  },
  "hive:zzub_cp_hazard_stripes_tleft": {
    "sound": "metal"
  },
  "hive:zzub_cp_hazard_stripes_tright": {
    "sound": "metal"
  },
  "hive:zzub_cp_red_railing": {
    "sound": "metal"
  },
  "hive:zzub_cp_red_railing_corner": {
    "sound": "metal"
  },
  "hive:zzub_cp_red_railing_post": {
    "sound": "metal"
  },
  "hive:zzub_cp_emergency_light": {
    "sound": "metal"
  },
  "hive:zzub_sh_grass_dark_long": {
    "sound": "grass"
  },
  "hive:zzub_sh_grass_dark_short": {
    "sound": "grass"
  },
  "hive:zzub_sh_grass_light_long": {
    "sound": "grass"
  },
  "hive:zzub_sh_grass_light_short": {
    "sound": "grass"
  },
  "hive:zzub_sh_plant_caladium": {
    "sound": "grass"
  },
  "hive:zzub_sh_plant_monstera": {
    "sound": "grass"
  },
  "hive:zzub_sh_plant_bush": {
    "sound": "grass"
  },
  "hive:zzub_ss_flower_vine_pink": {
    "sound": "grass"
  },
  "hive:zzub_ss_flower_vine_yellow": {
    "sound": "grass"
  },
  "hive:zzub_ss_purple_flower": {
    "sound": "grass"
  },
  "hive:zzub_ss_glass": {
    "sound": "glass"
  },
  "hive:zzub_ss_glass_vein": {
    "sound": "glass"
  },
  "hive:zzub_rr_dark_iron_bars": {
    "sound": "metal"
  },
  "hive:zzub_rr_dark_iron_bars_corner": {
    "sound": "metal"
  },
  "hive:zzub_rr_window_pane_dark": {
    "sound": "glass"
  },
  "hive:zzub_rr_window_pane_light": {
    "sound": "glass"
  },
  "hive:zzub_rr_shutter_blue": {
    "sound": "wood"
  },
  "hive:zzub_rr_shutter_green": {
    "sound": "wood"
  },
  "hive:zzub_rr_shutter_gray": {
    "sound": "wood"
  },
  "hive:zzub_rr_flower_basket_ground_red": {
    "sound": "grass"
  },
  "hive:zzub_rr_flower_basket_ground_yellow": {
    "sound": "grass"
  },
  "hive:zzub_rr_flower_basket_wall_red": {
    "sound": "grass"
  },
  "hive:zzub_rr_flower_basket_wall_yellow": {
    "sound": "grass"
  },
  "hive:zzub_pw_grass": {
    "sound": "grass"
  },
  "hive:zzub_pw_leaves": {
    "sound": "grass"
  },
  "hive:zzub_pw_metal_floor": {
    "sound": "metal"
  },
  "hive:zzub_pw_metal_scaffolding_red": {
    "sound": "metal"
  },
  "hive:zzub_pw_orange_hazard_stripes": {
    "sound": "metal"
  },
  "hive:zzub_pw_vine": {
    "sound": "grass"
  },
  "hive:zzub_pw_log": {
    "sound": "wood"
  },
  "hive:zzub_pw_metal_panel_side": {
    "sound": "metal"
  },
  "hive:zzub_pw_metal_panel_corner": {
    "sound": "metal"
  },
  "hive:zzub_pw_metal_panel_top": {
    "sound": "metal"
  },
  "hive:zzub_pw_metal_panel_corner_bottom": {
    "sound": "metal"
  },
  "hive:zzub_pw_metal_panel_bottom": {
    "sound": "metal"
  },
  "hive:zzub_pw_flower_light_sapling": {
    "sound": "grass"
  },
  "hive:zzub_pw_flower_large_ground_lilac": {
    "sound": "grass"
  },
  "hive:zzub_pw_flower_large_ground_blue": {
    "sound": "grass"
  },
  "hive:zzub_pw_flower_large_ground_yellow": {
    "sound": "grass"
  },
  "hive:zzub_pw_flower_large_wall_purple": {
    "sound": "grass"
  },
  "hive:zzub_pw_flower_large_wall_purple_leaf": {
    "sound": "grass"
  },
  "hive:zzub_pw_flower_large_wall_red": {
    "sound": "grass"
  },
  "hive:zzub_pw_flower_large_wall_red_leaf": {
    "sound": "grass"
  },
  "hive:zzub_pw_flower_small_lilac": {
    "sound": "grass"
  },
  "hive:zzub_pw_flower_small_yellow": {
    "sound": "grass"
  },
  "hive:zzub_pw_flower_small_blue": {
    "sound": "grass"
  },
  "hive:zzub_pw_flower_small_white": {
    "sound": "grass"
  },
  "hive:zzub_pw_flower_small_lilac_yellow": {
    "sound": "grass"
  },
  "hive:zzub_pw_flower_small_purple": {
    "sound": "grass"
  },
  "hive:zzub_pw_flower_hanging": {
    "sound": "grass"
  },
  "hive:zzub_pw_flower_grass_short": {
    "sound": "grass"
  },
  "hive:zzub_pw_flower_grass_medium": {
    "sound": "grass"
  },
  "hive:zzub_pw_flower_grass_tall": {
    "sound": "grass"
  },
  "hive:zzub_sph_hazard_arrows": {
    "sound": "metal"
  },
  "hive:zzub_sph_hazard_arrows_alt": {
    "sound": "metal"
  },
  "hive:zzub_sph_metal_block": {
    "sound": "metal"
  },
  "hive:zzub_sph_metal_slab": {
    "sound": "metal"
  },
  "hive:zzub_sph_metal_slab_top": {
    "sound": "metal"
  }
}