{
   "content" : [
      {
         "path" : "manifest.json"
      },
      {
         "path" : "contents.json"
      },
      {
         "path" : "pack_icon.png"
      },
      {
         "path" : "textures/blocks/hive/ss/stone/light_stone_brick_indented.png"
      },
      {
         "path" : "textures/blocks/hive/cp/emergency_light_red.png"
      },
      {
         "path" : "models/entity/blocks/hive/ghz/rail/straight_support.json"
      },
      {
         "path" : "textures/blocks/hive/ghz/palm/bushy_leaves.png"
      },
      {
         "path" : "textures/blocks/hive/ghz/blue_stone/blue_stone_red.png"
      },
      {
         "path" : "particles/event/emp_implode2.json"
      },
      {
         "path" : "models/entity/blocks/hive/ghz/palm/bushy_leaves_blend.json"
      },
      {
         "path" : "models/entity/hive/sonic/cp/platform_moving.json"
      },
      {
         "path" : "animation_controllers/hive/sonic/badnik/golden.json"
      },
      {
         "path" : "textures/blocks/hive/pw/flower/large_ground_lilac.png"
      },
      {
         "path" : "models/entity/blocks/hive/ghz/bridge/log_middle.json"
      },
      {
         "path" : "textures/blocks/hive/rr/roof_tile.png"
      },
      {
         "path" : "models/entity/blocks/hive/sph/divider.json"
      },
      {
         "path" : "textures/entity/hive/sonic/bpg/sign/ring_dash.png"
      },
      {
         "path" : "particles/event/spark_burst_opp.json"
      },
      {
         "path" : "textures/entity/hive/sonic/cp/fan.png"
      },
      {
         "path" : "animations/hive/sonic/ring.json"
      },
      {
         "path" : "textures/blocks/hive/sph/metal_block.png"
      },
      {
         "path" : "particles/cp/fan_blow.json"
      },
      {
         "path" : "textures/blocks/hive/cp/floor/gray_top_left.png"
      },
      {
         "path" : "textures/hive/empty.png"
      },
      {
         "path" : "sounds/hive/sonic/bpg/br/electric_4.ogg"
      },
      {
         "path" : "textures/blocks/hive/ghz/stone/dark_cracked_2.png"
      },
      {
         "path" : "textures/blocks/hive/rr/window/shutter_gray.png"
      },
      {
         "path" : "textures/blocks/hive/cp/floor/metal_panel_floor_left.png"
      },
      {
         "path" : "textures/blocks/hive/ghz/grass/arrow_top_light.png"
      },
      {
         "path" : "textures/blocks/hive/ghz/scaffolding/log_regular_side.png"
      },
      {
         "path" : "textures/blocks/hive/cp/details/red_lights_right.png"
      },
      {
         "path" : "entity/hive/sonic/sph/lights.json"
      },
      {
         "path" : "models/entity/blocks/hive/ghz/spike/3.json"
      },
      {
         "path" : "sounds/hive/sonic/music/ss/loop.ogg"
      },
      {
         "path" : "textures/blocks/hive/ss/stone/glass_vein.png"
      },
      {
         "path" : "models/entity/blocks/hive/sh/monstera.json"
      },
      {
         "path" : "entity/hive/sonic/ghz/start_zone.json"
      },
      {
         "path" : "animation_controllers/hive/sonic/badnik/spiny.json"
      },
      {
         "path" : "textures/blocks/hive/cp/details/metal_panel_eye.png"
      },
      {
         "path" : "textures/blocks/hive/sph/building/concrete_4_top.png"
      },
      {
         "path" : "particles/event/sparks_opp.json"
      },
      {
         "path" : "models/entity/blocks/hive/ss/wall/wall_corner.json"
      },
      {
         "path" : "animation_controllers/hive/sonic/projectile/energy_orb.json"
      },
      {
         "path" : "textures/entity/hive/sonic/ss/chao/hero.png"
      },
      {
         "path" : "sounds/hive/sonic/bpg/countdown_end.ogg"
      },
      {
         "path" : "animations/hive/sonic/projectile/rocket.json"
      },
      {
         "path" : "textures/blocks/hive/rr/flower/flower_basket_red.png"
      },
      {
         "path" : "textures/entity/hive/sonic/cp/blob.png"
      },
      {
         "path" : "textures/blocks/hive/cp/iron_grate_big.png"
      },
      {
         "path" : "textures/particle/hive/electric.png"
      },
      {
         "path" : "textures/entity/hive/sonic/rr/umbrella/yellow_blue.png"
      },
      {
         "path" : "models/entity/hive/sonic/badnik/crabmeat.json"
      },
      {
         "path" : "models/entity/hive/sonic/projectile/rocket.json"
      },
      {
         "path" : "particles/ss/chao_sparkle.json"
      },
      {
         "path" : "textures/blocks/hive/cp/floor/gray_top_right.png"
      },
      {
         "path" : "textures/blocks/hive/ghz/flower/vine.png"
      },
      {
         "path" : "models/entity/hive/sonic/ss/chao/locator.json"
      },
      {
         "path" : "textures/blocks/hive/ss/stone/light_stone_polished_moss.png"
      },
      {
         "path" : "textures/environment/clouds.png"
      },
      {
         "path" : "entity/hive/sonic/badnik/spinner.json"
      },
      {
         "path" : "models/entity/hive/sonic/badnik/eggpawn.json"
      },
      {
         "path" : "textures/hive/supply_crate.png"
      },
      {
         "path" : "textures/blocks/hive/cp/floor/metal_panel_floor.png"
      },
      {
         "path" : "animation_controllers/hive/sonic/event/eggmobile.json"
      },
      {
         "path" : "textures/blocks/hive/cp/yellow_cube.png"
      },
      {
         "path" : "models/entity/blocks/hive/pw/flower/flower_hanging.json"
      },
      {
         "path" : "models/entity/blocks/hive/rr/shutter.json"
      },
      {
         "path" : "models/entity/blocks/hive/pw/flower/grass.json"
      },
      {
         "path" : "render_controllers/hive/sonic/rr/lamp_post.json"
      },
      {
         "path" : "textures/entity/hive/sonic/rr/table.png"
      },
      {
         "path" : "textures/blocks/hive/sph/building/concrete_smooth.png"
      },
      {
         "path" : "entity/hive/sonic/spring_single.json"
      },
      {
         "path" : "models/entity/hive/sonic/badnik/spiny.json"
      },
      {
         "path" : "textures/terrain_texture.json"
      },
      {
         "path" : "textures/blocks/hive/cp/details/metal_door_middle.png"
      },
      {
         "path" : "textures/entity/hive/sonic/sph/beacon/yellow.tga"
      },
      {
         "path" : "models/entity/blocks/hive/pw/flower/flower_small.json"
      },
      {
         "path" : "animations/hive/sonic/projectile/energy_orb.json"
      },
      {
         "path" : "models/entity/blocks/hive/ghz/flower/vine.json"
      },
      {
         "path" : "textures/blocks/hive/sh/stone/dark_stone.png"
      },
      {
         "path" : "animation_controllers/hive/sonic/badnik/grabber.json"
      },
      {
         "path" : "entity/hive/sonic/badnik/grabber.json"
      },
      {
         "path" : "textures/entity/hive/sonic/bpg/sign/badnik_range.png"
      },
      {
         "path" : "entity/hive/sonic/event/emp.json"
      },
      {
         "path" : "entity/hive/sonic/event/eggmobile.json"
      },
      {
         "path" : "animations/hive/sonic/event/mailbot.json"
      },
      {
         "path" : "textures/entity/hive/sonic/badnik/buzzer_golden.png"
      },
      {
         "path" : "textures/blocks/hive/sph/building/brown_concrete_light.png"
      },
      {
         "path" : "textures/blocks/hive/ghz/palm/light_log_top.png"
      },
      {
         "path" : "textures/blocks/hive/rr/brick/brick_brown.png"
      },
      {
         "path" : "particles/cp/electricity.json"
      },
      {
         "path" : "textures/blocks/hive/cp/hazard/hazard_stripes_tleft.png"
      },
      {
         "path" : "entity/hive/sonic/ghz/tree.json"
      },
      {
         "path" : "models/entity/blocks/hive/ghz/fence/corner.json"
      },
      {
         "path" : "textures/blocks/hive/ghz/button/button.png"
      },
      {
         "path" : "textures/blocks/hive/rr/floor/paver_brown.png"
      },
      {
         "path" : "textures/blocks/hive/rr/window/shutter_blue.png"
      },
      {
         "path" : "textures/blocks/hive/ghz/rock/purple_rock.png"
      },
      {
         "path" : "entity/hive/sonic/checkpoint.json"
      },
      {
         "path" : "animations/hive/sonic/goal_ring.json"
      },
      {
         "path" : "textures/ui/title.png"
      },
      {
         "path" : "animations/hive/sonic/spring.json"
      },
      {
         "path" : "textures/entity/hive/sonic/ghz/start_zone.png"
      },
      {
         "path" : "models/entity/blocks/hive/rr/flower/flower_basket_ground.json"
      },
      {
         "path" : "sounds/hive/sonic/player_death.ogg"
      },
      {
         "path" : "textures/blocks/hive/pw/lime_red.png"
      },
      {
         "path" : "render_controllers/hive/sonic/ghz/start_zone.json"
      },
      {
         "path" : "textures/blocks/hive/cp/metal_panel_right_dirty.png"
      },
      {
         "path" : "textures/blocks/hive/pw/flower/small_lilac.png"
      },
      {
         "path" : "textures/blocks/hive/cp/metal_panel.png"
      },
      {
         "path" : "textures/particle/hive/cloud.png"
      },
      {
         "path" : "textures/blocks/hive/ghz/stone/slab_light.png"
      },
      {
         "path" : "models/entity/blocks/hive/pw/metal_panel/metal_panel_corner_bottom.json"
      },
      {
         "path" : "textures/blocks/hive/ghz/scaffolding/decorative_plank_bottom.png"
      },
      {
         "path" : "textures/blocks/hive/cp/dark_metal/metal_mesh.png"
      },
      {
         "path" : "textures/blocks/hive/rr/brick/brick_white.png"
      },
      {
         "path" : "models/entity/blocks/hive/ghz/flower/sunflower_bottom.json"
      },
      {
         "path" : "items/hive/play.json"
      },
      {
         "path" : "entity/hive/sonic/badnik/motobug.json"
      },
      {
         "path" : "render_controllers/hive/sonic/event/billboard/frame.json"
      },
      {
         "path" : "textures/blocks/hive/sh/plant/caladium.png"
      },
      {
         "path" : "textures/blocks/hive/cp/dark_metal/metal_panel_dark_right.png"
      },
      {
         "path" : "models/entity/blocks/hive/pw/flower/flower_large_ground.json"
      },
      {
         "path" : "sounds/hive/sonic/music/rr/intro.ogg"
      },
      {
         "path" : "entity/hive/sonic/hub/npc_sonic.json"
      },
      {
         "path" : "models/entity/hive/sonic/ghz/platform_moving.json"
      },
      {
         "path" : "textures/blocks/hive/sph/building/blue_concrete_1.png"
      },
      {
         "path" : "textures/blocks/hive/ghz/grass/dark_side_short_dark.png"
      },
      {
         "path" : "models/entity/blocks/hive/ss/wall/wall_middle.json"
      },
      {
         "path" : "models/entity/blocks/hive/ghz/rail/straight.json"
      },
      {
         "path" : "textures/blocks/hive/ghz/gray_stone/variant_3.png"
      },
      {
         "path" : "textures/blocks/hive/pw/flower/small_blue.png"
      },
      {
         "path" : "textures/blocks/hive/pw/orange_hazard_stripes.png"
      },
      {
         "path" : "animations/hive/sonic/checkpoint.json"
      },
      {
         "path" : "render_controllers/hive/sonic/platform_disappearing.json"
      },
      {
         "path" : "sounds/hive/sonic/checkpoint.ogg"
      },
      {
         "path" : "textures/ui/hive/hive_scoreboard_entry.png"
      },
      {
         "path" : "textures/blocks/hive/ss/stone/light_stone_brick_chiseled.png"
      },
      {
         "path" : "textures/entity/hive/sonic/event/ringshop/sign.png"
      },
      {
         "path" : "render_controllers/hive/sonic/event/eggmobile/eggman.json"
      },
      {
         "path" : "items/hive/previous_frame.json"
      },
      {
         "path" : "render_controllers/hive/sonic/goal_ring.json"
      },
      {
         "path" : "textures/blocks/hive/ghz/rail/straight.png"
      },
      {
         "path" : "particles/event/eggmobile_exhaust.json"
      },
      {
         "path" : "textures/blocks/hive/cp/floor/yellow_straight_vent.png"
      },
      {
         "path" : "textures/blocks/hive/rr/window/shutter_green.png"
      },
      {
         "path" : "textures/items/hive/item_double_speed.png"
      },
      {
         "path" : "particles/pw/dash_smoke.json"
      },
      {
         "path" : "particles/cp/goal_ring_burst.json"
      },
      {
         "path" : "animations/hive/sonic/badnik/buzzbomber.json"
      },
      {
         "path" : "models/entity/hive/sonic/event/terminal/digit_2.json"
      },
      {
         "path" : "items/hive/sonic/zapper_item.json"
      },
      {
         "path" : "textures/entity/hive/sonic/event/billboard/frame.png"
      },
      {
         "path" : "textures/blocks/hive/cp/dark_metal/metal_panel_dark_top.png"
      },
      {
         "path" : "models/entity/hive/sonic/rr/umbrella.json"
      },
      {
         "path" : "textures/entity/hive/sonic/badnik/spinner_golden.png"
      },
      {
         "path" : "textures/blocks/hive/sh/stone_brick/orange_horizontal_alt.png"
      },
      {
         "path" : "textures/entity/hive/sonic/cp/platform_disappearing.png"
      },
      {
         "path" : "animation_controllers/hive/sonic/ss/safezone.json"
      },
      {
         "path" : "models/entity/blocks/hive/rr/dark_iron_bars.json"
      },
      {
         "path" : "animation_controllers/hive/sonic/event/hatch.json"
      },
      {
         "path" : "render_controllers/hive/sonic/event/terminal/digit_6.json"
      },
      {
         "path" : "textures/hive/launchpad/regular/futuristic.png"
      },
      {
         "path" : "textures/blocks/hive/ghz/grass/dark_side_long_dark.png"
      },
      {
         "path" : "entity/hive/parachute.json"
      },
      {
         "path" : "models/entity/hive/sonic/event/terminal/digit_6.json"
      },
      {
         "path" : "textures/blocks/hive/ss/vine/pink.png"
      },
      {
         "path" : "textures/blocks/hive/cp/hazard/hazard_stripes_vertical.png"
      },
      {
         "path" : "sounds/hive/activity/detected.ogg"
      },
      {
         "path" : "textures/blocks/hive/sph/metal_pole.png"
      },
      {
         "path" : "textures/entity/hive/sonic/pw/ring_large_collected.png"
      },
      {
         "path" : "models/entity/blocks/hive/ss/wall/wall_post.json"
      },
      {
         "path" : "models/entity/blocks/hive/ghz/flower/purple.json"
      },
      {
         "path" : "sounds/hive/sonic/bpg/rr/zapper_1.ogg"
      },
      {
         "path" : "textures/blocks/hive/ghz/grass/tall_grass_short.png"
      },
      {
         "path" : "textures/entity/hive/sonic/event/hatch/large.png"
      },
      {
         "path" : "textures/entity/hive/sonic/sph/lights/red.tga"
      },
      {
         "path" : "textures/blocks/hive/ghz/scaffolding/plank_edge.png"
      },
      {
         "path" : "models/entity/blocks/hive/generic/path.json"
      },
      {
         "path" : "textures/blocks/hive/pw/metal_floor_mirror.png"
      },
      {
         "path" : "models/entity/blocks/hive/pw/flower/flower_large_wall.json"
      },
      {
         "path" : "textures/blocks/hive/ghz/flower/fern.png"
      },
      {
         "path" : "models/entity/blocks/hive/placeholder/ring.json"
      },
      {
         "path" : "textures/blocks/hive/cp/floor/metal_panel_floor_middle.png"
      },
      {
         "path" : "textures/blocks/hive/ghz/stone/path_dark.png"
      },
      {
         "path" : "textures/blocks/hive/placeholder/transparent.png"
      },
      {
         "path" : "textures/blocks/hive/cp/floor/gray_bottom_left.png"
      },
      {
         "path" : "textures/hive/launchpad/vertical/futuristic.png"
      },
      {
         "path" : "textures/blocks/hive/cp/details/red_lights_middle.png"
      },
      {
         "path" : "textures/blocks/hive/sph/road/road_arrow_middle.png"
      },
      {
         "path" : "textures/blocks/hive/ghz/stone/light_arrow_right.png"
      },
      {
         "path" : "models/entity/blocks/hive/generic/stair.json"
      },
      {
         "path" : "textures/blocks/hive/placeholder/spring.png"
      },
      {
         "path" : "textures/blocks/hive/sh/stone_brick/dark_stone_brick.png"
      },
      {
         "path" : "entity/hive/sonic/rr/lamp_post.json"
      },
      {
         "path" : "animations/hive/sonic/spikes.json"
      },
      {
         "path" : "textures/blocks/hive/pw/flower/large_ground_blue.png"
      },
      {
         "path" : "sounds/hive/sonic/bpg/cr/chao/say3.ogg"
      },
      {
         "path" : "particles/ss/cloud_idle.json"
      },
      {
         "path" : "textures/entity/hive/sonic/badnik/chopper.png"
      },
      {
         "path" : "textures/entity/hive/sonic/rr/platform_moving.png"
      },
      {
         "path" : "textures/blocks/hive/ghz/scaffolding/log_top_side_west.png"
      },
      {
         "path" : "animations/hive/sonic/cp/blob.json"
      },
      {
         "path" : "textures/blocks/hive/pw/path.png"
      },
      {
         "path" : "models/entity/blocks/hive/rr/window_pane.json"
      },
      {
         "path" : "textures/items/hive/item_play.png"
      },
      {
         "path" : "sounds/hive/sonic/bpg/rd/ring_claim.ogg"
      },
      {
         "path" : "textures/blocks/hive/sh/stone_brick/orange_vertical.png"
      },
      {
         "path" : "animation_controllers/hive/sonic/rr/lamp_post.json"
      },
      {
         "path" : "render_controllers/hive/sonic/jump_panel.json"
      },
      {
         "path" : "models/entity/blocks/hive/ghz/fence/post.json"
      },
      {
         "path" : "textures/hive/launchpad/vertical/medieval.png"
      },
      {
         "path" : "textures/blocks/hive/ghz/scaffolding/log_top_side_north.png"
      },
      {
         "path" : "models/entity/hive/sonic/event/terminal/digit_5.json"
      },
      {
         "path" : "entity/hive/sonic/cp/laser.json"
      },
      {
         "path" : "models/entity/blocks/hive/placeholder/spring.json"
      },
      {
         "path" : "textures/entity/hive/sonic/event/emp.png"
      },
      {
         "path" : "textures/blocks/hive/sph/building/concrete_top.png"
      },
      {
         "path" : "textures/hive/teleporter.tga"
      },
      {
         "path" : "sounds/hive/sonic/spring.ogg"
      },
      {
         "path" : "textures/blocks/hive/ghz/grass/slab_dark.png"
      },
      {
         "path" : "textures/blocks/hive/sh/stone_brick/fishscale.png"
      },
      {
         "path" : "textures/blocks/hive/ghz/stone/dark_arrow.png"
      },
      {
         "path" : "render_controllers/hive/sonic/platform_moving.json"
      },
      {
         "path" : "models/entity/blocks/hive/spg/chao/dark.json"
      },
      {
         "path" : "textures/blocks/hive/cp/rail/red_railing.png"
      },
      {
         "path" : "models/entity/hive/sonic/ghz/platform_timed.json"
      },
      {
         "path" : "sounds/hive/sonic/music/sph/loop.ogg"
      },
      {
         "path" : "items/hive/sonic/chao_dark_item.json"
      },
      {
         "path" : "models/entity/blocks/hive/ghz/flower/flower_bush.json"
      },
      {
         "path" : "items/activity_sensor_off.json"
      },
      {
         "path" : "entity/hive/sonic/rr/table.json"
      },
      {
         "path" : "sounds/hive/sonic/bpg/br/electric_1.ogg"
      },
      {
         "path" : "animations/hive/sonic/checkpoint_single.json"
      },
      {
         "path" : "particles/pw/ring_burst.json"
      },
      {
         "path" : "models/entity/blocks/hive/ghz/fence/end.json"
      },
      {
         "path" : "textures/blocks/hive/cp/floor/yellow_corner_dirty.png"
      },
      {
         "path" : "textures/blocks/hive/rr/floor/paver_gray.png"
      },
      {
         "path" : "textures/blocks/hive/sph/building/concrete_2_top.png"
      },
      {
         "path" : "textures/blocks/hive/ghz/stone/light_arrow_left.png"
      },
      {
         "path" : "textures/blocks/hive/ghz/stone/path_full_light.png"
      },
      {
         "path" : "textures/entity/hive/sonic/hub/npc_sonic.png"
      },
      {
         "path" : "animations/hive/sonic/event/hatch/large.json"
      },
      {
         "path" : "models/entity/hive/sonic/sph/emergency_light/light.json"
      },
      {
         "path" : "textures/entity/hive/sonic/badnik/buzzer.png"
      },
      {
         "path" : "textures/blocks/hive/cp/floor/metal_panel_floor_right.png"
      },
      {
         "path" : "textures/blocks/hive/pw/metal_panel/top.png"
      },
      {
         "path" : "particles/event/sparks.json"
      },
      {
         "path" : "models/entity/blocks/hive/ghz/totem/face.json"
      },
      {
         "path" : "textures/blocks/hive/ghz/stone/light_cracked_2.png"
      },
      {
         "path" : "textures/particle/hive/explosions.png"
      },
      {
         "path" : "particles/cp/goal_ring_sparkle.json"
      },
      {
         "path" : "textures/ui/hive/hive_rounded_corners.json"
      },
      {
         "path" : "textures/blocks/hive/cp/details/red_lights_middle_horizontal.png"
      },
      {
         "path" : "ui/_global_variables.json"
      },
      {
         "path" : "textures/blocks/hive/sph/road/road_arrow_right.png"
      },
      {
         "path" : "render_controllers/hive/sonic/event/emp.json"
      },
      {
         "path" : "textures/blocks/hive/rr/zapper/zapper.png"
      },
      {
         "path" : "textures/entity/hive/sonic/event/billboard/image2.jpg"
      },
      {
         "path" : "textures/blocks/hive/ghz/grass/light_side_long_dark.png"
      },
      {
         "path" : "textures/blocks/hive/ghz/grass/tall_grass_medium.png"
      },
      {
         "path" : "sounds/hive/sonic/bpg/rr/zapper_ready.ogg"
      },
      {
         "path" : "animations/hive/sonic/event/ringshop/sign.json"
      },
      {
         "path" : "animations/hive/sonic/event/emp.json"
      },
      {
         "path" : "sounds/hive/sonic/music/rr/loop.ogg"
      },
      {
         "path" : "textures/items/hive/item_rewind.png"
      },
      {
         "path" : "particles/general/badnik_gold.json"
      },
      {
         "path" : "models/entity/hive/sonic/event/ringshop/sign.json"
      },
      {
         "path" : "textures/blocks/hive/rr/brick/brick_yellow.png"
      },
      {
         "path" : "textures/entity/hive/sonic/badnik/buzzbomber.png"
      },
      {
         "path" : "models/entity/hive/sonic/sph/beacon.json"
      },
      {
         "path" : "items/hive/next_frame.json"
      },
      {
         "path" : "textures/blocks/hive/ghz/grass/light_side_short_light.png"
      },
      {
         "path" : "textures/entity/hive/sonic/bpg/sign/chao_rescue.png"
      },
      {
         "path" : "models/entity/hive/sonic/cp/voltmeter.json"
      },
      {
         "path" : "particles/rr/balloon_burst.json"
      },
      {
         "path" : "sounds/hive/sonic/bpg/gf/zap_1.ogg"
      },
      {
         "path" : "textures/entity/hive/sonic/ring/ring.png"
      },
      {
         "path" : "textures/blocks/hive/cp/details/metal_exhaust.png"
      },
      {
         "path" : "animations/hive/sonic/event/ringshop/shop.json"
      },
      {
         "path" : "sounds/hive/sonic/balloon_burst.ogg"
      },
      {
         "path" : "textures/blocks/hive/cp/floor/yellow_center_dirty.png"
      },
      {
         "path" : "textures/blocks/hive/cp/pipe/pipe_down.png"
      },
      {
         "path" : "sounds/hive/sonic/bpg/br/electric_2.ogg"
      },
      {
         "path" : "textures/blocks/hive/ghz/scaffolding/log_top_side_south.png"
      },
      {
         "path" : "textures/particle/hive/emp.png"
      },
      {
         "path" : "models/entity/hive/sonic/cp/blob.json"
      },
      {
         "path" : "textures/items/friends.png"
      },
      {
         "path" : "sounds/hive/sonic/music/ss/intro.ogg"
      },
      {
         "path" : "textures/blocks/hive/cp/floor/yellow_corner.png"
      },
      {
         "path" : "ui/server_form.json"
      },
      {
         "path" : "entity/hive/sonic/ghz/item_box.json"
      },
      {
         "path" : "entity/hive/sonic/badnik/chopper.json"
      },
      {
         "path" : "textures/blocks/hive/cp/iron_grate_biggest.png"
      },
      {
         "path" : "animation_controllers/hive/sonic/badnik/motobug.json"
      },
      {
         "path" : "models/entity/hive/sonic/sph/streetlight.json"
      },
      {
         "path" : "render_controllers/hive/sonic/event/eggmobile/shield.json"
      },
      {
         "path" : "textures/blocks/hive/cp/details/metal_door_left.png"
      },
      {
         "path" : "sounds/hive/sonic/music/pw/intro.ogg"
      },
      {
         "path" : "textures/entity/hive/sonic/badnik/crabmeat_golden.png"
      },
      {
         "path" : "textures/blocks/hive/cp/metal_scaffolding.png"
      },
      {
         "path" : "textures/blocks/hive/ghz/grass/frilly.png"
      },
      {
         "path" : "models/entity/blocks/hive/placeholder/empty.json"
      },
      {
         "path" : "models/entity/hive/sonic/checkpoint_single.json"
      },
      {
         "path" : "textures/blocks/hive/cp/floor/gray_bottom_right.png"
      },
      {
         "path" : "textures/blocks/hive/sph/building/concrete_3_bottom.png"
      },
      {
         "path" : "fogs/ghz.json"
      },
      {
         "path" : "entity/hive/sonic/bpg/sonic.json"
      },
      {
         "path" : "sounds/hive/sonic/ring_collect.ogg"
      },
      {
         "path" : "entity/hive/sonic/cp/voltmeter.json"
      },
      {
         "path" : "models/entity/blocks/hive/rr/flower/flower_basket_wall.json"
      },
      {
         "path" : "models/entity/blocks/hive/ghz/grass/tall_grass.json"
      },
      {
         "path" : "textures/blocks/hive/cp/metal_panel_top.png"
      },
      {
         "path" : "textures/entity/hive/sonic/badnik/motobug_golden.png"
      },
      {
         "path" : "sounds/hive/crate/land.ogg"
      },
      {
         "path" : "textures/blocks/hive/pw/vine.png"
      },
      {
         "path" : "textures/blocks/hive/pw/flower/large_wall_purple_leaf.png"
      },
      {
         "path" : "animations/hive/sonic/cp/fan.json"
      },
      {
         "path" : "textures/entity/hive/sonic/badnik/spinner.png"
      },
      {
         "path" : "textures/blocks/hive/ghz/gray_stone/variant_1.png"
      },
      {
         "path" : "textures/blocks/hive/pw/flower/grass_medium.png"
      },
      {
         "path" : "textures/blocks/hive/ghz/stone/slab_dark.png"
      },
      {
         "path" : "animations/hive/sonic/rr/lamp_post.json"
      },
      {
         "path" : "textures/entity/hive/sonic/cp/voltmeter.png"
      },
      {
         "path" : "animation_controllers/hive/sonic/pw/ring_large.json"
      },
      {
         "path" : "textures/blocks/hive/pw/flower/light_sapling.png"
      },
      {
         "path" : "entity/hive/sonic/sph/streetlight.json"
      },
      {
         "path" : "textures/particle/hive/spark.png"
      },
      {
         "path" : "textures/blocks/hive/cp/details/red_lights_left.png"
      },
      {
         "path" : "sounds/hive/sonic/balloon_inflate.ogg"
      },
      {
         "path" : "sounds/hive/sonic/bpg/gf/zap_3.ogg"
      },
      {
         "path" : "textures/blocks/hive/ghz/stone/light_cracked_3.png"
      },
      {
         "path" : "textures/blocks/hive/sph/building/dark_concrete_light.png"
      },
      {
         "path" : "animations/hive/sonic/ghz/tree.json"
      },
      {
         "path" : "textures/ui/hive/shop_close_button_default.png"
      },
      {
         "path" : "sounds/hive/sonic/bpg/countdown.ogg"
      },
      {
         "path" : "textures/blocks/hive/ghz/grass/top_dark.png"
      },
      {
         "path" : "textures/blocks/hive/cp/floor/gray_middle.png"
      },
      {
         "path" : "textures/blocks/hive/pw/flower/small_yellow.png"
      },
      {
         "path" : "models/entity/blocks/hive/ghz/scaffolding/decorative_plank.json"
      },
      {
         "path" : "models/entity/blocks/hive/ghz/spike/1.json"
      },
      {
         "path" : "models/entity/hive/sonic/event/mailbot.json"
      },
      {
         "path" : "animations/hive/sonic/platform_timed.json"
      },
      {
         "path" : "sounds/hive/sonic/bpg/br/electric_3.ogg"
      },
      {
         "path" : "sounds/hive/sonic/music/sh/intro.ogg"
      },
      {
         "path" : "textures/ui/hive/hive_scoreboard_entry.json"
      },
      {
         "path" : "textures/blocks/hive/ghz/scaffolding/decorative_plank_top.png"
      },
      {
         "path" : "models/entity/blocks/hive/pw/metal_panel/metal_panel_corner.json"
      },
      {
         "path" : "textures/entity/hive/sonic/hub/npc_tails.png"
      },
      {
         "path" : "sounds/sound_definitions.json"
      },
      {
         "path" : "sounds/hive/sonic/bpg/gf/zap_4.ogg"
      },
      {
         "path" : "entity/hive/sonic/jump_panel.json"
      },
      {
         "path" : "textures/blocks/hive/ghz/stone/dark_cracked_3.png"
      },
      {
         "path" : "models/entity/hive/sonic/event/terminal/digit_1.json"
      },
      {
         "path" : "textures/blocks/hive/cp/dark_metal/metal_panel_dark_left_dirty.png"
      },
      {
         "path" : "entity/hive/sonic/platform_timed.json"
      },
      {
         "path" : "models/entity/blocks/hive/pw/metal_panel/metal_panel_top.json"
      },
      {
         "path" : "animation_controllers/hive/sonic/ghz/tree.json"
      },
      {
         "path" : "textures/blocks/hive/ss/purple_flower.png"
      },
      {
         "path" : "entity/hive/sonic/cp/blob.json"
      },
      {
         "path" : "sounds/hive/launchpad/vertical.ogg"
      },
      {
         "path" : "models/entity/blocks/hive/placeholder/hive.sonic.ghz.palm.bushy.leaves.blend.png"
      },
      {
         "path" : "textures/entity/hive/sonic/event/terminal/digit_2.png"
      },
      {
         "path" : "textures/blocks/hive/pw/flower/grass_tall.png"
      },
      {
         "path" : "textures/entity/hive/sonic/rr/chair.png"
      },
      {
         "path" : "models/entity/hive/sonic/rr/lamp_post.json"
      },
      {
         "path" : "models/entity/blocks/hive/ghz/palm/bushy_leaves.json"
      },
      {
         "path" : "models/entity/blocks/hive/ghz/scaffolding/plank_bottom.json"
      },
      {
         "path" : "textures/entity/hive/sonic/bpg/sign/sign.png"
      },
      {
         "path" : "models/entity/hive/sonic/event/eggmobile/shieldless.json"
      },
      {
         "path" : "textures/entity/hive/sonic/projectile/rocket.png"
      },
      {
         "path" : "textures/ui/village_hero_effect.png"
      },
      {
         "path" : "models/entity/hive/sonic/event/eggmobile/shield.json"
      },
      {
         "path" : "sounds/hive/sonic/bpg/cr/chao/say10.ogg"
      },
      {
         "path" : "textures/entity/hive/sonic/event/hatch/medium.png"
      },
      {
         "path" : "textures/blocks/hive/sh/stone_brick/orange_corner_inside.png"
      },
      {
         "path" : "textures/blocks/hive/sh/stone_brick/orange_corner_left.png"
      },
      {
         "path" : "models/entity/hive/sonic/pw/ring_large.json"
      },
      {
         "path" : "animations/hive/sonic/hub/npc_sonic.json"
      },
      {
         "path" : "textures/blocks/hive/rr/brick/brick_brown_alt.png"
      },
      {
         "path" : "render_controllers/hive/sonic/event/terminal/digit_3.json"
      },
      {
         "path" : "particles/general/fire_trail.json"
      },
      {
         "path" : "textures/blocks/hive/pw/flower/large_wall_purple.png"
      },
      {
         "path" : "textures/blocks/hive/sh/stone/light_stone.png"
      },
      {
         "path" : "textures/blocks/hive/ghz/grass/arrow.png"
      },
      {
         "path" : "particles/event/emp_implode.json"
      },
      {
         "path" : "models/entity/hive/sonic/sph/emergency_light/frame.json"
      },
      {
         "path" : "textures/blocks/hive/pw/flower/large_ground_yellow.png"
      },
      {
         "path" : "textures/blocks/hive/cp/floor/metal_panel_floor_gray.png"
      },
      {
         "path" : "models/entity/blocks/hive/generic/slab_normal_top.json"
      },
      {
         "path" : "entity/hive/sonic/ss/cloud.json"
      },
      {
         "path" : "animation_controllers/hive/sonic/event/emp.json"
      },
      {
         "path" : "textures/blocks/hive/sh/stone_brick/dark_stone.png"
      },
      {
         "path" : "textures/blocks/hive/ss/stone/light_stone_brick_chiseled_moss.png"
      },
      {
         "path" : "models/entity/blocks/hive/ghz/grass/arrow.json"
      },
      {
         "path" : "textures/blocks/hive/ss/wall/wall_end.png"
      },
      {
         "path" : "textures/blocks/hive/sh/stone_brick/orange_vertical_right.png"
      },
      {
         "path" : "entity/hive/sonic/event/hatch/small.json"
      },
      {
         "path" : "items/flare.json"
      },
      {
         "path" : "sounds/hive/sonic/bpg/cr/chao/say9.ogg"
      },
      {
         "path" : "textures/blocks/hive/ghz/gray_stone/variant_5.png"
      },
      {
         "path" : "textures/entity/hive/sonic/ring/faded.png"
      },
      {
         "path" : "textures/entity/hive/sonic/event/ringshop/shop.png"
      },
      {
         "path" : "animation_controllers/hive/sonic/bpg/sonic.json"
      },
      {
         "path" : "textures/entity/hive/sonic/bpg/sign/ring_royale.png"
      },
      {
         "path" : "sounds/hive/sonic/bpg/round_finished.ogg"
      },
      {
         "path" : "models/entity/hive/sonic/badnik/motobug.json"
      },
      {
         "path" : "textures/blocks/hive/ghz/spike/3.png"
      },
      {
         "path" : "textures/blocks/hive/cp/pipe/pipe_vertical.png"
      },
      {
         "path" : "textures/blocks/hive/ghz/flower/purple.png"
      },
      {
         "path" : "render_controllers/hive/sonic/checkpoint.json"
      },
      {
         "path" : "textures/blocks/hive/ghz/grass/top_light_rotated.png"
      },
      {
         "path" : "textures/entity/hive/sonic/event/terminal/digit_8.png"
      },
      {
         "path" : "textures/blocks/hive/ghz/stone/path_light.png"
      },
      {
         "path" : "textures/entity/hive/sonic/ghz/platform_disappearing.png"
      },
      {
         "path" : "textures/blocks/hive/sph/building/concrete_3_smooth.png"
      },
      {
         "path" : "animation_controllers/hive/sonic/pw/spin_dash.json"
      },
      {
         "path" : "textures/blocks/hive/ghz/spike/4.png"
      },
      {
         "path" : "textures/entity/hive/sonic/badnik/grabber.png"
      },
      {
         "path" : "render_controllers/hive/sonic/ss/chao.json"
      },
      {
         "path" : "textures/blocks/hive/ghz/stone/light.png"
      },
      {
         "path" : "textures/blocks/hive/rr/window/pane_light.png"
      },
      {
         "path" : "textures/blocks/hive/ghz/bridge/log_left.png"
      },
      {
         "path" : "textures/blocks/hive/cp/dark_metal/metal_panel_dark_bottom.png"
      },
      {
         "path" : "models/entity/hive/sonic/sph/lights/lights.json"
      },
      {
         "path" : "render_controllers/hive/sonic/pw/ring_large.json"
      },
      {
         "path" : "entity/hive/sonic/pw/spin_dash.json"
      },
      {
         "path" : "animation_controllers/hive/sonic/checkpoint_single.json"
      },
      {
         "path" : "entity/hive/sonic/rr/umbrella.json"
      },
      {
         "path" : "models/entity/hive/sonic/bpg/sonic.json"
      },
      {
         "path" : "fogs/ghz_mist.json"
      },
      {
         "path" : "particles/event/emp_explode.json"
      },
      {
         "path" : "models/entity/blocks/hive/pw/metal_scaffolding.json"
      },
      {
         "path" : "models/entity/hive/sonic/rr/table.json"
      },
      {
         "path" : "textures/blocks/hive/ghz/grass/tall_grass_long.png"
      },
      {
         "path" : "models/entity/blocks/hive/cp/rail/red_railing_post.json"
      },
      {
         "path" : "sounds/hive/sonic/bpg/cr/chao/say1.ogg"
      },
      {
         "path" : "materials/entity.material"
      },
      {
         "path" : "textures/gui/newgui/mob_effects/village_hero_effect.png"
      },
      {
         "path" : "models/entity/blocks/hive/rr/zapper/zapper.json"
      },
      {
         "path" : "textures/blocks/hive/cp/details/metal_door_right.png"
      },
      {
         "path" : "textures/blocks/hive/ghz/stone/dark_arrow_down.png"
      },
      {
         "path" : "animation_controllers/hive/sonic/bpg/sign.json"
      },
      {
         "path" : "models/entity/hive/sonic/ss/cloud.json"
      },
      {
         "path" : "render_controllers/hive/sonic/cp/laser.json"
      },
      {
         "path" : "entity/hive/sonic/sph/beacon.json"
      },
      {
         "path" : "models/entity/hive/sonic/event/eggmobile/eggman.json"
      },
      {
         "path" : "animations/hive/sonic/ss/chao.json"
      },
      {
         "path" : "textures/blocks/hive/cp/details/metal_panel_scaffold.png"
      },
      {
         "path" : "textures/blocks/hive/cp/metal_panel_left_dirty.png"
      },
      {
         "path" : "textures/entity/hive/sonic/badnik/crabmeat.png"
      },
      {
         "path" : "animations/hive/sonic/bpg/sign.json"
      },
      {
         "path" : "textures/entity/hive/sonic/sph/lights/frame.png"
      },
      {
         "path" : "animations/hive/sonic/balloons.json"
      },
      {
         "path" : "sounds/hive/sonic/bpg/cr/chao/say4.ogg"
      },
      {
         "path" : "textures/entity/hive/sonic/event/terminal/digit_0.png"
      },
      {
         "path" : "animation_controllers/hive/sonic/projectile/rocket.json"
      },
      {
         "path" : "models/entity/blocks/hive/ghz/grass/frills_corner_outside.json"
      },
      {
         "path" : "textures/entity/hive/sonic/spikes.png"
      },
      {
         "path" : "textures/hive/particles/flare_smoke.png"
      },
      {
         "path" : "textures/ui/hive/hive_rounded_corners.png"
      },
      {
         "path" : "textures/hive/items/item_activity_sensor_off.png"
      },
      {
         "path" : "sounds/hive/sonic/music/sh/loop.ogg"
      },
      {
         "path" : "textures/entity/hive/sonic/ss/cloud.png"
      },
      {
         "path" : "textures/blocks/hive/ghz/stone/dark.png"
      },
      {
         "path" : "textures/blocks/hive/ghz/blue_stone/blue_stone_dark.png"
      },
      {
         "path" : "items/hive/double_speed.json"
      },
      {
         "path" : "animations/hive/sonic/badnik/chopper.json"
      },
      {
         "path" : "models/entity/blocks/hive/cp/metal_scaffolding.json"
      },
      {
         "path" : "models/entity/hive/sonic/event/terminal/digit_3.json"
      },
      {
         "path" : "textures/blocks/hive/ghz/rock/purple_rock_slab.png"
      },
      {
         "path" : "particles/general/badnik_explode_small.json"
      },
      {
         "path" : "models/entity/blocks/hive/ghz/flower/fern.json"
      },
      {
         "path" : "sounds/hive/sonic/bpg/cr/chao/say2.ogg"
      },
      {
         "path" : "models/entity/hive/sonic/ss/safezone.json"
      },
      {
         "path" : "sounds/hive/sonic/bpg/rd/spindash_release.ogg"
      },
      {
         "path" : "textures/entity/hive/sonic/event/terminal/digit_4.png"
      },
      {
         "path" : "textures/blocks/hive/pw/metal_panel/side.png"
      },
      {
         "path" : "textures/blocks/hive/cp/hazard/hazard_stripes_large.png"
      },
      {
         "path" : "models/entity/blocks/hive/ghz/scaffolding/plank_edge.json"
      },
      {
         "path" : "models/entity/hive/sonic/badnik/newtron.json"
      },
      {
         "path" : "textures/blocks/hive/ghz/rail/straight_support.png"
      },
      {
         "path" : "animations/hive/sonic/pw/ring_large.json"
      },
      {
         "path" : "textures/blocks/hive/spg/chao/neutral.png"
      },
      {
         "path" : "particles/event/piston_steam.json"
      },
      {
         "path" : "textures/blocks/hive/ss/stone/light_stone_brick.png"
      },
      {
         "path" : "render_controllers/hive/sonic/event/billboard/image.json"
      },
      {
         "path" : "models/entity/hive/sonic/badnik/buzzbomber.json"
      },
      {
         "path" : "entity/hive/sonic/goal_ring.json"
      },
      {
         "path" : "textures/blocks/hive/cp/dark_metal/metal_panel_dark_right_dirty.png"
      },
      {
         "path" : "sounds/hive/crate/open.ogg"
      },
      {
         "path" : "textures/blocks/hive/ghz/bridge/log_middle.png"
      },
      {
         "path" : "textures/entity/hive/sonic/badnik/chopper_golden.png"
      },
      {
         "path" : "models/entity/hive/sonic/ghz/tree.json"
      },
      {
         "path" : "animation_controllers/hive/sonic/cp/laser.json"
      },
      {
         "path" : "models/entity/hive/sonic/event/hatch/small.json"
      },
      {
         "path" : "models/entity/hive/sonic/ghz/start_zone.json"
      },
      {
         "path" : "animations/hive/sonic/platform_disappearing.json"
      },
      {
         "path" : "sounds/hive/sonic/bpg/rr/zapper_3.ogg"
      },
      {
         "path" : "models/entity/blocks/hive/ghz/grass/frills_straight_outside.json"
      },
      {
         "path" : "textures/blocks/hive/cp/hazard/hazard_stripes_bright.png"
      },
      {
         "path" : "models/entity/blocks/hive/rr/dark_iron_bars_corner.json"
      },
      {
         "path" : "textures/blocks/hive/ghz/rail/angle.png"
      },
      {
         "path" : "textures/blocks/hive/ghz/bridge/log_right.png"
      },
      {
         "path" : "textures/blocks/hive/cp/dark_metal/metal_panel_dark.png"
      },
      {
         "path" : "textures/blocks/hive/cp/metal_panel_dirty.png"
      },
      {
         "path" : "models/entity/hive/sonic/rr/chair.json"
      },
      {
         "path" : "animations/hive/sonic/event/eggmobile/eggman.json"
      },
      {
         "path" : "textures/entity/hive/sonic/badnik/spiny.png"
      },
      {
         "path" : "textures/blocks/hive/ghz/grass/top_light.png"
      },
      {
         "path" : "entity/hive/sonic/checkpoint_single.json"
      },
      {
         "path" : "particles/event/npc_explode.json"
      },
      {
         "path" : "textures/blocks/hive/cp/dark_metal/metal_panel_dark_bottom_dirty.png"
      },
      {
         "path" : "textures/blocks/hive/ss/stone/light_stone_polished.png"
      },
      {
         "path" : "models/entity/hive/sonic/projectile/energy_orb.json"
      },
      {
         "path" : "textures/items/hive/item_next_frame.png"
      },
      {
         "path" : "entity/hive/helicopter.json"
      },
      {
         "path" : "textures/entity/hive/sonic/rr/umbrella/yellow.png"
      },
      {
         "path" : "textures/blocks/hive/cp/floor/yellow_straight_dirty.png"
      },
      {
         "path" : "sounds/hive/sonic/bpg/cr/cloud_bounce.ogg"
      },
      {
         "path" : "models/entity/hive/sonic/hub/npc_tails.json"
      },
      {
         "path" : "sounds/hive/flare/throw.ogg"
      },
      {
         "path" : "sounds/hive/launchpad/normal.ogg"
      },
      {
         "path" : "textures/blocks/hive/cp/hazard/hazard_stripes_bleft.png"
      },
      {
         "path" : "models/entity/hive/sonic/event/hatch/large.json"
      },
      {
         "path" : "animations/hive/sonic/ss/cloud.json"
      },
      {
         "path" : "particles/general/chopper_splash.json"
      },
      {
         "path" : "textures/blocks/hive/ghz/palm/leaves.png"
      },
      {
         "path" : "particles/cp/fan_edge.json"
      },
      {
         "path" : "textures/blocks/hive/ghz/scaffolding/decorative_plank_mid.png"
      },
      {
         "path" : "render_controllers/hive/sonic/ring.json"
      },
      {
         "path" : "ui/scoreboards.json"
      },
      {
         "path" : "textures/blocks/hive/sh/grass/light_grass_long.png"
      },
      {
         "path" : "models/entity/blocks/hive/ghz/palm/dark_palm_log.json"
      },
      {
         "path" : "textures/blocks/hive/ghz/totem/face_1.png"
      },
      {
         "path" : "animation_controllers/hive/sonic/hub/npc_tails.json"
      },
      {
         "path" : "textures/entity/hive/sonic/event/terminal/digit_6.png"
      },
      {
         "path" : "textures/blocks/hive/ss/stone/glass.png"
      },
      {
         "path" : "textures/blocks/hive/sph/road/hazard_arrows_alt.png"
      },
      {
         "path" : "models/entity/hive/sonic/spring_single.json"
      },
      {
         "path" : "textures/blocks/hive/rr/brick/brick_red.png"
      },
      {
         "path" : "animation_controllers/hive/sonic/cp/blob.json"
      },
      {
         "path" : "textures/entity/hive/sonic/sph/emergency_light/yellow.png"
      },
      {
         "path" : "fogs/hive/mobius.json"
      },
      {
         "path" : "textures/blocks/hive/pw/grass.png"
      },
      {
         "path" : "models/entity/blocks/hive/ghz/spike/2.json"
      },
      {
         "path" : "textures/entity/hive/sonic/rr/umbrella/yellow_pink.png"
      },
      {
         "path" : "textures/blocks/hive/cp/dark_metal/metal_panel_dark_dirty.png"
      },
      {
         "path" : "entity/hive/sonic/badnik/buzzer.json"
      },
      {
         "path" : "textures/entity/hive/sonic/event/terminal/digit.png"
      },
      {
         "path" : "textures/blocks/hive/ss/stone/light_stone_brick_slab.png"
      },
      {
         "path" : "models/entity/hive/sonic/cp/fan.json"
      },
      {
         "path" : "textures/items/hive/item_pause.png"
      },
      {
         "path" : "fogs/boss.json"
      },
      {
         "path" : "sounds/hive/sonic/bpg/cr/chao/say11.ogg"
      },
      {
         "path" : "textures/blocks/hive/cp/hazard/hazard_stripes_dirty.png"
      },
      {
         "path" : "textures/entity/hive/sonic/sph/streetlight.tga"
      },
      {
         "path" : "models/entity/hive/sonic/cp/laser.json"
      },
      {
         "path" : "entity/hive/sonic/ring.json"
      },
      {
         "path" : "textures/entity/hive/sonic/cp/platform_moving.png"
      },
      {
         "path" : "textures/blocks/hive/ghz/rock/purple_rock_grass.png"
      },
      {
         "path" : "render_controllers/hive/sonic/rr/umbrella.json"
      },
      {
         "path" : "models/entity/blocks/hive/cp/rail/red_railing_corner.json"
      },
      {
         "path" : "particles/ss/cloud_bounce.json"
      },
      {
         "path" : "textures/entity/hive/sonic/event/terminal/digit_1.png"
      },
      {
         "path" : "sounds/hive/sonic/bpg/game_start.ogg"
      },
      {
         "path" : "models/entity/blocks/hive/ghz/rail/angle.json"
      },
      {
         "path" : "textures/blocks/hive/sh/stone_brick/dark_stone_polished.png"
      },
      {
         "path" : "textures/blocks/hive/ghz/stone/light_cracked_1.png"
      },
      {
         "path" : "render_controllers/hive/sonic/sph/lights.json"
      },
      {
         "path" : "items/hive/sonic/chao_hero_item.json"
      },
      {
         "path" : "render_controllers/hive/sonic/event/terminal/digit_2.json"
      },
      {
         "path" : "textures/blocks/hive/ghz/rail/corner.png"
      },
      {
         "path" : "render_controllers/hive/sonic/event/terminal/digit_1.json"
      },
      {
         "path" : "animation_controllers/hive/sonic/cp/voltmeter.json"
      },
      {
         "path" : "models/entity/blocks/hive/generic/plane_bottom.json"
      },
      {
         "path" : "items/hive/pause.json"
      },
      {
         "path" : "entity/hive/sonic/cp/fan.json"
      },
      {
         "path" : "animation_controllers/hive/sonic/badnik/buzzbomber.json"
      },
      {
         "path" : "fogs/ghz_danger.json"
      },
      {
         "path" : "textures/blocks/hive/ghz/palm/light_log_side.png"
      },
      {
         "path" : "models/entity/hive/sonic/hub/npc_sonic.json"
      },
      {
         "path" : "animations/hive/sonic/bpg/sonic.json"
      },
      {
         "path" : "models/entity/blocks/hive/generic/slab_side.json"
      },
      {
         "path" : "textures/entity/hive/sonic/sph/beacon/green.tga"
      },
      {
         "path" : "textures/blocks/hive/cp/pipe/pipe_flat.png"
      },
      {
         "path" : "textures/entity/hive/sonic/event/terminal/digit_9.png"
      },
      {
         "path" : "sounds/hive/sonic/bpg/rr/zapper_2.ogg"
      },
      {
         "path" : "models/entity/blocks/hive/ghz/flower/sunflower_top.json"
      },
      {
         "path" : "textures/blocks/hive/placeholder/ring.png"
      },
      {
         "path" : "ui/hud_screen.json"
      },
      {
         "path" : "textures/blocks/hive/sph/building/concrete_2_bottom.png"
      },
      {
         "path" : "sounds/hive/sonic/bpg/gf/zap_2.ogg"
      },
      {
         "path" : "entity/hive/sonic/event/billboard.json"
      },
      {
         "path" : "entity/hive/sonic/badnik/buzzbomber.json"
      },
      {
         "path" : "entity/hive/sonic/projectile/rocket.json"
      },
      {
         "path" : "textures/entity/hive/sonic/ghz/tree.png"
      },
      {
         "path" : "textures/entity/hive/sonic/sph/emergency_light/green.png"
      },
      {
         "path" : "models/entity/hive/sonic/jump_panel.json"
      },
      {
         "path" : "entity/hive/sonic/event/ringshop/sign.json"
      },
      {
         "path" : "textures/entity/hive/sonic/event/terminal/digit_3.png"
      },
      {
         "path" : "textures/hive/items/item_flare.png"
      },
      {
         "path" : "textures/blocks/hive/spg/chao/hero.png"
      },
      {
         "path" : "animation_controllers/hive/sonic/platform_timed.json"
      },
      {
         "path" : "entity/hive/crate_marker.json"
      },
      {
         "path" : "textures/blocks/hive/sph/building/blue_concrete_4.png"
      },
      {
         "path" : "textures/blocks/hive/pw/metal_floor.png"
      },
      {
         "path" : "textures/blocks/hive/ghz/blue_stone/blue_stone_dark_slab.png"
      },
      {
         "path" : "textures/blocks/concrete_lime.png"
      },
      {
         "path" : "animation_controllers/hive/sonic/goal_ring.json"
      },
      {
         "path" : "models/entity/blocks/hive/ghz/fence/middle.json"
      },
      {
         "path" : "textures/blocks/hive/ghz/stone/path_full_dark.png"
      },
      {
         "path" : "render_controllers/hive/sonic/event/terminal/digit_4.json"
      },
      {
         "path" : "particles/general/grind_spark.json"
      },
      {
         "path" : "textures/blocks/hive/ghz/grass/dark_side_short_light.png"
      },
      {
         "path" : "textures/blocks/hive/ghz/stone/dark_arrow_left.png"
      },
      {
         "path" : "textures/blocks/hive/pw/flower/small_purple.png"
      },
      {
         "path" : "models/entity/hive/sonic/ss/platform_moving.json"
      },
      {
         "path" : "sounds/hive/sonic/enemy_death.ogg"
      },
      {
         "path" : "textures/entity/hive/sonic/balloons.png"
      },
      {
         "path" : "textures/blocks/hive/ghz/grass/slab_light.png"
      },
      {
         "path" : "textures/blocks/hive/sh/grass/dark_grass_short.png"
      },
      {
         "path" : "textures/blocks/hive/sph/building/brown_concrete_dark.png"
      },
      {
         "path" : "textures/blocks/hive/pw/metal_scaffolding_red.png"
      },
      {
         "path" : "entity/hive/sonic/rr/chair.json"
      },
      {
         "path" : "textures/blocks/hive/cp/metal_panel_bottom.png"
      },
      {
         "path" : "textures/blocks/hive/ghz/spike/2.png"
      },
      {
         "path" : "textures/blocks/hive/sh/stone_brick/orange_corner_right.png"
      },
      {
         "path" : "models/entity/hive/sonic/event/billboard/image.json"
      },
      {
         "path" : "models/entity/blocks/hive/ss/wall/wall_end.json"
      },
      {
         "path" : "sounds/hive/sonic/bpg/cr/chao/say12.ogg"
      },
      {
         "path" : "entity/hive/launchpad_vertical.json"
      },
      {
         "path" : "textures/blocks/hive/pw/flower/large_wall_red_leaf.png"
      },
      {
         "path" : "animation_controllers/hive/sonic/ss/chao.json"
      },
      {
         "path" : "textures/blocks/hive/ghz/rock/purple_rock_slab_grass.png"
      },
      {
         "path" : "textures/blocks/hive/sph/road/road_arrow_top.png"
      },
      {
         "path" : "textures/blocks/hive/ghz/flower/sunflower.png"
      },
      {
         "path" : "particles/cp/laser_spark.json"
      },
      {
         "path" : "models/entity/blocks/hive/ghz/grass/frills_corner_inside.json"
      },
      {
         "path" : "items/hive/sonic/chao_neutral_item.json"
      },
      {
         "path" : "textures/blocks/hive/sph/building/concrete_3_top.png"
      },
      {
         "path" : "textures/entity/hive/sonic/bpg/sign/no_game.png"
      },
      {
         "path" : "textures/items/locker.png"
      },
      {
         "path" : "textures/blocks/hive/cp/details/metal_panel_line.png"
      },
      {
         "path" : "animation_controllers/hive/sonic/badnik/eggpawn.json"
      },
      {
         "path" : "animations/hive/sonic/platform_moving.json"
      },
      {
         "path" : "textures/blocks/hive/ghz/fence/corner.png"
      },
      {
         "path" : "models/entity/hive/sonic/spikes.json"
      },
      {
         "path" : "animation_controllers/hive/sonic/balloons.json"
      },
      {
         "path" : "render_controllers/hive/sonic/event/terminal/terminal.json"
      },
      {
         "path" : "animations/hive/sonic/badnik/motobug.json"
      },
      {
         "path" : "entity/hive/sonic/event/hatch/large.json"
      },
      {
         "path" : "render_controllers/hive/sonic/sph/beacon.json"
      },
      {
         "path" : "entity/hive/sonic/event/hatch/medium.json"
      },
      {
         "path" : "textures/entity/hive/sonic/event/eggmobile/eggman.png"
      },
      {
         "path" : "animation_controllers/hive/sonic/checkpoint.json"
      },
      {
         "path" : "models/entity/hive/sonic/ss/chao/neutral.json"
      },
      {
         "path" : "textures/blocks/hive/sph/metal_slab.png"
      },
      {
         "path" : "models/entity/hive/sonic/event/emp.json"
      },
      {
         "path" : "models/entity/blocks/hive/generic/slab_top.json"
      },
      {
         "path" : "textures/blocks/hive/ghz/spike/1.png"
      },
      {
         "path" : "textures/blocks/hive/sph/road/hazard_arrows.png"
      },
      {
         "path" : "textures/blocks/hive/ghz/palm/dark_log.png"
      },
      {
         "path" : "textures/blocks/hive/sph/building/blue_concrete_3.png"
      },
      {
         "path" : "models/entity/hive/sonic/badnik/grabber.json"
      },
      {
         "path" : "models/entity/blocks/hive/generic/stair_top.json"
      },
      {
         "path" : "models/entity/blocks/hive/generic/slab_normal.json"
      },
      {
         "path" : "texts/en_US.lang"
      },
      {
         "path" : "textures/blocks/hive/sph/building/concrete_bottom.png"
      },
      {
         "path" : "animation_controllers/hive/sonic/spikes.json"
      },
      {
         "path" : "textures/entity/hive/sonic/bpg/sign/go_fast.png"
      },
      {
         "path" : "biomes_client.json"
      },
      {
         "path" : "render_controllers/hive/sonic/event/terminal/digit_5.json"
      },
      {
         "path" : "models/entity/hive/sonic/badnik/chopper.json"
      },
      {
         "path" : "textures/blocks/hive/cp/details/blue_lights.png"
      },
      {
         "path" : "textures/blocks/hive/pw/metal_panel/corner.png"
      },
      {
         "path" : "models/entity/blocks/hive/spg/chao/neutral.json"
      },
      {
         "path" : "sounds/hive/sonic/bpg/cr/chao/say7.ogg"
      },
      {
         "path" : "textures/blocks/hive/rr/window/pane_dark.png"
      },
      {
         "path" : "textures/blocks/hive/rr/dark_iron_bars.png"
      },
      {
         "path" : "textures/blocks/hive/ss/wall/wall_post.png"
      },
      {
         "path" : "textures/hive/cow/gold.png"
      },
      {
         "path" : "textures/entity/hive/sonic/bpg/sign/red_light_green_light.png"
      },
      {
         "path" : "textures/blocks/hive/pw/flower/hanging.png"
      },
      {
         "path" : "models/entity/blocks/hive/pw/vine.json"
      },
      {
         "path" : "models/entity/blocks/hive/sph/metal_pole.json"
      },
      {
         "path" : "models/entity/hive/sonic/goal_ring.json"
      },
      {
         "path" : "textures/item_texture.json"
      },
      {
         "path" : "textures/entity/hive/sonic/jump_panel_rainbow.png"
      },
      {
         "path" : "textures/blocks/hive/ghz/totem/wing_small.png"
      },
      {
         "path" : "entity/hive/sonic/ss/safezone.json"
      },
      {
         "path" : "sounds/hive/sonic/bpg/rd/spindash_charge.ogg"
      },
      {
         "path" : "textures/entity/hive/sonic/rr/umbrella/white.png"
      },
      {
         "path" : "textures/blocks/hive/ghz/scaffolding/plank_painted.png"
      },
      {
         "path" : "textures/entity/hive/sonic/ss/chao/dark.png"
      },
      {
         "path" : "textures/entity/hive/sonic/pw/ring_large.png"
      },
      {
         "path" : "models/entity/hive/sonic/ring.json"
      },
      {
         "path" : "entity/hive/sonic/ss/chao.json"
      },
      {
         "path" : "sounds/music_definitions.json"
      },
      {
         "path" : "textures/blocks/hive/ghz/stone/light_arrow.png"
      },
      {
         "path" : "textures/blocks/hive/ghz/fence/post.png"
      },
      {
         "path" : "textures/entity/hive/sonic/rr/lamp_post.tga"
      },
      {
         "path" : "textures/entity/hive/sonic/goal_ring.png"
      },
      {
         "path" : "textures/entity/hive/sonic/event/terminal/terminal.png"
      },
      {
         "path" : "models/entity/hive/sonic/bpg/sign/sign.json"
      },
      {
         "path" : "entity/hive/sonic/event/ringshop/shop.json"
      },
      {
         "path" : "animation_controllers/hive/sonic/ghz/rail_grind.json"
      },
      {
         "path" : "animations/hive/sonic/cp/laser.json"
      },
      {
         "path" : "models/entity/blocks/hive/cp/emergency_light.json"
      },
      {
         "path" : "sounds/hive/sonic/platform_shake.ogg"
      },
      {
         "path" : "textures/blocks/hive/ghz/flower/bush_red.png"
      },
      {
         "path" : "entity/hive/sonic/pw/ring_large.json"
      },
      {
         "path" : "textures/blocks/hive/sph/building/dark_concrete_dark.png"
      },
      {
         "path" : "models/entity/blocks/hive/sh/caladium.json"
      },
      {
         "path" : "items/hive/rewind.json"
      },
      {
         "path" : "textures/entity/hive/sonic/ghz/platform_timed_faded.png"
      },
      {
         "path" : "textures/entity/hive/sonic/jump_panel.png"
      },
      {
         "path" : "textures/blocks/hive/sph/building/concrete_4_smooth.png"
      },
      {
         "path" : "textures/entity/hive/sonic/event/mailbot.png"
      },
      {
         "path" : "entity/hive/teleporter.json"
      },
      {
         "path" : "textures/blocks/hive/sh/stone_brick/orange_horizontal.png"
      },
      {
         "path" : "models/entity/blocks/hive/ghz/scaffolding/plank.json"
      },
      {
         "path" : "textures/blocks/hive/cp/floor/yellow_straight.png"
      },
      {
         "path" : "models/entity/blocks/hive/pw/metal_panel/metal_panel_bottom.json"
      },
      {
         "path" : "textures/blocks/hive/ghz/scaffolding/log_regular_side_side.png"
      },
      {
         "path" : "textures/entity/hive/sonic/sph/lights/green.tga"
      },
      {
         "path" : "animation_controllers/hive/sonic/badnik/spinner.json"
      },
      {
         "path" : "entity/hive/sonic/sph/emergency_light.json"
      },
      {
         "path" : "render_controllers/hive/sonic/sph/emergency_light.json"
      },
      {
         "path" : "models/entity/blocks/hive/ghz/rail/corner.json"
      },
      {
         "path" : "animation_controllers/hive/sonic/ring.json"
      },
      {
         "path" : "textures/entity/hive/sonic/bpg/sonic.png"
      },
      {
         "path" : "entity/hive/sonic/badnik/eggpawn.json"
      },
      {
         "path" : "models/entity/hive/sonic/sph/lights/frame.json"
      },
      {
         "path" : "models/entity/hive/sonic/ss/chao/dark.json"
      },
      {
         "path" : "textures/entity/hive/sonic/rr/umbrella/green_blue.png"
      },
      {
         "path" : "textures/blocks/hive/ghz/blue_stone/blue_stone.png"
      },
      {
         "path" : "animations/hive/sonic/badnik/spiny.json"
      },
      {
         "path" : "models/entity/hive/sonic/event/terminal/terminal.json"
      },
      {
         "path" : "textures/entity/hive/sonic/ss/platform_moving.png"
      },
      {
         "path" : "entity/hive/sonic/spikes.json"
      },
      {
         "path" : "textures/blocks/hive/cp/pipe/pipe_normal.png"
      },
      {
         "path" : "blocks.json"
      },
      {
         "path" : "textures/blocks/hive/ghz/scaffolding/log_top_bottom.png"
      },
      {
         "path" : "animation_controllers/hive/sonic/badnik/chopper.json"
      },
      {
         "path" : "textures/blocks/hive/cp/metal_panel_left.png"
      },
      {
         "path" : "textures/blocks/hive/sph/road/road_arrow.png"
      },
      {
         "path" : "sounds/hive/sonic/music/cp/loop.ogg"
      },
      {
         "path" : "animations/hive/sonic/badnik/newtron.json"
      },
      {
         "path" : "textures/blocks/hive/ghz/grass/light_side_short_dark.png"
      },
      {
         "path" : "textures/entity/hive/sonic/ss/chao/neutral.png"
      },
      {
         "path" : "models/entity/blocks/hive/cp/rail/red_railing.json"
      },
      {
         "path" : "particles/event/hatch_steam.json"
      },
      {
         "path" : "models/entity/hive/sonic/ghz/item_box.json"
      },
      {
         "path" : "textures/blocks/hive/cp/hazard/hazard_stripes_tright.png"
      },
      {
         "path" : "animations/hive/sonic/blank.json"
      },
      {
         "path" : "textures/blocks/hive/ghz/scaffolding/log_regular_top.png"
      },
      {
         "path" : "textures/blocks/hive/pw/flower/small_white.png"
      },
      {
         "path" : "entity/hive/sonic/platform_disappearing.json"
      },
      {
         "path" : "textures/items/hive/item_slow_motion.png"
      },
      {
         "path" : "sounds.json"
      },
      {
         "path" : "entity/hive/sonic/bpg/sign.json"
      },
      {
         "path" : "animation_controllers/hive/sonic/ss/cloud.json"
      },
      {
         "path" : "particles/event/spark_burst.json"
      },
      {
         "path" : "models/entity/blocks/hive/generic/slab.json"
      },
      {
         "path" : "sounds/hive/sonic/bpg/cr/chao/say8.ogg"
      },
      {
         "path" : "textures/blocks/hive/sph/road/road_alt.png"
      },
      {
         "path" : "sounds/hive/sonic/music/pw/loop.ogg"
      },
      {
         "path" : "entity/hive/sonic/event/mailbot.json"
      },
      {
         "path" : "textures/entity/hive/sonic/badnik/newtron_golden.png"
      },
      {
         "path" : "models/entity/hive/sonic/badnik/spinner.json"
      },
      {
         "path" : "textures/blocks/hive/cp/metal_panel_bottom_dirty.png"
      },
      {
         "path" : "models/entity/blocks/hive/pw/flower/light_sapling.json"
      },
      {
         "path" : "textures/hive/parachute.png"
      },
      {
         "path" : "models/entity/hive/sonic/event/ringshop/shop.json"
      },
      {
         "path" : "render_controllers/hive/sonic/default.json"
      },
      {
         "path" : "textures/blocks/hive/ghz/scaffolding/plank.png"
      },
      {
         "path" : "textures/blocks/hive/ghz/grass/top_dark_rotated.png"
      },
      {
         "path" : "models/entity/hive/sonic/event/terminal/digit_4.json"
      },
      {
         "path" : "textures/blocks/hive/pw/flower/large_wall_red.png"
      },
      {
         "path" : "textures/entity/hive/sonic/event/billboard/image.png"
      },
      {
         "path" : "textures/blocks/hive/ghz/stone/dark_cracked_1.png"
      },
      {
         "path" : "textures/blocks/hive/ss/stone/light_stone_brick_moss.png"
      },
      {
         "path" : "textures/particle/hive/exhaust.png"
      },
      {
         "path" : "particles/event/hatch_smoke.json"
      },
      {
         "path" : "animation_controllers/hive/sonic/event/ringshop/shop.json"
      },
      {
         "path" : "textures/entity/hive/sonic/projectile/energy_orb.png"
      },
      {
         "path" : "animation_controllers/hive/sonic/cp/fan.json"
      },
      {
         "path" : "animations/hive/sonic/cp/voltmeter.json"
      },
      {
         "path" : "sounds/hive/sonic/music/sph/intro.ogg"
      },
      {
         "path" : "textures/blocks/hive/ghz/grass/light_side_long_light.png"
      },
      {
         "path" : "entity/hive/supply_drop.json"
      },
      {
         "path" : "textures/blocks/hive/cp/metal_panel_top_dirty.png"
      },
      {
         "path" : "textures/entity/hive/sonic/ss/platform_disappearing.png"
      },
      {
         "path" : "textures/blocks/hive/cp/metal_panel_right.png"
      },
      {
         "path" : "textures/blocks/hive/rr/brick/brick_gray.png"
      },
      {
         "path" : "models/entity/hive/sonic/rr/platform_moving.json"
      },
      {
         "path" : "textures/blocks/hive/ghz/stone/dark_arrow_right.png"
      },
      {
         "path" : "textures/blocks/hive/sph/building/concrete_divider.png"
      },
      {
         "path" : "entity/hive/sonic/balloons.json"
      },
      {
         "path" : "textures/blocks/hive/rr/flower/flower_basket_yellow.png"
      },
      {
         "path" : "models/entity/blocks/hive/ghz/bridge/log_left.json"
      },
      {
         "path" : "entity/hive/sonic/platform_moving.json"
      },
      {
         "path" : "textures/blocks/hive/sh/grass/light_grass_short.png"
      },
      {
         "path" : "textures/blocks/hive/cp/rail/red_railing_post.png"
      },
      {
         "path" : "textures/blocks/hive/sh/plant/bush.png"
      },
      {
         "path" : "animations/hive/sonic/event/hatch/small.json"
      },
      {
         "path" : "textures/blocks/hive/ghz/totem/face_2.png"
      },
      {
         "path" : "sounds/hive/sonic/music/cp/intro.ogg"
      },
      {
         "path" : "animation_controllers/hive/sonic/spring.json"
      },
      {
         "path" : "textures/blocks/hive/sph/building/concrete_2_smooth.png"
      },
      {
         "path" : "textures/blocks/hive/cp/dark_metal/metal_panel_dark_left.png"
      },
      {
         "path" : "textures/entity/hive/sonic/event/terminal/digit_7.png"
      },
      {
         "path" : "textures/blocks/hive/sh/plant/monstera.png"
      },
      {
         "path" : "textures/hive/cow/blue.png"
      },
      {
         "path" : "textures/blocks/hive/ghz/gray_stone/variant_2.png"
      },
      {
         "path" : "textures/blocks/hive/ghz/grass/arrow_top_dark.png"
      },
      {
         "path" : "textures/hive/cow/red.png"
      },
      {
         "path" : "textures/entity/hive/sonic/badnik/newtron.png"
      },
      {
         "path" : "animations/hive/sonic/badnik/grabber.json"
      },
      {
         "path" : "models/entity/blocks/hive/ghz/grass/frills_straight_inside.json"
      },
      {
         "path" : "textures/blocks/hive/rr/dark_iron_bars_corner.png"
      },
      {
         "path" : "textures/blocks/hive/ghz/scaffolding/log_painted_side.png"
      },
      {
         "path" : "textures/blocks/hive/cp/details/red_lights_top.png"
      },
      {
         "path" : "sounds/hive/sonic/bpg/gf/fan_powered.ogg"
      },
      {
         "path" : "textures/blocks/hive/ghz/blue_stone/blue_stone_slab.png"
      },
      {
         "path" : "render_controllers/hive/sonic/bpg/sign.json"
      },
      {
         "path" : "textures/entity/hive/sonic/sph/emergency_light/frame.png"
      },
      {
         "path" : "models/entity/hive/sonic/checkpoint.json"
      },
      {
         "path" : "textures/blocks/hive/sph/road/road_line.png"
      },
      {
         "path" : "textures/entity/hive/sonic/event/terminal/digit_5.png"
      },
      {
         "path" : "animations/hive/sonic/override/player.json"
      },
      {
         "path" : "render_controllers/hive/sonic/badnik/golden.json"
      },
      {
         "path" : "render_controllers/hive/default.json"
      },
      {
         "path" : "textures/blocks/hive/sph/road/road_yellow_right.png"
      },
      {
         "path" : "textures/particle/hive/water_splash.png"
      },
      {
         "path" : "animation_controllers/hive/sonic/platform_disappearing.json"
      },
      {
         "path" : "particles/hive/totem.json"
      },
      {
         "path" : "textures/blocks/hive/ss/wall/wall_corner.png"
      },
      {
         "path" : "models/entity/blocks/hive/sh/bush.json"
      },
      {
         "path" : "models/entity/hive/sonic/event/billboard/frame.json"
      },
      {
         "path" : "entity/hive/sonic/event/terminal.json"
      },
      {
         "path" : "entity/hive/flare.json"
      },
      {
         "path" : "textures/blocks/hive/ss/vine/yellow.png"
      },
      {
         "path" : "textures/items/hive/item_previous_frame.png"
      },
      {
         "path" : "animations/hive/sonic/badnik/crabmeat.json"
      },
      {
         "path" : "models/entity/blocks/hive/ghz/rail/support.json"
      },
      {
         "path" : "particles/general/exhaust_trail.json"
      },
      {
         "path" : "textures/blocks/hive/cp/iron_grate_small.png"
      },
      {
         "path" : "textures/entity/hive/sonic/ghz/platform_timed_a.png"
      },
      {
         "path" : "animations/hive/sonic/badnik/eggpawn.json"
      },
      {
         "path" : "textures/entity/hive/sonic/sph/beacon/red.tga"
      },
      {
         "path" : "animation_controllers/hive/sonic/event/mailbot.json"
      },
      {
         "path" : "textures/blocks/hive/ghz/fence/end.png"
      },
      {
         "path" : "models/entity/blocks/hive/generic/dash_panel.json"
      },
      {
         "path" : "particles/pw/dash_spark.json"
      },
      {
         "path" : "animation_controllers/hive/sonic/event/ringshop/sign.json"
      },
      {
         "path" : "textures/blocks/hive/sph/road/road_arrow_left.png"
      },
      {
         "path" : "models/entity/blocks/hive/ghz/bridge/log_right.json"
      },
      {
         "path" : "animations/hive/sonic/badnik/spinner.json"
      },
      {
         "path" : "textures/entity/hive/sonic/checkpoint.png"
      },
      {
         "path" : "models/entity/hive/sonic/bpg/sign/graphic.json"
      },
      {
         "path" : "models/entity/blocks/hive/ghz/spike/4.json"
      },
      {
         "path" : "textures/hive/flare.png"
      },
      {
         "path" : "textures/entity/hive/sonic/spring_single.png"
      },
      {
      },
      {
         "path" : "entity/hive/sonic/badnik/spiny.json"
      },
      {
         "path" : "textures/blocks/hive/ghz/fence/middle.png"
      },
      {
         "path" : "textures/entity/hive/sonic/ghz/platform_moving.png"
      },
      {
         "path" : "textures/entity/hive/sonic/ghz/platform_timed_b.png"
      },
      {
         "path" : "animation_controllers/hive/sonic/platform_moving.json"
      },
      {
         "path" : "textures/entity/hive/sonic/sph/emergency_light/red.png"
      },
      {
         "path" : "textures/blocks/hive/cp/floor/yellow_center.png"
      },
      {
         "path" : "models/entity/blocks/hive/generic/button/idle.json"
      },
      {
         "path" : "textures/blocks/hive/ghz/grass/dark_side_long_light.png"
      },
      {
         "path" : "textures/blocks/hive/ghz/scaffolding/log_top_top.png"
      },
      {
         "path" : "textures/blocks/hive/pw/leaves.png"
      },
      {
         "path" : "models/entity/blocks/hive/ghz/totem/wing_small.json"
      },
      {
         "path" : "textures/blocks/hive/ss/stone/light_stone.png"
      },
      {
         "path" : "textures/blocks/hive/cp/dark_metal/metal_panel_dark_top_dirty.png"
      },
      {
         "path" : "models/entity/blocks/hive/ss/vine/flower_vine.json"
      },
      {
         "path" : "textures/blocks/hive/sh/stone_brick/dark_stone_pillar.png"
      },
      {
         "path" : "textures/hive/items/item_activity_sensor.png"
      },
      {
         "path" : "textures/blocks/hive/ghz/scaffolding/log_top_side_east.png"
      },
      {
         "path" : "textures/entity/hive/sonic/badnik/motobug.png"
      },
      {
         "path" : "models/entity/blocks/hive/generic/quarterslab_top.json"
      },
      {
         "path" : "items/hive/fast_forward.json"
      },
      {
         "path" : "textures/blocks/hive/ghz/stone/light_arrow_down.png"
      },
      {
         "path" : "sounds/hive/sonic/bpg/cr/chao/say6.ogg"
      },
      {
         "path" : "textures/entity/hive/sonic/badnik/eggpawn.png"
      },
      {
         "path" : "textures/blocks/hive/ss/wall/wall_middle.png"
      },
      {
         "path" : "textures/blocks/concrete_red.png"
      },
      {
         "path" : "textures/entity/hive/sonic/ss/safezone.png"
      },
      {
         "path" : "textures/blocks/hive/sph/road/road.png"
      },
      {
         "path" : "particles/general/badnik_explode.json"
      },
      {
         "path" : "textures/entity/hive/sonic/sph/lights/yellow.tga"
      },
      {
         "path" : "textures/blocks/hive/ss/stone/blue_vein.png"
      },
      {
         "path" : "models/entity/blocks/hive/generic/button/activated.json"
      },
      {
         "path" : "entity/hive/sonic/projectile/energy_orb.json"
      },
      {
         "path" : "models/entity/blocks/hive/generic/quarterslab.json"
      },
      {
         "path" : "models/entity/hive/sonic/ss/chao/hero.json"
      },
      {
         "path" : "textures/entity/hive/sonic/cp/laser.tga"
      },
      {
         "path" : "models/entity/hive/sonic/event/hatch/medium.json"
      },
      {
         "path" : "textures/blocks/hive/cp/hazard/hazard_stripes.png"
      },
      {
         "path" : "textures/blocks/hive/ghz/flower/bush_white.png"
      },
      {
         "path" : "textures/blocks/hive/sh/grass/dark_grass_long.png"
      },
      {
         "path" : "textures/entity/hive/sonic/ghz/item_box/ring.tga"
      },
      {
         "path" : "textures/ui/hive/whitetransparency.png"
      },
      {
         "path" : "textures/blocks/hive/cp/pipe/pipe_up.png"
      },
      {
         "path" : "render_controllers/hive/sonic/platform_timed.json"
      },
      {
         "path" : "textures/blocks/hive/sph/building/dark_concrete_divider.png"
      },
      {
         "path" : "sounds/hive/sonic/bpg/cr/chao/say5.ogg"
      },
      {
         "path" : "textures/blocks/hive/ghz/totem/face_3.png"
      },
      {
         "path" : "textures/blocks/hive/ghz/gray_stone/variant_4.png"
      },
      {
         "path" : "entity/hive/launchpad.json"
      },
      {
         "path" : "models/entity/blocks/hive/ghz/totem/wing_large.json"
      },
      {
         "path" : "textures/hive/cow/green.png"
      },
      {
         "path" : "textures/particle/hive/spindash.png"
      },
      {
         "path" : "textures/blocks/hive/cp/rail/red_railing_corner.png"
      },
      {
         "path" : "items/activity_sensor.json"
      },
      {
         "path" : "textures/entity/hive/sonic/checkpoint_single.png"
      },
      {
         "path" : "textures/blocks/hive/pw/flower/grass_short.png"
      },
      {
         "path" : "textures/hive/crate_marker.png"
      },
      {
         "path" : "textures/blocks/hive/rr/brick/brick_orange.png"
      },
      {
         "path" : "textures/blocks/hive/sph/road/road_yellow_left.png"
      },
      {
         "path" : "animations/hive/sonic/hub/npc_tails.json"
      },
      {
         "path" : "textures/blocks/hive/cp/floor/gray_straight.png"
      },
      {
         "path" : "font/glyph_E1.png"
      },
      {
         "path" : "entity/hive/cache_cow.json"
      },
      {
         "path" : "animations/hive/sonic/event/hatch/medium.json"
      },
      {
         "path" : "textures/blocks/hive/ghz/totem/wing_large.png"
      },
      {
         "path" : "textures/blocks/hive/cp/floor/metal_panel_floor_gray_alt.png"
      },
      {
         "path" : "textures/entity/hive/sonic/event/hatch/small.png"
      },
      {
         "path" : "textures/items/hive/item_fast_forward.png"
      },
      {
         "path" : "textures/blocks/hive/ghz/flower/bush_yellow.png"
      },
      {
         "path" : "textures/blocks/hive/spg/chao/dark.png"
      },
      {
         "path" : "particles/hive/basic_smoke.json"
      },
      {
         "path" : "animation_controllers/hive/sonic/hub/npc_sonic.json"
      },
      {
         "path" : "models/entity/hive/sonic/balloons.json"
      },
      {
         "path" : "textures/blocks/hive/pw/flower/small_lilac_yellow.png"
      },
      {
         "path" : "textures/blocks/hive/cp/details/red_lights_bottom.png"
      },
      {
         "path" : "textures/blocks/hardened_clay_stained_red.png"
      },
      {
         "path" : "textures/hive/helicopter.png"
      },
      {
         "path" : "animations/hive/sonic/ss/safezone.json"
      },
      {
         "path" : "entity/hive/sonic/ghz/rail_grind.json"
      },
      {
         "path" : "textures/blocks/hive/cp/hazard/hazard_stripes_horizontal.png"
      },
      {
         "path" : "items/hive/slow_motion.json"
      },
      {
         "path" : "sounds/hive/sonic/ring_drop.ogg"
      },
      {
         "path" : "textures/blocks/hive/generic/dash_panel.png"
      },
      {
         "path" : "textures/blocks/hive/pw/log.png"
      },
      {
         "path" : "textures/blocks/hive/ghz/rail/support.png"
      },
      {
         "path" : "textures/blocks/hive/sph/building/concrete_4_bottom.png"
      },
      {
         "path" : "models/entity/blocks/hive/pw/metal_panel/metal_panel_side.json"
      },
      {
         "path" : "textures/blocks/hive/sph/building/blue_concrete_2.png"
      },
      {
         "path" : "entity/hive/sonic/hub/npc_tails.json"
      }
   ],
   "version" : 1
}
