{
  "format_version": "1.8.0",
  "minecraft:client_entity": {
    "description": {
      "identifier": "hive:balloons",
      "materials": {
        "default": "slime_outer"
      },
      "textures": {
        "default": "textures/entity/hive/sonic/balloons"
      },
      "geometry": {
        "default": "geometry.hive.sonic.balloons"
      },
      "scripts": {
        "pre_animation": [
          "variable.random1 \u003d math.random_integer(0, 1);",
          "variable.random2 \u003d math.random_integer(0, 2);"
        ]
      },
      "animations": {
        "idle": "animation.hive.sonic.balloons.idle",
        "idleSwayMod": "animation.hive.sonic.balloons.idleSwayMod",
        "bounceBurst1": "animation.hive.sonic.balloons.bounceBurst1",
        "bounceBurst2": "animation.hive.sonic.balloons.bounceBurst2",
        "bounceBurst3": "animation.hive.sonic.balloons.bounceBurst3",
        "burstSpawn": "animation.hive.sonic.balloons.burstSpawn",
        "respawn1": "animation.hive.sonic.balloons.respawn1",
        "respawn2": "animation.hive.sonic.balloons.respawn2"
      },
      "animation_controllers": [
        {
          "idle": "controller.animation.hive.sonic.balloons.idle"
        },
        {
          "burst": "controller.animation.hive.sonic.balloons.burst"
        },
        {
          "respawn": "controller.animation.hive.sonic.balloons.respawn"
        }
      ],
      "particle_effects": {
        "burst": "hive:balloon_burst"
      },
      "render_controllers": [
        "controller.render.hive.sonic.default"
      ]
    }
  }
}