{
  "format_version": "1.8.0",
  "minecraft:client_entity": {
    "description": {
      "identifier": "hive:checkpoint",
      "materials": {
        "default": "entity_alphatest",
        "beam": "slime_outer"
      },
      "textures": {
        "default": "textures/entity/hive/sonic/checkpoint"
      },
      "geometry": {
        "default": "geometry.hive.sonic.checkpoint"
      },
      "animations": {
        "width": "animation.hive.sonic.checkpoint.width",
        "toggle": "animation.hive.sonic.checkpoint.toggle",
        "opened": "animation.hive.sonic.checkpoint.opened"
      },
      "animation_controllers": [
        {
          "width": "controller.animation.hive.sonic.checkpoint.width"
        },
        {
          "opened": "controller.animation.hive.sonic.checkpoint.opened"
        }
      ],
      "render_controllers": [
        "controller.render.hive.sonic.checkpoint"
      ]
    }
  }
}