{
  "format_version": "1.8.0",
  "minecraft:client_entity": {
    "description": {
      "identifier": "hive:checkpoint_single",
      "materials": {
        "default": "entity"
      },
      "textures": {
        "default": "textures/entity/hive/sonic/checkpoint_single"
      },
      "geometry": {
        "default": "geometry.hive.sonic.checkpoint.single"
      },
      "animations": {
        "spin": "animation.hive.sonic.checkpoint.single.spin"
      },
      "animation_controllers": [
        {
          "spin": "controller.animation.hive.sonic.checkpoint.single.spin"
        }
      ],
      "render_controllers": [
        "controller.render.hive.sonic.default"
      ]
    }
  }
}