{
  "format_version": "1.8.0",
  "minecraft:client_entity": {
    "description": {
      "identifier": "hive:jump_panel",
      "materials": {
        "default": "entity_nocull"
      },
      "textures": {
        "default": "textures/entity/hive/sonic/jump_panel",
        "rainbow": "textures/entity/hive/sonic/jump_panel_rainbow"
      },
      "geometry": {
        "default": "geometry.hive.sonic.jump.panel"
      },
      "render_controllers": [
        "controller.render.hive.sonic.jump.panel"
      ]
    }
  }
}