{
  "format_version": "1.8.0",
  "minecraft:client_entity": {
    "description": {
      "identifier": "hive:platform_moving",
      "materials": {
        "default": "entity",
        "alpha": "entity_alphatest"
      },
      "textures": {
        "default": "textures/entity/hive/sonic/ghz/platform_moving",
        "cp": "textures/entity/hive/sonic/cp/platform_moving",
        "rr": "textures/entity/hive/sonic/rr/platform_moving",
        "ss": "textures/entity/hive/sonic/ss/platform_moving"
      },
      "geometry": {
        "default": "geometry.hive.sonic.ghz.platform.moving",
        "cp": "geometry.hive.sonic.cp.platform.moving",
        "rr": "geometry.hive.sonic.rr.platform.moving",
        "ss": "geometry.hive.sonic.ss.platform.moving"
      },
      "animations": {
        "tilt": "animation.hive.sonic.platform.moving.idle.tilt",
        "vibrate": "animation.hive.sonic.platform.moving.idle.vibrate",
        "bob": "animation.hive.sonic.platform.moving.idle.bob"
      },
      "animation_controllers": [
        {
          "sway": "controller.animation.hive.sonic.platform.moving.sway"
        }
      ],
      "render_controllers": [
        "controller.render.hive.sonic.platform.moving"
      ]
    }
  }
}