{
  "format_version": "1.8.0",
  "minecraft:client_entity": {
    "description": {
      "identifier": "hive:platform_timed",
      "materials": {
        "default": "entity_alphatest",
        "faded": "slime_outer"
      },
      "textures": {
        "default": "textures/entity/hive/sonic/ghz/platform_timed_a",
        "defaultFaded": "textures/entity/hive/sonic/ghz/platform_timed_faded"
      },
      "geometry": {
        "default": "geometry.hive.sonic.ghz.platform.timed"
      },
      "animations": {
        "waiting": "animation.hive.sonic.platform.timed.waiting",
        "spawn": "animation.hive.sonic.platform.timed.spawn",
        "despawn": "animation.hive.sonic.platform.timed.despawn",
        "statechange": "animation.hive.sonic.platform.timed.statechange"
      },
      "animation_controllers": [
        {
          "default": "controller.animation.hive.sonic.platform.timed"
        }
      ],
      "render_controllers": [
        "controller.render.hive.sonic.platform.timed"
      ]
    }
  }
}