{
  "format_version": "1.8.0",
  "minecraft:client_entity": {
    "description": {
      "identifier": "hive:ring",
      "materials": {
        "default": "entity",
        "faded": "slime_outer"
      },
      "textures": {
        "default": "textures/entity/hive/sonic/ring/ring",
        "faded": "textures/entity/hive/sonic/ring/faded"
      },
      "geometry": {
        "default": "geometry.hive.sonic.ring"
      },
      "animations": {
        "spin": "animation.hive.sonic.ring.spin",
        "waiting": "animation.hive.sonic.ring.waiting",
        "spawn": "animation.hive.sonic.ring.spawn",
        "despawn": "animation.hive.sonic.ring.despawn"
      },
      "animation_controllers": [
        {
          "spin": "controller.animation.hive.sonic.ring.spin"
        },
        {
          "spawn": "controller.animation.hive.sonic.ring.spawn"
        }
      ],
      "render_controllers": [
        "controller.render.hive.sonic.ring"
      ]
    }
  }
}