{
  "minecraft:geometry": [
    {
      "description": {
        "identifier": "geometry.hive.sonic.ss.cloud",
        "texture_width": 128,
        "texture_height": 128,
        "visible_bounds_width": 5,
        "visible_bounds_height": 3,
        "visible_bounds_offset": [
          0,
          0.5,
          0
        ]
      },
      "bones": [
        {
          "name": "root",
          "pivot": [
            0,
            0,
            0
          ],
          "locators": {
            "bottom": [
              0,
              0,
              0
            ]
          }
        },
        {
          "name": "body",
          "parent": "root",
          "pivot": [
            0,
            0,
            0
          ],
          "cubes": [
            {
              "origin": [
                -18,
                0,
                -10
              ],
              "size": [
                30,
                4,
                20
              ],
              "uv": [
                0,
                0
              ]
            },
            {
              "origin": [
                -15,
                12,
                -10
              ],
              "size": [
                30,
                4,
                20
              ],
              "uv": [
                0,
                0
              ]
            },
            {
              "origin": [
                -24,
                4,
                -10
              ],
              "size": [
                13,
                8,
                20
              ],
              "uv": [
                0,
                65
              ]
            },
            {
              "origin": [
                15,
                4,
                -12
              ],
              "size": [
                8,
                8,
                19
              ],
              "uv": [
                67,
                66
              ]
            },
            {
              "origin": [
                -11,
                4,
                -18
              ],
              "size": [
                26,
                8,
                33
              ],
              "uv": [
                0,
                24
              ]
            }
          ]
        },
        {
          "name": "cloud1",
          "parent": "body",
          "pivot": [
            -18.5,
            8,
            -17
          ],
          "cubes": [
            {
              "origin": [
                -23,
                4,
                -21
              ],
              "size": [
                9,
                5,
                8
              ],
              "uv": [
                0,
                93
              ]
            }
          ]
        },
        {
          "name": "cloud2",
          "parent": "body",
          "pivot": [
            20.5,
            6.75,
            0
          ],
          "cubes": [
            {
              "origin": [
                16,
                4,
                10
              ],
              "size": [
                9,
                5,
                8
              ],
              "uv": [
                0,
                93
              ]
            }
          ]
        }
      ]
    }
  ],
  "format_version": "1.12.0"
}