{
  "format_version": "1.12.0",
  "minecraft:geometry": [
    {
      "description": {
        "identifier": "geometry.hive.sonic.ss.safezone",
        "texture_width": 128,
        "texture_height": 128,
        "visible_bounds_width": 25,
        "visible_bounds_height": 10,
        "visible_bounds_offset": [
          0,
          2.5,
          0
        ]
      },
      "bones": [
        {
          "name": "root",
          "pivot": [
            0,
            0,
            0
          ]
        },
        {
          "name": "panel",
          "parent": "root",
          "pivot": [
            0.00059,
            0,
            -0.10669
          ],
          "cubes": [
            {
              "origin": [
                -112.36068,
                0,
                99.48859
              ],
              "size": [
                80,
                80,
                0
              ],
              "pivot": [
                -72.36068,
                40,
                99.48859
              ],
              "rotation": [
                0,
                -36,
                0
              ],
              "uv": {
                "east": {
                  "uv": [
                    41,
                    1
                  ],
                  "uv_size": [
                    0,
                    40
                  ]
                },
                "south": {
                  "uv": [
                    40,
                    40
                  ],
                  "uv_size": [
                    -40,
                    40
                  ]
                },
                "west": {
                  "uv": [
                    41.5,
                    1
                  ],
                  "uv_size": [
                    0,
                    40
                  ]
                },
                "up": {
                  "uv": [
                    41,
                    41.5
                  ],
                  "uv_size": [
                    40,
                    0
                  ]
                },
                "down": {
                  "uv": [
                    42,
                    1
                  ],
                  "uv_size": [
                    40,
                    0
                  ]
                }
              }
            },
            {
              "origin": [
                -157.08109,
                0,
                -38.14991
              ],
              "size": [
                80,
                80,
                0
              ],
              "pivot": [
                -117.08109,
                40,
                -38.14991
              ],
              "rotation": [
                0,
                -108,
                0
              ],
              "uv": {
                "east": {
                  "uv": [
                    41,
                    1
                  ],
                  "uv_size": [
                    0,
                    40
                  ]
                },
                "south": {
                  "uv": [
                    40,
                    40
                  ],
                  "uv_size": [
                    -40,
                    40
                  ]
                },
                "west": {
                  "uv": [
                    41.5,
                    1
                  ],
                  "uv_size": [
                    0,
                    40
                  ]
                },
                "up": {
                  "uv": [
                    41,
                    41.5
                  ],
                  "uv_size": [
                    40,
                    0
                  ]
                },
                "down": {
                  "uv": [
                    42,
                    1
                  ],
                  "uv_size": [
                    40,
                    0
                  ]
                }
              }
            },
            {
              "origin": [
                -112.35914,
                0,
                -99.70277
              ],
              "size": [
                80,
                80,
                0
              ],
              "pivot": [
                -72.35914,
                40,
                -99.70277
              ],
              "rotation": [
                0,
                -144,
                0
              ],
              "uv": {
                "east": {
                  "uv": [
                    41,
                    1
                  ],
                  "uv_size": [
                    0,
                    40
                  ]
                },
                "south": {
                  "uv": [
                    80,
                    0
                  ],
                  "uv_size": [
                    -40,
                    40
                  ]
                },
                "west": {
                  "uv": [
                    41.5,
                    1
                  ],
                  "uv_size": [
                    0,
                    40
                  ]
                },
                "up": {
                  "uv": [
                    41,
                    41.5
                  ],
                  "uv_size": [
                    40,
                    0
                  ]
                },
                "down": {
                  "uv": [
                    42,
                    1
                  ],
                  "uv_size": [
                    40,
                    0
                  ]
                }
              }
            },
            {
              "origin": [
                -39.99846,
                0,
                -123.21418
              ],
              "size": [
                80,
                80,
                0
              ],
              "pivot": [
                0.00154,
                40,
                -123.21418
              ],
              "rotation": [
                0,
                180,
                0
              ],
              "uv": {
                "east": {
                  "uv": [
                    41,
                    1
                  ],
                  "uv_size": [
                    0,
                    40
                  ]
                },
                "south": {
                  "uv": [
                    40,
                    40
                  ],
                  "uv_size": [
                    -40,
                    40
                  ]
                },
                "west": {
                  "uv": [
                    41.5,
                    1
                  ],
                  "uv_size": [
                    0,
                    40
                  ]
                },
                "up": {
                  "uv": [
                    41,
                    41.5
                  ],
                  "uv_size": [
                    40,
                    0
                  ]
                },
                "down": {
                  "uv": [
                    42,
                    1
                  ],
                  "uv_size": [
                    40,
                    0
                  ]
                }
              }
            },
            {
              "origin": [
                32.36163,
                0,
                -99.70196
              ],
              "size": [
                80,
                80,
                0
              ],
              "pivot": [
                72.36163,
                40,
                -99.70196
              ],
              "rotation": [
                0,
                144,
                0
              ],
              "uv": {
                "east": {
                  "uv": [
                    41,
                    1
                  ],
                  "uv_size": [
                    0,
                    40
                  ]
                },
                "south": {
                  "uv": [
                    80,
                    40
                  ],
                  "uv_size": [
                    -40,
                    40
                  ]
                },
                "west": {
                  "uv": [
                    41.5,
                    1
                  ],
                  "uv_size": [
                    0,
                    40
                  ]
                },
                "up": {
                  "uv": [
                    41,
                    41.5
                  ],
                  "uv_size": [
                    40,
                    0
                  ]
                },
                "down": {
                  "uv": [
                    42,
                    1
                  ],
                  "uv_size": [
                    40,
                    0
                  ]
                }
              }
            },
            {
              "origin": [
                77.08204,
                0,
                -38.14798
              ],
              "size": [
                80,
                80,
                0
              ],
              "pivot": [
                117.08204,
                40,
                -38.14798
              ],
              "rotation": [
                0,
                108,
                0
              ],
              "uv": {
                "east": {
                  "uv": [
                    41,
                    1
                  ],
                  "uv_size": [
                    0,
                    40
                  ]
                },
                "south": {
                  "uv": [
                    79,
                    0
                  ],
                  "uv_size": [
                    -40,
                    40
                  ]
                },
                "west": {
                  "uv": [
                    41.5,
                    1
                  ],
                  "uv_size": [
                    0,
                    40
                  ]
                },
                "up": {
                  "uv": [
                    41,
                    41.5
                  ],
                  "uv_size": [
                    40,
                    0
                  ]
                },
                "down": {
                  "uv": [
                    42,
                    1
                  ],
                  "uv_size": [
                    40,
                    0
                  ]
                }
              }
            },
            {
              "origin": [
                77.08204,
                0,
                37.93654
              ],
              "size": [
                80,
                80,
                0
              ],
              "pivot": [
                117.08204,
                40,
                37.93654
              ],
              "rotation": [
                0,
                72,
                0
              ],
              "uv": {
                "east": {
                  "uv": [
                    41,
                    1
                  ],
                  "uv_size": [
                    0,
                    40
                  ]
                },
                "south": {
                  "uv": [
                    40,
                    40
                  ],
                  "uv_size": [
                    -40,
                    40
                  ]
                },
                "west": {
                  "uv": [
                    41.5,
                    1
                  ],
                  "uv_size": [
                    0,
                    40
                  ]
                },
                "up": {
                  "uv": [
                    41,
                    41.5
                  ],
                  "uv_size": [
                    40,
                    0
                  ]
                },
                "down": {
                  "uv": [
                    42,
                    1
                  ],
                  "uv_size": [
                    40,
                    0
                  ]
                }
              }
            },
            {
              "origin": [
                32.36068,
                0,
                99.49021
              ],
              "size": [
                80,
                80,
                0
              ],
              "pivot": [
                72.36068,
                40,
                99.49021
              ],
              "rotation": [
                0,
                36,
                0
              ],
              "uv": {
                "east": {
                  "uv": [
                    41,
                    1
                  ],
                  "uv_size": [
                    0,
                    40
                  ]
                },
                "south": {
                  "uv": [
                    80,
                    40
                  ],
                  "uv_size": [
                    -40,
                    40
                  ]
                },
                "west": {
                  "uv": [
                    41.5,
                    1
                  ],
                  "uv_size": [
                    0,
                    40
                  ]
                },
                "up": {
                  "uv": [
                    41,
                    41.5
                  ],
                  "uv_size": [
                    40,
                    0
                  ]
                },
                "down": {
                  "uv": [
                    42,
                    1
                  ],
                  "uv_size": [
                    40,
                    0
                  ]
                }
              }
            },
            {
              "origin": [
                -157.08109,
                0,
                37.93461
              ],
              "size": [
                80,
                80,
                0
              ],
              "pivot": [
                -117.08109,
                40,
                37.93461
              ],
              "rotation": [
                0,
                -72,
                0
              ],
              "uv": {
                "east": {
                  "uv": [
                    41,
                    1
                  ],
                  "uv_size": [
                    0,
                    40
                  ]
                },
                "south": {
                  "uv": [
                    80,
                    40
                  ],
                  "uv_size": [
                    -40,
                    40
                  ]
                },
                "west": {
                  "uv": [
                    41.5,
                    1
                  ],
                  "uv_size": [
                    0,
                    40
                  ]
                },
                "up": {
                  "uv": [
                    41,
                    41.5
                  ],
                  "uv_size": [
                    40,
                    0
                  ]
                },
                "down": {
                  "uv": [
                    42,
                    1
                  ],
                  "uv_size": [
                    40,
                    0
                  ]
                }
              }
            },
            {
              "origin": [
                -40,
                0,
                123
              ],
              "size": [
                80,
                80,
                0
              ],
              "uv": {
                "east": {
                  "uv": [
                    41,
                    1
                  ],
                  "uv_size": [
                    0,
                    40
                  ]
                },
                "south": {
                  "uv": [
                    40,
                    0
                  ],
                  "uv_size": [
                    -40,
                    40
                  ]
                },
                "west": {
                  "uv": [
                    41.5,
                    1
                  ],
                  "uv_size": [
                    0,
                    40
                  ]
                },
                "up": {
                  "uv": [
                    41,
                    41.5
                  ],
                  "uv_size": [
                    40,
                    0
                  ]
                },
                "down": {
                  "uv": [
                    42,
                    1
                  ],
                  "uv_size": [
                    40,
                    0
                  ]
                }
              }
            }
          ]
        }
      ]
    }
  ]
}