{
  "format_version": "1.12.0",
  "minecraft:geometry": [
    {
      "description": {
        "identifier": "geometry.hive.sonic.sph.divider",
        "texture_width": 16,
        "texture_height": 16,
        "visible_bounds_width": 5,
        "visible_bounds_height": 6,
        "visible_bounds_offset": [
          0,
          1,
          0
        ]
      },
      "bones": [
        {
          "name": "root",
          "pivot": [
            0,
            0,
            0
          ]
        },
        {
          "name": "bone",
          "parent": "root",
          "pivot": [
            0,
            0,
            0
          ],
          "cubes": [
            {
              "origin": [
                -2,
                0,
                -2
              ],
              "size": [
                4,
                16,
                10
              ],
              "uv": {
                "north": {
                  "uv": [
                    12,
                    0
                  ],
                  "uv_size": [
                    4,
                    16
                  ]
                },
                "east": {
                  "uv": [
                    0,
                    0
                  ],
                  "uv_size": [
                    10,
                    16
                  ]
                },
                "south": {
                  "uv": [
                    12,
                    0
                  ],
                  "uv_size": [
                    4,
                    16
                  ]
                },
                "west": {
                  "uv": [
                    10,
                    0
                  ],
                  "uv_size": [
                    -10,
                    16
                  ]
                },
                "up": {
                  "uv": [
                    12,
                    0
                  ],
                  "uv_size": [
                    4,
                    1
                  ]
                },
                "down": {
                  "uv": [
                    12,
                    16
                  ],
                  "uv_size": [
                    4,
                    -1
                  ]
                }
              }
            }
          ]
        }
      ]
    }
  ]
}