{
  "minecraft:geometry": [
    {
      "description": {
        "identifier": "geometry.hive.sonic.sph.metal_pole.vertical",
        "texture_width": 24,
        "texture_height": 24,
        "visible_bounds_width": 2,
        "visible_bounds_height": 3,
        "visible_bounds_offset": [
          0,
          0.5,
          0
        ]
      },
      "bones": [
        {
          "name": "root",
          "pivot": [
            0,
            0,
            0
          ],
          "cubes": [
            {
              "origin": [
                -4,
                0,
                -4
              ],
              "size": [
                8,
                16,
                8
              ],
              "uv": {
                "north": {
                  "uv": [
                    0,
                    0
                  ],
                  "uv_size": [
                    8,
                    16
                  ]
                },
                "east": {
                  "uv": [
                    0,
                    0
                  ],
                  "uv_size": [
                    8,
                    16
                  ]
                },
                "south": {
                  "uv": [
                    0,
                    0
                  ],
                  "uv_size": [
                    8,
                    16
                  ]
                },
                "west": {
                  "uv": [
                    0,
                    0
                  ],
                  "uv_size": [
                    8,
                    16
                  ]
                },
                "up": {
                  "uv": [
                    24,
                    8
                  ],
                  "uv_size": [
                    -8,
                    -8
                  ]
                },
                "down": {
                  "uv": [
                    24,
                    8
                  ],
                  "uv_size": [
                    -8,
                    -8
                  ]
                }
              }
            }
          ]
        }
      ]
    }
  ],
  "format_version": "1.12.0"
}