{
  "minecraft:geometry": [
    {
      "description": {
        "identifier": "geometry.hive.sonic.generic.button.activated",
        "texture_width": 128,
        "texture_height": 128,
        "visible_bounds_width": 3,
        "visible_bounds_height": 2,
        "visible_bounds_offset": [
          0,
          0,
          0
        ]
      },
      "bones": [
        {
          "name": "plate",
          "pivot": [
            0,
            0,
            0
          ],
          "cubes": [
            {
              "origin": [
                -11,
                0,
                -11
              ],
              "size": [
                22,
                2,
                22
              ],
              "uv": [
                0,
                21
              ]
            },
            {
              "origin": [
                -8,
                0,
                -8
              ],
              "size": [
                16,
                4,
                16
              ],
              "uv": [
                0,
                54
              ]
            },
            {
              "origin": [
                -16.31371,
                0,
                -2.5
              ],
              "size": [
                5,
                3,
                5
              ],
              "pivot": [
                0,
                0,
                0
              ],
              "rotation": [
                0,
                -45,
                0
              ],
              "uv": [
                0,
                45
              ]
            },
            {
              "origin": [
                -16.31371,
                0,
                -2.5
              ],
              "size": [
                5,
                3,
                5
              ],
              "pivot": [
                0,
                0,
                0
              ],
              "rotation": [
                0,
                45,
                0
              ],
              "uv": [
                0,
                45
              ]
            },
            {
              "origin": [
                11.31371,
                0,
                -2.5
              ],
              "size": [
                5,
                3,
                5
              ],
              "pivot": [
                0,
                0,
                0
              ],
              "rotation": [
                0,
                45,
                0
              ],
              "uv": [
                0,
                45
              ],
              "mirror": true
            },
            {
              "origin": [
                11.31371,
                0,
                -2.5
              ],
              "size": [
                5,
                3,
                5
              ],
              "pivot": [
                0,
                0,
                0
              ],
              "rotation": [
                0,
                -45,
                0
              ],
              "uv": [
                0,
                45
              ],
              "mirror": true
            }
          ]
        }
      ]
    }
  ],
  "format_version": "1.12.0"
}