{
  "format_version": "1.8.0",
  "animations": {
    "animation.hive.sonic.balloons.idle": {
      "loop": true,
      "animation_length": 4,
      "bones": {
        "root": {
          "position": {
            "0.0": [
              0,
              0,
              0
            ],
            "0.56": [
              0,
              0.16,
              0
            ],
            "1.52": [
              0,
              0.83,
              0
            ],
            "1.81": [
              0,
              0.92,
              0
            ],
            "2.06": [
              0,
              0.95,
              0
            ],
            "2.33": [
              0,
              0.925,
              0
            ],
            "2.64": [
              0,
              0.78,
              0
            ],
            "3.6": [
              0,
              0.13,
              0
            ],
            "4.0": [
              0,
              0,
              0
            ]
          },
          "scale": 1
        },
        "ballonRed": {
          "rotation": {
            "0.0": [
              0,
              0,
              0
            ],
            "1.46": [
              -2.5,
              0,
              0
            ],
            "4.0": [
              0,
              0,
              0
            ]
          },
          "position": {
            "0.0": [
              0,
              0,
              0
            ],
            "0.38": [
              0,
              0.05,
              0
            ],
            "1.69": [
              0,
              0.87,
              0
            ],
            "2.29": [
              0,
              1,
              0
            ],
            "2.65": [
              0,
              0.92,
              0
            ],
            "3.64": [
              0,
              0.08,
              0
            ],
            "4.0": [
              0,
              0,
              0
            ]
          }
        },
        "balloonGreen": {
          "rotation": {
            "0.0": [
              0,
              0,
              -0.87
            ],
            "0.28": [
              0,
              0,
              -0.205
            ],
            "0.56": [
              0,
              0,
              0.235
            ],
            "0.74": [
              0,
              0,
              0.235
            ],
            "0.86": [
              0,
              0,
              0.095
            ],
            "1.02": [
              0,
              0,
              -0.45
            ],
            "2.29": [
              0,
              0,
              -4.66
            ],
            "2.52": [
              0,
              0,
              -5
            ],
            "2.81": [
              0,
              0,
              -5.1
            ],
            "2.99": [
              0,
              0,
              -4.92
            ],
            "4.0": [
              0,
              0,
              -0.87
            ]
          },
          "position": {
            "0.0": [
              0,
              0,
              0
            ],
            "2.11": [
              0,
              0.125,
              0
            ],
            "4.0": [
              0,
              0,
              0
            ]
          }
        },
        "balloonBlue": {
          "rotation": {
            "0.0": [
              0,
              0,
              0
            ],
            "0.31": [
              0.2,
              0,
              -0.425
            ],
            "0.8": [
              1.22,
              0,
              -1.74
            ],
            "1.05": [
              1.5,
              0,
              -1.925
            ],
            "1.28": [
              1.25,
              0,
              -1.795
            ],
            "2.3": [
              0.54,
              0,
              -0.405
            ],
            "2.91": [
              0.07,
              0,
              0.68
            ],
            "3.35": [
              0,
              0,
              0.825
            ],
            "4.0": [
              0,
              0,
              0
            ]
          }
        }
      }
    },
    "animation.hive.sonic.balloons.idleSwayMod": {
      "loop": true,
      "animation_length": 5.8,
      "bones": {
        "root": {
          "rotation": {
            "0.0": [
              0,
              0,
              -2.25
            ],
            "0.24": [
              0,
              0,
              -2.075
            ],
            "0.59": [
              0,
              0,
              -1.49
            ],
            "1.75": [
              0,
              0,
              1.425
            ],
            "2.14": [
              0,
              0,
              2.125
            ],
            "2.74": [
              0,
              0,
              2.375
            ],
            "3.37": [
              0,
              0,
              2.14
            ],
            "3.75": [
              0,
              0,
              1.585
            ],
            "4.82": [
              0,
              0,
              -1.655
            ],
            "5.05": [
              0,
              0,
              -1.96
            ],
            "5.46": [
              0,
              0,
              -2.125
            ],
            "5.8": [
              0,
              0,
              -2.25
            ]
          }
        }
      }
    },
    "animation.hive.sonic.balloons.bounceBurst1": {
      "loop": "hold_on_last_frame",
      "animation_length": 0.81,
      "bones": {
        "root": {
          "scale": {
            "0.0": [
              1,
              1,
              1
            ],
            "0.01": [
              1,
              0.9875,
              1
            ],
            "0.03": [
              1,
              0.9,
              1
            ],
            "0.05": [
              1,
              1.0333,
              1
            ],
            "0.07": [
              1,
              1.0778,
              1
            ],
            "0.13": [
              1,
              1.0963,
              1
            ],
            "0.17": [
              1,
              1.1,
              1
            ],
            "0.19": [
              1,
              1.0821,
              1
            ],
            "0.27": [
              1,
              0.96,
              1
            ],
            "0.37": [
              1,
              0.9943,
              1
            ],
            "0.41": [
              1,
              1,
              1
            ],
            "0.44": [
              1,
              0.9989,
              1
            ],
            "0.53": [
              1,
              0.9873,
              1
            ],
            "0.59": [
              1,
              0.9857,
              1
            ],
            "0.64": [
              1,
              0.9874,
              1
            ],
            "0.74": [
              1,
              0.9987,
              1
            ],
            "0.81": [
              1,
              1,
              1
            ]
          }
        },
        "ballonRed": {
          "scale": {
            "0.21": [
              1,
              1,
              1
            ],
            "0.24": [
              1,
              1.1,
              1
            ],
            "0.26": [
              1,
              0.5,
              1
            ],
            "0.28": [
              1.1,
              1,
              1
            ],
            "0.31": [
              1.66,
              1.5422,
              1.48
            ],
            "0.34": [
              1.8,
              1.6778,
              1.6
            ],
            "0.37": [
              1.58,
              1.4778,
              0.64
            ],
            "0.39": [
              0,
              1.1778,
              0
            ]
          }
        },
        "balloonGreen": {
          "scale": {
            "0.0": [
              1,
              1,
              1
            ],
            "0.02": [
              1,
              1.1,
              1
            ],
            "0.04": [
              1,
              0.5,
              1
            ],
            "0.08": [
              1.1,
              1,
              1
            ],
            "0.11": [
              1.625,
              1.2084,
              1.45
            ],
            "0.15": [
              1.8,
              1.2778,
              1.6
            ],
            "0.18": [
              1.58,
              1.2778,
              0.64
            ],
            "0.21": [
              0,
              1.2778,
              0
            ]
          }
        },
        "balloonBlue": {
          "scale": {
            "0.15": [
              1,
              1,
              1
            ],
            "0.17": [
              1,
              1.1,
              1
            ],
            "0.19": [
              1,
              0.5,
              1
            ],
            "0.21": [
              1.1,
              1,
              1
            ],
            "0.23": [
              1.8,
              1.6778,
              1.6
            ],
            "0.24": [
              1.58,
              1.5778,
              0.64
            ],
            "0.26": [
              0,
              1.2778,
              0
            ]
          }
        }
      }
    },
    "animation.hive.sonic.balloons.bounceBurst2": {
      "loop": "hold_on_last_frame",
      "animation_length": 0.81,
      "bones": {
        "root": {
          "scale": {
            "0.0": [
              1,
              1,
              1
            ],
            "0.01": [
              1,
              0.9875,
              1
            ],
            "0.03": [
              1,
              0.9,
              1
            ],
            "0.05": [
              1,
              1.0333,
              1
            ],
            "0.07": [
              1,
              1.0778,
              1
            ],
            "0.13": [
              1,
              1.0963,
              1
            ],
            "0.17": [
              1,
              1.1,
              1
            ],
            "0.19": [
              1,
              1.0821,
              1
            ],
            "0.27": [
              1,
              0.96,
              1
            ],
            "0.37": [
              1,
              0.9943,
              1
            ],
            "0.41": [
              1,
              1,
              1
            ],
            "0.44": [
              1,
              0.9989,
              1
            ],
            "0.53": [
              1,
              0.9873,
              1
            ],
            "0.59": [
              1,
              0.9857,
              1
            ],
            "0.64": [
              1,
              0.9874,
              1
            ],
            "0.74": [
              1,
              0.9987,
              1
            ],
            "0.81": [
              1,
              1,
              1
            ]
          }
        },
        "ballonRed": {
          "scale": {
            "0.0": [
              1,
              1,
              1
            ],
            "0.02": [
              1,
              1.1,
              1
            ],
            "0.04": [
              1,
              0.5,
              1
            ],
            "0.08": [
              1.1,
              1,
              1
            ],
            "0.12": [
              1.8,
              1.2778,
              1.6
            ],
            "0.15": [
              1.58,
              1.2778,
              0.64
            ],
            "0.18": [
              0,
              1.2778,
              0
            ]
          }
        },
        "balloonGreen": {
          "scale": {
            "0.27": [
              1,
              1,
              1
            ],
            "0.29": [
              1,
              1.1,
              1
            ],
            "0.31": [
              1,
              0.5,
              1
            ],
            "0.33": [
              1.1,
              1,
              1
            ],
            "0.36": [
              1.8,
              1.6778,
              1.6
            ],
            "0.39": [
              1.58,
              1.4778,
              0.64
            ],
            "0.41": [
              0,
              1.1778,
              0
            ]
          }
        },
        "balloonBlue": {
          "scale": {
            "0.16": [
              1,
              1,
              1
            ],
            "0.18": [
              1,
              1.1,
              1
            ],
            "0.2": [
              1,
              0.5,
              1
            ],
            "0.22": [
              1.1,
              1,
              1
            ],
            "0.24": [
              1.8,
              1.6778,
              1.6
            ],
            "0.25": [
              1.58,
              1.5778,
              0.64
            ],
            "0.27": [
              0,
              1.2778,
              0
            ]
          }
        }
      }
    },
    "animation.hive.sonic.balloons.bounceBurst3": {
      "loop": "hold_on_last_frame",
      "animation_length": 0.81,
      "bones": {
        "root": {
          "scale": {
            "0.0": [
              1,
              1,
              1
            ],
            "0.01": [
              1,
              0.9875,
              1
            ],
            "0.03": [
              1,
              0.9,
              1
            ],
            "0.05": [
              1,
              1.0333,
              1
            ],
            "0.07": [
              1,
              1.0778,
              1
            ],
            "0.13": [
              1,
              1.0963,
              1
            ],
            "0.17": [
              1,
              1.1,
              1
            ],
            "0.19": [
              1,
              1.0821,
              1
            ],
            "0.27": [
              1,
              0.96,
              1
            ],
            "0.37": [
              1,
              0.9943,
              1
            ],
            "0.41": [
              1,
              1,
              1
            ],
            "0.44": [
              1,
              0.9989,
              1
            ],
            "0.53": [
              1,
              0.9873,
              1
            ],
            "0.59": [
              1,
              0.9857,
              1
            ],
            "0.64": [
              1,
              0.9874,
              1
            ],
            "0.74": [
              1,
              0.9987,
              1
            ],
            "0.81": [
              1,
              1,
              1
            ]
          }
        },
        "ballonRed": {
          "scale": {
            "0.0": [
              1,
              1,
              1
            ],
            "0.02": [
              1,
              1.1,
              1
            ],
            "0.04": [
              1,
              0.5,
              1
            ],
            "0.08": [
              1.1,
              1,
              1
            ],
            "0.12": [
              1.8,
              1.2778,
              1.6
            ],
            "0.15": [
              1.58,
              1.2778,
              0.64
            ],
            "0.18": [
              0,
              1.2778,
              0
            ]
          }
        },
        "balloonGreen": {
          "scale": {
            "0.16": [
              1,
              1,
              1
            ],
            "0.18": [
              1,
              1.1,
              1
            ],
            "0.2": [
              1,
              0.5,
              1
            ],
            "0.22": [
              1.1,
              1,
              1
            ],
            "0.25": [
              1.8,
              1.6778,
              1.6
            ],
            "0.28": [
              1.58,
              1.4778,
              0.64
            ],
            "0.3": [
              0,
              1.1778,
              0
            ]
          }
        },
        "balloonBlue": {
          "scale": {
            "0.26": [
              1,
              1,
              1
            ],
            "0.28": [
              1,
              1.1,
              1
            ],
            "0.3": [
              1,
              0.5,
              1
            ],
            "0.32": [
              1.1,
              1,
              1
            ],
            "0.34": [
              1.8,
              1.6778,
              1.6
            ],
            "0.35": [
              1.58,
              1.5778,
              0.64
            ],
            "0.37": [
              0,
              1.2778,
              0
            ]
          }
        }
      }
    },
    "animation.hive.sonic.balloons.burstSpawn": {
      "loop": "hold_on_last_frame",
      "bones": {
        "root": {
          "scale": [
            0,
            0,
            0
          ]
        }
      }
    },
    "animation.hive.sonic.balloons.respawn1": {
      "loop": "hold_on_last_frame",
      "animation_length": 0.48,
      "bones": {
        "ballonRed": {
          "position": {
            "0.16": [
              0,
              -7,
              0
            ],
            "0.19": [
              0,
              -5.76,
              0
            ],
            "0.24": [
              0,
              -1.23,
              0
            ],
            "0.33": [
              0,
              0,
              0
            ],
            "0.4": [
              0,
              -0.44,
              0
            ],
            "0.48": [
              0,
              0,
              0
            ]
          },
          "scale": {
            "0.0": [
              0,
              0,
              0
            ],
            "0.16": [
              0.1,
              0.1,
              0.1
            ],
            "0.2": [
              0.1254,
              0.2254,
              0.1254
            ],
            "0.28": [
              1,
              1,
              1
            ],
            "0.3": [
              1,
              1.07,
              1
            ],
            "0.33": [
              1,
              1.094,
              1
            ],
            "0.35": [
              1,
              1.1,
              1
            ],
            "0.37": [
              1,
              1.072,
              1
            ],
            "0.4": [
              1,
              0.96,
              1
            ],
            "0.44": [
              1,
              0.992,
              1
            ],
            "0.48": [
              1,
              1,
              1
            ]
          }
        },
        "balloonGreen": {
          "position": {
            "0.0": [
              0,
              0,
              0
            ],
            "0.08": [
              0,
              -7,
              0
            ],
            "0.11": [
              0,
              -5.76,
              0
            ],
            "0.16": [
              0,
              -1.23,
              0
            ],
            "0.25": [
              0,
              0,
              0
            ],
            "0.32": [
              0,
              -0.44,
              0
            ],
            "0.4": [
              0,
              0,
              0
            ]
          },
          "scale": {
            "0.0": [
              0,
              0,
              0
            ],
            "0.08": [
              0.1,
              0.1,
              0.1
            ],
            "0.12": [
              0.1254,
              0.2254,
              0.1254
            ],
            "0.2": [
              1,
              1,
              1
            ],
            "0.22": [
              1,
              1.07,
              1
            ],
            "0.25": [
              1,
              1.094,
              1
            ],
            "0.27": [
              1,
              1.1,
              1
            ],
            "0.29": [
              1,
              1.072,
              1
            ],
            "0.32": [
              1,
              0.96,
              1
            ],
            "0.36": [
              1,
              0.992,
              1
            ],
            "0.4": [
              1,
              1,
              1
            ]
          }
        },
        "balloonBlue": {
          "position": {
            "0.0": [
              0,
              -7,
              0
            ],
            "0.03": [
              0,
              -5.76,
              0
            ],
            "0.08": [
              0,
              -1.23,
              0
            ],
            "0.17": [
              0,
              0,
              0
            ],
            "0.24": [
              0,
              -0.44,
              0
            ],
            "0.32": [
              0,
              0,
              0
            ]
          },
          "scale": {
            "0.00": [
              0.0,
              0.0,
              0.0
            ],
            "0.01": [
              0.1,
              0.1,
              0.1
            ],
            "0.04": [
              0.1254,
              0.2254,
              0.1254
            ],
            "0.12": [
              1,
              1,
              1
            ],
            "0.14": [
              1,
              1.07,
              1
            ],
            "0.17": [
              1,
              1.094,
              1
            ],
            "0.19": [
              1,
              1.1,
              1
            ],
            "0.21": [
              1,
              1.072,
              1
            ],
            "0.24": [
              1,
              0.96,
              1
            ],
            "0.28": [
              1,
              0.992,
              1
            ],
            "0.32": [
              1,
              1,
              1
            ]
          }
        }
      }
    },
    "animation.hive.sonic.balloons.respawn2": {
      "loop": "hold_on_last_frame",
      "animation_length": 0.57,
      "bones": {
        "ballonRed": {
          "position": {
            "0.12": [
              0,
              -7,
              0
            ],
            "0.15": [
              0,
              -5.76,
              0
            ],
            "0.2": [
              0,
              -1.23,
              0
            ],
            "0.29": [
              0,
              0,
              0
            ],
            "0.36": [
              0,
              -0.44,
              0
            ],
            "0.44": [
              0,
              0,
              0
            ]
          },
          "scale": {
            "0.0": [
              0.0,
              0.0,
              0.0
            ],
            "0.12": [
              0.1,
              0.1,
              0.1
            ],
            "0.16": [
              0.1254,
              0.2254,
              0.1254
            ],
            "0.24": [
              1,
              1,
              1
            ],
            "0.26": [
              1,
              1.07,
              1
            ],
            "0.29": [
              1,
              1.094,
              1
            ],
            "0.31": [
              1,
              1.1,
              1
            ],
            "0.33": [
              1,
              1.072,
              1
            ],
            "0.36": [
              1,
              0.96,
              1
            ],
            "0.4": [
              1,
              0.992,
              1
            ],
            "0.44": [
              1,
              1,
              1
            ]
          }
        },
        "balloonGreen": {
          "position": {
            "0.0": [
              0,
              -7,
              0
            ],
            "0.03": [
              0,
              -5.76,
              0
            ],
            "0.08": [
              0,
              -1.23,
              0
            ],
            "0.17": [
              0,
              0,
              0
            ],
            "0.24": [
              0,
              -0.44,
              0
            ],
            "0.32": [
              0,
              0,
              0
            ]
          },
          "scale": {
            "0.0": [
              0.0,
              0.0,
              0.0
            ],
            "0.04": [
              0.1254,
              0.2254,
              0.1254
            ],
            "0.12": [
              1,
              1,
              1
            ],
            "0.14": [
              1,
              1.07,
              1
            ],
            "0.17": [
              1,
              1.094,
              1
            ],
            "0.19": [
              1,
              1.1,
              1
            ],
            "0.21": [
              1,
              1.072,
              1
            ],
            "0.24": [
              1,
              0.96,
              1
            ],
            "0.28": [
              1,
              0.992,
              1
            ],
            "0.32": [
              1,
              1,
              1
            ]
          }
        },
        "balloonBlue": {
          "position": {
            "0.25": [
              0,
              -7,
              0
            ],
            "0.28": [
              0,
              -5.76,
              0
            ],
            "0.33": [
              0,
              -1.23,
              0
            ],
            "0.42": [
              0,
              0,
              0
            ],
            "0.49": [
              0,
              -0.44,
              0
            ],
            "0.57": [
              0,
              0,
              0
            ]
          },
          "scale": {
            "0.0": [
              0.0,
              0.0,
              0.0
            ],
            "0.25": [
              0.1,
              0.1,
              0.1
            ],
            "0.29": [
              0.1254,
              0.2254,
              0.1254
            ],
            "0.37": [
              1,
              1,
              1
            ],
            "0.39": [
              1,
              1.07,
              1
            ],
            "0.42": [
              1,
              1.094,
              1
            ],
            "0.44": [
              1,
              1.1,
              1
            ],
            "0.46": [
              1,
              1.072,
              1
            ],
            "0.49": [
              1,
              0.96,
              1
            ],
            "0.53": [
              1,
              0.992,
              1
            ],
            "0.57": [
              1,
              1,
              1
            ]
          }
        }
      }
    }
  }
}