{
  "format_version": "1.8.0",
  "animations": {
    "animation.hive.sonic.checkpoint.width": {
      "loop": true,
      "bones": {
        "right": {
          "position": [
            "0 - (((((query.variant \u003e 0) ? query.variant : 3) - 3) * 16) / 2)",
            0,
            0
          ]
        },
        "left": {
          "position": [
            "0 + (((((query.variant \u003e 0) ? query.variant : 3) - 3) * 16) / 2)",
            0,
            0
          ]
        },
        "beam": {
          "scale": [
            "query.variant \u003e 0 ? (query.variant / 3) : 1",
            1,
            1
          ]
        }
      }
    },
    "animation.hive.sonic.checkpoint.toggle": {
      "loop": "hold_on_last_frame",
      "animation_length": 0.88,
      "bones": {
        "right": {
          "scale": {
            "0.08": [
              1,
              1,
              1
            ],
            "0.12": [
              1,
              0.9833,
              1
            ],
            "0.16": [
              1,
              0.95,
              1
            ],
            "0.24": [
              1,
              1,
              1
            ]
          }
        },
        "rightSpinner": {
          "rotation": {
            "0.0": [
              0,
              0,
              0
            ],
            "0.08": [
              0,
              0,
              0.38
            ],
            "0.12": [
              0,
              0,
              0.75
            ],
            "0.16": [
              0,
              0,
              -21.75
            ],
            "0.2": [
              0,
              0,
              -76.75
            ],
            "0.24": [
              0,
              0,
              -92.5
            ],
            "0.4": [
              0,
              0,
              -90.83
            ],
            "0.6": [
              0,
              0,
              -90
            ]
          },
          "scale": {
            "0.12": [
              1,
              1,
              1
            ],
            "0.16": [
              1,
              2.7,
              1
            ],
            "0.2": [
              1,
              2,
              1
            ],
            "0.24": [
              1,
              1,
              1
            ]
          }
        },
        "left": {
          "scale": {
            "0.08": [
              1,
              1,
              1
            ],
            "0.12": [
              1,
              0.9833,
              1
            ],
            "0.16": [
              1,
              0.95,
              1
            ],
            "0.24": [
              1,
              1,
              1
            ]
          }
        },
        "leftSpinner": {
          "rotation": {
            "0.0": [
              0,
              0,
              0
            ],
            "0.08": [
              0,
              0,
              -0.38
            ],
            "0.12": [
              0,
              0,
              -0.75
            ],
            "0.16": [
              0,
              0,
              21.75
            ],
            "0.2": [
              0,
              0,
              76.75
            ],
            "0.24": [
              0,
              0,
              92.5
            ],
            "0.4": [
              0,
              0,
              90.83
            ],
            "0.6": [
              0,
              0,
              90
            ]
          },
          "scale": {
            "0.12": [
              1,
              1,
              1
            ],
            "0.16": [
              1,
              2.7,
              1
            ],
            "0.2": [
              1,
              2,
              1
            ],
            "0.24": [
              1,
              1,
              1
            ]
          }
        }
      }
    },
    "animation.hive.sonic.checkpoint.opened": {
      "loop": "hold_on_last_frame",
      "bones": {
        "rightSpinner": {
          "rotation": [
            0,
            0,
            -90
          ]
        },
        "leftSpinner": {
          "rotation": [
            0,
            0,
            90
          ]
        }
      }
    }
  }
}