{
  "format_version": "1.8.0",
  "animations": {
    "animation.hive.sonic.platform.disappearing.spawn": {
      "loop": "hold_on_last_frame",
      "animation_length": 0.76,
      "bones": {
        "bottomPivot": {
          "scale": {
            "0.0": [
              0,
              0,
              0
            ],
            "0.08": [
              0.1053,
              0.1053,
              0.1053
            ],
            "0.16": [
              0.4035,
              0.4035,
              0.4035
            ],
            "0.2": [
              1,
              1,
              1
            ],
            "0.28": [
              1.018,
              1.018,
              1.018
            ],
            "0.36": [
              1.03,
              1.03,
              1.03
            ],
            "0.52": [
              0.99,
              0.99,
              0.99
            ],
            "0.68": [
              1,
              1,
              1
            ]
          }
        }
      }
    },
    "animation.hive.sonic.platform.disappearing.shake": {
      "loop": true,
      "animation_length": 0.12,
      "bones": {
        "bottomPivot": {
          "rotation": {
            "0.0": [
              0,
              0,
              0
            ],
            "0.04": [
              0,
              0,
              -0.75
            ],
            "0.08": [
              -1.75,
              0,
              0.625
            ],
            "0.12": [
              0,
              0,
              -0.75
            ]
          }
        }
      }
    },
    "animation.hive.sonic.platform.disappearing.fall": {
      "loop": "hold_on_last_frame",
      "animation_length": 0.4,
      "bones": {
        "root": {
          "position": {
            "0.0": [
              0,
              0,
              0
            ],
            "0.04": [
              0,
              -0.79,
              0
            ],
            "0.08": [
              0,
              -1.98,
              0
            ],
            "0.24": [
              0,
              -14.26,
              0
            ],
            "0.4": [
              0,
              -29,
              0
            ]
          }
        },
        "bottomPivot": {
          "rotation": {
            "0.0": [
              0,
              0,
              0
            ],
            "0.08": [
              0,
              0,
              0
            ],
            "0.4": [
              0,
              0,
              -10
            ]
          },
          "scale": {
            "0.08": [
              1,
              1,
              1
            ],
            "0.2": [
              0.8333,
              0.8333,
              0.8333
            ],
            "0.4": [
              0,
              0,
              0
            ]
          }
        }
      }
    }
  }
}