{
  "format_version": "1.8.0",
  "animations": {
    "animation.hive.sonic.platform.timed.waiting": {
      "loop": "hold_on_last_frame",
      "animation_length": 1,
      "bones": {
        "bone": {
          "scale": {
            "0.0": [
              0,
              0,
              0
            ]
          }
        }
      }
    },
    "animation.hive.sonic.platform.timed.spawn": {
      "loop": "hold_on_last_frame",
      "animation_length": 0.76,
      "bones": {
        "bone": {
          "scale": {
            "0.0": [
              0,
              0,
              0
            ],
            "0.08": [
              0.1053,
              0.1053,
              0.1053
            ],
            "0.16": [
              0.4035,
              0.4035,
              0.4035
            ],
            "0.2": [
              1,
              1,
              1
            ],
            "0.28": [
              1.018,
              1.018,
              1.018
            ],
            "0.36": [
              1.03,
              1.03,
              1.03
            ],
            "0.52": [
              0.99,
              0.99,
              0.99
            ],
            "0.68": [
              1,
              1,
              1
            ]
          }
        }
      }
    },
    "animation.hive.sonic.platform.timed.despawn": {
      "loop": "hold_on_last_frame",
      "animation_length": 0.84,
      "bones": {
        "bone": {
          "scale": {
            "0.0": [
              1,
              1,
              1
            ],
            "0.08": [
              1.0133,
              1.0133,
              1.0133
            ],
            "0.16": [
              1.02,
              1.02,
              1.02
            ],
            "0.28": [
              0.9857,
              0.9857,
              0.9857
            ],
            "0.4": [
              0.9,
              0.9,
              0.9
            ],
            "0.56": [
              0,
              0,
              0
            ]
          }
        }
      }
    },
    "animation.hive.sonic.platform.timed.statechange": {
      "animation_length": 0.48,
      "bones": {
        "bone": {
          "position": {
            "0.0": [
              0,
              0,
              0
            ],
            "0.08": [
              0,
              -1,
              0
            ],
            "0.12": [
              0,
              -0.5,
              0
            ],
            "0.2": [
              0,
              -0.17,
              0
            ],
            "0.32": [
              0,
              0,
              0
            ]
          },
          "scale": {
            "0.0": [
              1,
              1,
              1
            ],
            "0.08": [
              1.1,
              0.9,
              1
            ],
            "0.12": [
              1.03,
              0.95,
              1
            ],
            "0.2": [
              1,
              0.9833,
              1
            ],
            "0.32": [
              1,
              1,
              1
            ]
          }
        }
      }
    }
  }
}