{
  "format_version": "1.8.0",
  "animations": {
    "animation.hive.sonic.platform.moving.idle.tilt": {
      "loop": true,
      "animation_length": 1.81,
      "bones": {
        "bottomPivot": {
          "rotation": {
            "0.0": [
              0,
              0,
              -1.2
            ],
            "0.07": [
              0,
              0,
              -1.1
            ],
            "0.13": [
              0.025,
              0,
              -0.95
            ],
            "0.41": [
              0.2,
              0,
              0.725
            ],
            "0.76": [
              0.45,
              0,
              1.2
            ],
            "0.88": [
              0.475,
              0,
              1.2
            ],
            "1.17": [
              0.375,
              0,
              0.85
            ],
            "1.63": [
              0.08,
              0,
              -0.95
            ],
            "1.71": [
              0.025,
              0,
              -1.1
            ],
            "1.8": [
              0,
              0,
              -1.2
            ]
          }
        }
      }
    },
    "animation.hive.sonic.platform.moving.idle.vibrate": {
      "loop": true,
      "animation_length": 2.88,
      "bones": {
        "bottomPivot": {
          "rotation": {
            "0.0": [
              -0.25,
              0,
              0.225
            ],
            "0.16": [
              0.32,
              0,
              -0.22
            ],
            "0.32": [
              -0.25,
              0,
              0.225
            ],
            "0.48": [
              0.32,
              0,
              -0.22
            ],
            "0.64": [
              -0.25,
              0,
              0.225
            ],
            "0.8": [
              0.32,
              0,
              -0.22
            ],
            "0.96": [
              -0.25,
              0,
              0.225
            ],
            "1.12": [
              0.32,
              0,
              -0.22
            ],
            "1.28": [
              -0.25,
              0,
              0.225
            ],
            "1.44": [
              0.32,
              0,
              -0.22
            ],
            "1.6": [
              -0.25,
              0,
              0.225
            ],
            "1.76": [
              0.32,
              0,
              -0.22
            ],
            "1.92": [
              -0.25,
              0,
              0.225
            ],
            "2.08": [
              0.32,
              0,
              -0.22
            ],
            "2.24": [
              -0.25,
              0,
              0.225
            ],
            "2.4": [
              0.32,
              0,
              -0.22
            ],
            "2.56": [
              -0.25,
              0,
              0.225
            ],
            "2.72": [
              0.32,
              0,
              -0.22
            ],
            "2.88": [
              -0.25,
              0,
              0.22
            ]
          }
        }
      }
    },
    "animation.hive.sonic.platform.moving.idle.bob": {
      "loop": true,
      "animation_length": 1.44,
      "bones": {
        "bottomPivot": {
          "position": {
            "0.0": [
              0,
              0,
              0
            ],
            "0.24": [
              0,
              -0.17,
              0
            ],
            "0.44": [
              0,
              -0.78,
              0
            ],
            "0.72": [
              0,
              -1,
              0
            ],
            "0.88": [
              0,
              -0.78,
              0
            ],
            "1.08": [
              0,
              -0.17,
              0
            ],
            "1.44": [
              0,
              0,
              0
            ]
          }
        }
      }
    },
    "animation.hive.sonic.platform.moving.land": {
      "animation_length": 1.16,
      "bones": {
        "bottomPivot": {
          "position": {
            "0.0": [
              0,
              0,
              0
            ],
            "0.04": [
              0,
              -0.25,
              0
            ],
            "0.08": [
              0,
              -2,
              0
            ],
            "0.16": [
              0,
              -0.5,
              0
            ],
            "0.24": [
              0,
              0.03,
              0
            ],
            "0.32": [
              0,
              0.125,
              0
            ],
            "0.44": [
              0,
              0.01,
              0
            ],
            "0.56": [
              0,
              -0.325,
              0
            ],
            "0.64": [
              0,
              -0.075,
              0
            ],
            "0.88": [
              0,
              -0.02,
              0
            ],
            "1.16": [
              0,
              0,
              0
            ]
          },
          "scale": {
            "0.04": [
              1,
              1,
              1
            ],
            "0.08": [
              1,
              1.05,
              1
            ],
            "0.12": [
              1,
              0.9,
              1
            ],
            "0.2": [
              1,
              1.03,
              1
            ],
            "0.32": [
              1,
              1,
              1
            ]
          }
        }
      }
    }
  }
}