{
  "format_version": "1.8.0",
  "animations": {
    "animation.hive.sonic.ring.spin": {
      "loop": true,
      "animation_length": 2,
      "bones": {
        "root": {
          "rotation": {
            "0.0": [
              0,
              0,
              0
            ],
            "2.0": [
              0,
              360,
              0
            ]
          }
        }
      }
    },
    "animation.hive.sonic.ring.waiting": {
      "loop": "hold_on_last_frame",
      "animation_length": 1,
      "bones": {
        "root": {
          "scale": {
            "0.0": [
              0,
              0,
              0
            ]
          }
        }
      }
    },
    "animation.hive.sonic.ring.spawn": {
      "animation_length": 0.64,
      "bones": {
        "root": {
          "rotation": {
            "0.0": [
              0,
              180,
              0
            ],
            "0.48": [
              0,
              360,
              0
            ]
          },
          "position": {
            "0.0": [
              0,
              -7,
              0
            ],
            "0.04": [
              0,
              -5.25,
              0
            ],
            "0.16": [
              0,
              6.25,
              0
            ],
            "0.24": [
              0,
              8,
              0
            ],
            "0.32": [
              0,
              7.86,
              0
            ],
            "0.4": [
              0,
              6.25,
              0
            ],
            "0.48": [
              0,
              -1,
              0
            ],
            "0.56": [
              0,
              -0.175,
              0
            ],
            "0.64": [
              0,
              0,
              0
            ]
          }
        },
        "ring": {
          "scale": {
            "0.0": [
              0,
              0,
              1
            ],
            "0.04": [
              0.75,
              1.05,
              1
            ],
            "0.08": [
              1,
              1.7,
              1
            ],
            "0.12": [
              1,
              1,
              1
            ],
            "0.16": [
              1,
              0.6,
              1
            ],
            "0.44": [
              1,
              1.2,
              1
            ],
            "0.48": [
              1,
              1,
              1
            ]
          }
        }
      }
    },
    "animation.hive.sonic.ring.despawn": {
      "loop": "hold_on_last_frame",
      "animation_length": 0.84,
      "bones": {
        "root": {
          "scale": {
            "0.0": [
              1,
              1,
              1
            ],
            "0.04": [
              0.9744,
              0.9744,
              0.9744
            ],
            "0.24": [
              0.6585,
              0.6585,
              0.6585
            ],
            "0.32": [
              0.439,
              0.439,
              0.439
            ],
            "0.4": [
              0,
              0,
              0
            ]
          }
        }
      }
    }
  }
}