{
  "format_version": "1.8.0",
  "animations": {
    "animation.hive.sonic.spikes.retract": {
      "loop": "hold_on_last_frame",
      "animation_length": 0.1667,
      "bones": {
        "spikes": {
          "position": {
            "0.0": [
              0,
              0,
              0
            ],
            "0.0833": [
              0,
              -0.17,
              0
            ],
            "0.125": [
              0,
              -0.93,
              0
            ],
            "0.1667": [
              0,
              -1.1,
              0
            ]
          },
          "scale": {
            "0.0": [
              1,
              1,
              1
            ],
            "0.0833": [
              1,
              0.8579,
              1
            ],
            "0.125": [
              1,
              0.2421,
              1
            ],
            "0.1667": [
              1,
              0.1,
              1
            ]
          }
        }
      }
    },
    "animation.hive.sonic.spikes.extend": {
      "loop": "hold_on_last_frame",
      "animation_length": 0.20833,
      "bones": {
        "spikes": {
          "position": {
            "0.0": [
              0,
              -1.1,
              0
            ],
            "0.0417": [
              0,
              -0.93,
              0
            ],
            "0.0833": [
              0,
              0,
              0
            ]
          },
          "scale": {
            "0.0": [
              1,
              0.1,
              1
            ],
            "0.0417": [
              1,
              0.2421,
              1
            ],
            "0.0833": [
              1,
              0.8579,
              1
            ],
            "0.125": [
              1,
              1.0597,
              1
            ],
            "0.1667": [
              1,
              1,
              1
            ]
          }
        }
      }
    },
    "animation.hive.sonic.spikes.retracted": {
      "loop": "hold_on_last_frame",
      "bones": {
        "spikes": {
          "position": [
            0,
            -1.1,
            0
          ],
          "scale": [
            1,
            0.1,
            1
          ]
        }
      }
    }
  }
}