{
  "format_version": "1.8.0",
  "animations": {
    "animation.hive.sonic.spring.bounce": {
      "animation_length": 0.64,
      "bones": {
        "top": {
          "rotation": {
            "0.0": [
              0,
              0,
              0
            ],
            "0.04": [
              10,
              0,
              0
            ],
            "0.36": [
              10,
              0,
              0
            ],
            "0.44": [
              -1.25,
              0,
              0
            ],
            "0.52": [
              -0.3,
              0,
              0
            ],
            "0.64": [
              0,
              0,
              0
            ]
          },
          "position": {
            "0.0": [
              0,
              0,
              0
            ],
            "0.04": [
              0,
              -0.5,
              0
            ],
            "0.08": [
              0,
              1.5,
              0
            ],
            "0.32": [
              0,
              1.5,
              0
            ],
            "0.44": [
              0,
              0,
              0
            ]
          },
          "scale": {
            "0.0": [
              1,
              1,
              1
            ],
            "0.04": [
              1,
              0.4,
              1
            ],
            "0.08": [
              1,
              2.6,
              1
            ],
            "0.12": [
              1,
              2.85,
              1
            ],
            "0.24": [
              1,
              2.9,
              1
            ],
            "0.32": [
              1,
              2.7828,
              1
            ],
            "0.36": [
              1,
              2.1552,
              1
            ],
            "0.4": [
              1,
              0.9,
              1
            ],
            "0.44": [
              1,
              1,
              1
            ],
            "0.52": [
              1,
              1.0667,
              1
            ],
            "0.64": [
              1,
              1,
              1
            ]
          }
        }
      },
      "sound_effects": {
        "0.0": {
          "effect": "spring"
        }
      }
    }
  }
}