{
  "format_version": "1.10.0",
  "animation_controllers": {
    "controller.animation.hive.sonic.event.eggmobile.idle": {
      "states": {
        "default": {
          "animations": [
            "idleSway",
            "idleLarge",
            "idleRockets",
            "modPosition",
            "modSize"
          ],
          "particle_effects": [
            {
              "effect": "exhaust",
              "locator": "leftbooster"
            },
            {
              "effect": "exhaust",
              "locator": "rightbooster"
            }
          ]
        }
      }
    },
    "controller.animation.hive.sonic.event.eggmobile.sit": {
      "states": {
        "default": {
          "animations": [
            "sitBase"
          ],
          "transitions": [
            {
              "sitLook1": "query.variant \u003d\u003d 1"
            },
            {
              "sitLook2": "query.variant \u003d\u003d 2"
            },
            {
              "sitLook3": "query.variant \u003d\u003d 3"
            },
            {
              "sitLook4": "query.variant \u003d\u003d 4"
            },
            {
              "sitLook5": "query.variant \u003d\u003d 5"
            },
            {
              "sitLook6": "query.variant \u003d\u003d 6"
            },
            {
              "sitHitBig1": "query.variant \u003d\u003d 7"
            },
            {
              "sitHitBig2": "query.variant \u003d\u003d 8"
            },
            {
              "sitHitSmall1": "query.variant \u003d\u003d 9"
            },
            {
              "sitHitSmall2": "query.variant \u003d\u003d 10"
            },
            {
              "sitGloat1": "query.variant \u003d\u003d 11"
            },
            {
              "sitGloat2": "query.variant \u003d\u003d 12"
            },
            {
              "sitFidget1": "query.variant \u003d\u003d 13"
            },
            {
              "sitEmp": "query.variant \u003d\u003d 14"
            }
          ]
        },
        "sitLook1": {
          "animations": [
            "sitLook1"
          ],
          "transitions": [
            {
              "default": "query.all_animations_finished"
            }
          ]
        },
        "sitLook2": {
          "animations": [
            "sitLook2"
          ],
          "transitions": [
            {
              "default": "query.all_animations_finished"
            }
          ]
        },
        "sitLook3": {
          "animations": [
            "sitLook3"
          ],
          "transitions": [
            {
              "default": "query.all_animations_finished"
            }
          ]
        },
        "sitLook4": {
          "animations": [
            "sitLook4"
          ],
          "transitions": [
            {
              "default": "query.all_animations_finished"
            }
          ]
        },
        "sitLook5": {
          "animations": [
            "sitLook5"
          ],
          "transitions": [
            {
              "default": "query.all_animations_finished"
            }
          ]
        },
        "sitLook6": {
          "animations": [
            "sitLook6"
          ],
          "transitions": [
            {
              "default": "query.all_animations_finished"
            }
          ]
        },
        "sitHitBig1": {
          "animations": [
            "sitHitBig1"
          ],
          "transitions": [
            {
              "default": "query.all_animations_finished"
            }
          ]
        },
        "sitHitBig2": {
          "animations": [
            "sitHitBig2"
          ],
          "transitions": [
            {
              "default": "query.all_animations_finished"
            }
          ]
        },
        "sitHitSmall1": {
          "animations": [
            "sitHitSmall1"
          ],
          "transitions": [
            {
              "default": "query.all_animations_finished"
            }
          ]
        },
        "sitHitSmall2": {
          "animations": [
            "sitHitSmall2"
          ],
          "transitions": [
            {
              "default": "query.all_animations_finished"
            }
          ]
        },
        "sitGloat1": {
          "animations": [
            "sitGloat1"
          ],
          "transitions": [
            {
              "default": "query.all_animations_finished"
            }
          ]
        },
        "sitGLoat2": {
          "animations": [
            "sitGloat2"
          ],
          "transitions": [
            {
              "default": "query.all_animations_finished"
            }
          ]
        },
        "sitFidget1": {
          "animations": [
            "sitFidget1"
          ],
          "transitions": [
            {
              "default": "query.all_animations_finished"
            }
          ]
        },
        "sitEmp": {
          "animations": [
            "sitEmp"
          ],
          "transitions": [
            {
              "default": "query.all_animations_finished"
            }
          ]
        }
      }
    },
    "controller.animation.hive.sonic.event.eggmobile.face": {
      "states": {
        "default": {
          "transitions": [
            {
              "faceBlink": "query.mark_variant \u003d\u003d 1"
            },
            {
              "faceLookLeft": "query.mark_variant \u003d\u003d 2"
            },
            {
              "faceLookRight": "query.mark_variant \u003d\u003d 3"
            },
            {
              "faceTalk": "query.mark_variant \u003d\u003d 4"
            },
            {
              "faceVoiceBurn": "query.mark_variant \u003d\u003d 5"
            },
            {
              "faceVoiceFlatten": "query.mark_variant \u003d\u003d 6"
            },
            {
              "faceVoiceCatch": "query.mark_variant \u003d\u003d 7"
            },
            {
              "faceVoiceRightHere": "query.mark_variant \u003d\u003d 8"
            },
            {
              "faceVoicePace": "query.mark_variant \u003d\u003d 9"
            },
            {
              "faceVoiceMoreThanThat": "query.mark_variant \u003d\u003d 10"
            },
            {
              "faceVoiceLaugh": "query.mark_variant \u003d\u003d 11"
            },
            {
              "faceVoiceGrr": "query.mark_variant \u003d\u003d 12"
            }
          ]
        },
        "faceBlink": {
          "animations": [
            "faceBlink"
          ],
          "transitions": [
            {
              "default": "query.all_animations_finished"
            }
          ]
        },
        "faceLookLeft": {
          "animations": [
            "faceLookLeft"
          ],
          "transitions": [
            {
              "default": "query.all_animations_finished"
            }
          ]
        },
        "faceLookRight": {
          "animations": [
            "faceLookRight"
          ],
          "transitions": [
            {
              "default": "query.all_animations_finished"
            }
          ]
        },
        "faceTalk": {
          "animations": [
            "faceTalk"
          ],
          "transitions": [
            {
              "default": "query.all_animations_finished"
            }
          ]
        },
        "faceVoiceBurn": {
          "animations": [
            "faceVoiceBurn"
          ],
          "transitions": [
            {
              "default": "query.all_animations_finished"
            }
          ]
        },
        "faceVoiceFlatten": {
          "animations": [
            "faceVoiceFlatten"
          ],
          "transitions": [
            {
              "default": "query.all_animations_finished"
            }
          ]
        },
        "faceVoiceCatch": {
          "animations": [
            "faceVoiceCatch"
          ],
          "transitions": [
            {
              "default": "query.all_animations_finished"
            }
          ]
        },
        "faceVoiceRightHere": {
          "animations": [
            "faceVoiceRightHere"
          ],
          "transitions": [
            {
              "default": "query.all_animations_finished"
            }
          ]
        },
        "faceVoicePace": {
          "animations": [
            "faceVoicePace"
          ],
          "transitions": [
            {
              "default": "query.all_animations_finished"
            }
          ]
        },
        "faceVoiceMoreThanThat": {
          "animations": [
            "faceVoiceMoreThanThat"
          ],
          "transitions": [
            {
              "default": "query.all_animations_finished"
            }
          ]
        },
        "faceVoiceLaugh": {
          "animations": [
            "faceVoiceLaugh"
          ],
          "transitions": [
            {
              "default": "query.all_animations_finished"
            }
          ]
        },
        "faceVoiceGrr": {
          "animations": [
            "faceVoiceGrr"
          ],
          "transitions": [
            {
              "default": "query.all_animations_finished"
            }
          ]
        }
      }
    },
    "controller.animation.hive.sonic.event.eggmobile.gun": {
      "states": {
        "default": {
          "transitions": [
            {
              "gunRevealed": "query.is_tamed"
            },
            {
              "gunHidden": "!query.is_tamed"
            }
          ]
        },
        "gunRevealed": {
          "animations": [
            "gunRevealed"
          ],
          "transitions": [
            {
              "gunHidden": "!query.is_tamed"
            }
          ]
        },
        "gunHidden": {
          "animations": [
            "gunHidden"
          ],
          "transitions": [
            {
              "gunReveal": "query.is_tamed"
            }
          ]
        },
        "gunReveal": {
          "animations": [
            "gunReveal"
          ],
          "transitions": [
            {
              "gunRevealed": "query.all_animations_finished"
            }
          ]
        }
      }
    }
  }
}