{
  "format_version": "1.10.0",
  "animation_controllers": {
    "controller.animation.hive.sonic.event.hatch.orientation": {
      "states": {
        "default": {
          "animations": [
            "orientation"
          ]
        }
      }
    },
    "controller.animation.hive.sonic.event.hatch": {
      "states": {
        "default": {
          "transitions": [
            {
              "waiting": "!query.is_tamed"
            },
            {
              "opened": "query.is_tamed"
            }
          ]
        },
        "waiting": {
          "transitions": [
            {
              "open": "query.is_tamed"
            }
          ]
        },
        "open": {
          "animations": [
            "open"
          ],
          "transitions": [
            {
              "opened": "query.all_animations_finished"
            }
          ]
        },
        "opened": {
          "animations": [
            "opened"
          ]
        }
      }
    }
  }
}