{
  "format_version": "1.10.0",
  "animation_controllers": {
    "controller.animation.hive.sonic.event.mailbot.idle": {
      "states": {
        "default": {
          "transitions": [
            {
              "spaceIdle": "query.mark_variant \u003d\u003d 1"
            }
          ],
          "blend_transition": 0.3
        },
        "spaceIdle": {
          "animations": [
            "spaceIdle"
          ],
          "transitions": [
            {
              "default": "query.mark_variant \u003d\u003d 0"
            }
          ],
          "blend_transition": 0.3
        }
      }
    },
    "controller.animation.hive.sonic.event.mailbot.misc": {
      "states": {
        "default": {
          "transitions": [
            {
              "faceBlink": "query.skin_id \u003d\u003d 1"
            },
            {
              "faceLookLeft": "query.skin_id \u003d\u003d 2"
            },
            {
              "faceEyeFidget": "query.skin_id \u003d\u003d 3"
            }
          ]
        },
        "faceBlink": {
          "animations": [
            "faceBlink"
          ],
          "transitions": [
            {
              "default": "query.all_animations_finished"
            }
          ]
        },
        "faceLookLeft": {
          "animations": [
            "faceLookLeft"
          ],
          "transitions": [
            {
              "default": "query.all_animations_finished"
            }
          ]
        },
        "faceEyeFidget": {
          "animations": [
            "faceEyeFidget"
          ],
          "transitions": [
            {
              "default": "query.all_animations_finished"
            }
          ]
        }
      }
    },
    "controller.animation.hive.sonic.event.mailbot.main": {
      "states": {
        "default": {
          "transitions": [
            {
              "waiting": "query.variant \u003d\u003d 0"
            },
            {
              "awakeHold": "query.variant \u003d\u003d 1"
            },
            {
              "scheduleHold": "query.variant \u003d\u003d 2"
            },
            {
              "whyAreYouHold": "query.variant \u003d\u003d 3"
            },
            {
              "turnHold": "query.variant \u003d\u003d 4"
            },
            {
              "notSureHold": "query.variant \u003d\u003d 5"
            },
            {
              "whileYouHold": "query.variant \u003d\u003d 6"
            },
            {
              "overrideHold": "query.variant \u003d\u003d 7"
            },
            {
              "portalSuckHold": "query.variant \u003d\u003d 8"
            }
          ]
        },
        "waiting": {
          "animations": [
            "static"
          ],
          "transitions": [
            {
              "awake": "query.variant \u003d\u003d 1"
            }
          ]
        },
        "awake": {
          "animations": [
            "awake"
          ],
          "transitions": [
            {
              "awakeHold": "query.all_animations_finished"
            }
          ]
        },
        "awakeHold": {
          "animations": [
            "awakeHold"
          ],
          "transitions": [
            {
              "schedule": "query.variant \u003d\u003d 2"
            }
          ]
        },
        "schedule": {
          "animations": [
            "schedule"
          ],
          "transitions": [
            {
              "scheduleHold": "query.all_animations_finished"
            }
          ]
        },
        "scheduleHold": {
          "animations": [
            "scheduleHold"
          ],
          "transitions": [
            {
              "whyAreYou": "query.variant \u003d\u003d 3"
            }
          ]
        },
        "whyAreYou": {
          "animations": [
            "whyAreYou"
          ],
          "transitions": [
            {
              "whyAreYouHold": "query.all_animations_finished"
            }
          ]
        },
        "whyAreYouHold": {
          "animations": [
            "whyAreYouHold"
          ],
          "transitions": [
            {
              "turn": "query.variant \u003d\u003d 4"
            }
          ]
        },
        "turn": {
          "animations": [
            "turn"
          ],
          "transitions": [
            {
              "turnHold": "query.all_animations_finished"
            }
          ]
        },
        "turnHold": {
          "animations": [
            "turnHold"
          ],
          "transitions": [
            {
              "notSure": "query.variant \u003d\u003d 5"
            }
          ]
        },
        "notSure": {
          "animations": [
            "notSure"
          ],
          "transitions": [
            {
              "notSureHold": "query.all_animations_finished"
            }
          ]
        },
        "notSureHold": {
          "animations": [
            "notSureHold"
          ],
          "transitions": [
            {
              "whileYou": "query.variant \u003d\u003d 6"
            }
          ]
        },
        "whileYou": {
          "animations": [
            "whileYou"
          ],
          "transitions": [
            {
              "whileYouHold": "query.all_animations_finished"
            }
          ]
        },
        "whileYouHold": {
          "animations": [
            "whileYouHold"
          ],
          "transitions": [
            {
              "override": "query.variant \u003d\u003d 7"
            }
          ]
        },
        "override": {
          "animations": [
            "override"
          ],
          "transitions": [
            {
              "overrideHold": "query.all_animations_finished"
            }
          ]
        },
        "overrideHold": {
          "animations": [
            "overrideHold"
          ],
          "transitions": [
            {
              "portalSuck": "query.variant \u003d\u003d 8"
            }
          ]
        },
        "portalSuck": {
          "animations": [
            "portalSuck"
          ],
          "transitions": [
            {
              "portalSuckHold": "query.all_animations_finished"
            }
          ]
        },
        "portalSuckHold": {
          "animations": [
            "portalSuckHold"
          ],
          "transitions": []
        }
      }
    }
  }
}