{
  "format_version": "1.12.0",
  "minecraft:geometry": [
    {
      "description": {
        "identifier": "geometry.hive.sonic.rr.chair",
        "texture_width": 64,
        "texture_height": 64,
        "visible_bounds_width": 5,
        "visible_bounds_height": 6,
        "visible_bounds_offset": [
          0,
          1,
          0
        ]
      },
      "bones": [
        {
          "name": "root",
          "pivot": [
            0,
            0,
            0
          ]
        },
        {
          "name": "chair",
          "parent": "root",
          "pivot": [
            -1,
            0,
            -27
          ],
          "cubes": [
            {
              "origin": [
                -7,
                9,
                -7
              ],
              "size": [
                14,
                3,
                14
              ],
              "uv": {
                "north": {
                  "uv": [
                    30,
                    0
                  ],
                  "uv_size": [
                    14,
                    3
                  ]
                },
                "east": {
                  "uv": [
                    44,
                    4
                  ],
                  "uv_size": [
                    -14,
                    3
                  ]
                },
                "south": {
                  "uv": [
                    30,
                    8
                  ],
                  "uv_size": [
                    14,
                    3
                  ]
                },
                "west": {
                  "uv": [
                    30,
                    4
                  ],
                  "uv_size": [
                    14,
                    3
                  ]
                },
                "up": {
                  "uv": [
                    15,
                    29
                  ],
                  "uv_size": [
                    14,
                    -14
                  ]
                },
                "down": {
                  "uv": [
                    0,
                    29
                  ],
                  "uv_size": [
                    14,
                    -14
                  ]
                }
              }
            }
          ]
        },
        {
          "name": "bone",
          "parent": "chair",
          "pivot": [
            25,
            10,
            -21
          ],
          "cubes": [
            {
              "origin": [
                -7,
                11,
                5
              ],
              "size": [
                14,
                14,
                2
              ],
              "pivot": [
                -7,
                11,
                7
              ],
              "rotation": [
                -10,
                0,
                0
              ],
              "uv": {
                "north": {
                  "uv": [
                    0,
                    0
                  ],
                  "uv_size": [
                    14,
                    14
                  ]
                },
                "east": {
                  "uv": [
                    30,
                    12
                  ],
                  "uv_size": [
                    2,
                    14
                  ]
                },
                "south": {
                  "uv": [
                    15,
                    0
                  ],
                  "uv_size": [
                    14,
                    14
                  ]
                },
                "west": {
                  "uv": [
                    32,
                    12
                  ],
                  "uv_size": [
                    -2,
                    14
                  ]
                },
                "up": {
                  "uv": [
                    32,
                    32
                  ],
                  "uv_size": [
                    -14,
                    -2
                  ]
                }
              }
            }
          ]
        },
        {
          "name": "legs",
          "parent": "bone",
          "pivot": [
            21,
            9,
            -22
          ],
          "cubes": [
            {
              "origin": [
                4.98,
                0,
                -6
              ],
              "size": [
                2,
                11,
                2
              ],
              "pivot": [
                6,
                9,
                -5
              ],
              "rotation": [
                -10,
                0,
                0
              ],
              "uv": {
                "north": {
                  "uv": [
                    23,
                    33
                  ],
                  "uv_size": [
                    -2,
                    11
                  ]
                },
                "east": {
                  "uv": [
                    18,
                    33
                  ],
                  "uv_size": [
                    2,
                    11
                  ]
                },
                "south": {
                  "uv": [
                    21,
                    33
                  ],
                  "uv_size": [
                    2,
                    11
                  ]
                },
                "west": {
                  "uv": [
                    24,
                    33
                  ],
                  "uv_size": [
                    2,
                    11
                  ]
                },
                "up": {
                  "uv": [
                    30,
                    27
                  ],
                  "uv_size": [
                    2,
                    2
                  ]
                },
                "down": {
                  "uv": [
                    33,
                    26
                  ],
                  "uv_size": [
                    2,
                    -2
                  ]
                }
              }
            },
            {
              "origin": [
                -6.98,
                0,
                -6
              ],
              "size": [
                2,
                11,
                2
              ],
              "pivot": [
                -6,
                9,
                -5
              ],
              "rotation": [
                -10,
                0,
                0
              ],
              "uv": {
                "north": {
                  "uv": [
                    21,
                    33
                  ],
                  "uv_size": [
                    2,
                    11
                  ]
                },
                "east": {
                  "uv": [
                    26,
                    33
                  ],
                  "uv_size": [
                    -2,
                    11
                  ]
                },
                "south": {
                  "uv": [
                    23,
                    33
                  ],
                  "uv_size": [
                    -2,
                    11
                  ]
                },
                "west": {
                  "uv": [
                    20,
                    33
                  ],
                  "uv_size": [
                    -2,
                    11
                  ]
                },
                "up": {
                  "uv": [
                    32,
                    27
                  ],
                  "uv_size": [
                    -2,
                    2
                  ]
                },
                "down": {
                  "uv": [
                    35,
                    26
                  ],
                  "uv_size": [
                    -2,
                    -2
                  ]
                }
              }
            },
            {
              "origin": [
                4.98,
                0,
                4
              ],
              "size": [
                2,
                11,
                2
              ],
              "pivot": [
                6,
                9,
                5
              ],
              "rotation": [
                10,
                0,
                0
              ],
              "uv": {
                "north": {
                  "uv": [
                    23,
                    33
                  ],
                  "uv_size": [
                    -2,
                    11
                  ]
                },
                "east": {
                  "uv": [
                    20,
                    33
                  ],
                  "uv_size": [
                    -2,
                    11
                  ]
                },
                "south": {
                  "uv": [
                    21,
                    33
                  ],
                  "uv_size": [
                    2,
                    11
                  ]
                },
                "west": {
                  "uv": [
                    26,
                    33
                  ],
                  "uv_size": [
                    -2,
                    11
                  ]
                },
                "up": {
                  "uv": [
                    30,
                    29
                  ],
                  "uv_size": [
                    2,
                    -2
                  ]
                },
                "down": {
                  "uv": [
                    33,
                    24
                  ],
                  "uv_size": [
                    2,
                    2
                  ]
                }
              }
            },
            {
              "origin": [
                -6.98,
                0,
                4
              ],
              "size": [
                2,
                11,
                2
              ],
              "pivot": [
                -6,
                9,
                5
              ],
              "rotation": [
                10,
                0,
                0
              ],
              "uv": {
                "north": {
                  "uv": [
                    21,
                    33
                  ],
                  "uv_size": [
                    2,
                    11
                  ]
                },
                "east": {
                  "uv": [
                    24,
                    33
                  ],
                  "uv_size": [
                    2,
                    11
                  ]
                },
                "south": {
                  "uv": [
                    23,
                    33
                  ],
                  "uv_size": [
                    -2,
                    11
                  ]
                },
                "west": {
                  "uv": [
                    18,
                    33
                  ],
                  "uv_size": [
                    2,
                    11
                  ]
                },
                "up": {
                  "uv": [
                    32,
                    29
                  ],
                  "uv_size": [
                    -2,
                    -2
                  ]
                },
                "down": {
                  "uv": [
                    35,
                    24
                  ],
                  "uv_size": [
                    -2,
                    2
                  ]
                }
              }
            }
          ]
        }
      ]
    }
  ]
}