{
  "minecraft:geometry": [
    {
      "description": {
        "identifier": "geometry.hive.sonic.rr.platform.moving",
        "texture_width": 64,
        "texture_height": 64,
        "visible_bounds_width": 5,
        "visible_bounds_height": 6,
        "visible_bounds_offset": [
          0,
          1,
          0
        ]
      },
      "bones": [
        {
          "name": "root",
          "pivot": [
            0,
            19,
            0
          ]
        },
        {
          "name": "bottomPivot",
          "parent": "root",
          "pivot": [
            0,
            1,
            0
          ],
          "cubes": [
            {
              "origin": [
                -24,
                9,
                -24
              ],
              "size": [
                24,
                10,
                24
              ],
              "uv": {
                "north": {
                  "uv": [
                    64,
                    54
                  ],
                  "uv_size": [
                    -24,
                    10
                  ]
                },
                "east": {
                  "uv": [
                    40,
                    54
                  ],
                  "uv_size": [
                    24,
                    10
                  ]
                },
                "up": {
                  "uv": [
                    0,
                    24
                  ],
                  "uv_size": [
                    24,
                    -24
                  ]
                },
                "down": {
                  "uv": [
                    0,
                    25
                  ],
                  "uv_size": [
                    24,
                    24
                  ]
                }
              }
            },
            {
              "origin": [
                0,
                9,
                -24
              ],
              "size": [
                24,
                10,
                24
              ],
              "uv": {
                "north": {
                  "uv": [
                    40,
                    54
                  ],
                  "uv_size": [
                    24,
                    10
                  ]
                },
                "west": {
                  "uv": [
                    64,
                    54
                  ],
                  "uv_size": [
                    -24,
                    10
                  ]
                },
                "up": {
                  "uv": [
                    54,
                    24
                  ],
                  "uv_size": [
                    -24,
                    -24
                  ]
                },
                "down": {
                  "uv": [
                    24,
                    25
                  ],
                  "uv_size": [
                    -24,
                    24
                  ]
                }
              }
            },
            {
              "origin": [
                -24,
                9,
                0
              ],
              "size": [
                24,
                10,
                24
              ],
              "uv": {
                "east": {
                  "uv": [
                    64,
                    54
                  ],
                  "uv_size": [
                    -24,
                    10
                  ]
                },
                "south": {
                  "uv": [
                    40,
                    54
                  ],
                  "uv_size": [
                    24,
                    10
                  ]
                },
                "up": {
                  "uv": [
                    30,
                    0
                  ],
                  "uv_size": [
                    24,
                    24
                  ]
                },
                "down": {
                  "uv": [
                    0,
                    49
                  ],
                  "uv_size": [
                    24,
                    -24
                  ]
                }
              }
            },
            {
              "origin": [
                0,
                9,
                0
              ],
              "size": [
                24,
                10,
                24
              ],
              "uv": {
                "south": {
                  "uv": [
                    64,
                    54
                  ],
                  "uv_size": [
                    -24,
                    10
                  ]
                },
                "west": {
                  "uv": [
                    40,
                    54
                  ],
                  "uv_size": [
                    24,
                    10
                  ]
                },
                "up": {
                  "uv": [
                    24,
                    0
                  ],
                  "uv_size": [
                    -24,
                    24
                  ]
                },
                "down": {
                  "uv": [
                    24,
                    49
                  ],
                  "uv_size": [
                    -24,
                    -24
                  ]
                }
              }
            },
            {
              "origin": [
                -22,
                0,
                -8
              ],
              "size": [
                0,
                9,
                16
              ],
              "uv": {
                "north": {
                  "uv": [
                    0,
                    57
                  ],
                  "uv_size": [
                    34,
                    7
                  ]
                },
                "east": {
                  "uv": [
                    4,
                    49
                  ],
                  "uv_size": [
                    16,
                    9
                  ]
                },
                "south": {
                  "uv": [
                    0,
                    57
                  ],
                  "uv_size": [
                    34,
                    7
                  ]
                }
              }
            },
            {
              "origin": [
                22,
                0,
                -8
              ],
              "size": [
                0,
                9,
                16
              ],
              "uv": {
                "north": {
                  "uv": [
                    34,
                    57
                  ],
                  "uv_size": [
                    -34,
                    7
                  ]
                },
                "south": {
                  "uv": [
                    34,
                    57
                  ],
                  "uv_size": [
                    -34,
                    7
                  ]
                },
                "west": {
                  "uv": [
                    20,
                    49
                  ],
                  "uv_size": [
                    -16,
                    9
                  ]
                }
              }
            },
            {
              "origin": [
                -8,
                0,
                -22
              ],
              "size": [
                16,
                9,
                0
              ],
              "uv": {
                "north": {
                  "uv": [
                    4,
                    49
                  ],
                  "uv_size": [
                    16,
                    9
                  ]
                },
                "east": {
                  "uv": [
                    0,
                    57
                  ],
                  "uv_size": [
                    34,
                    7
                  ]
                },
                "west": {
                  "uv": [
                    0,
                    57
                  ],
                  "uv_size": [
                    34,
                    7
                  ]
                }
              }
            },
            {
              "origin": [
                -8,
                0,
                22
              ],
              "size": [
                16,
                9,
                0
              ],
              "uv": {
                "east": {
                  "uv": [
                    34,
                    57
                  ],
                  "uv_size": [
                    -34,
                    7
                  ]
                },
                "south": {
                  "uv": [
                    20,
                    49
                  ],
                  "uv_size": [
                    -16,
                    9
                  ]
                },
                "west": {
                  "uv": [
                    34,
                    57
                  ],
                  "uv_size": [
                    -34,
                    7
                  ]
                }
              }
            },
            {
              "origin": [
                11.47154,
                8.29871,
                -23
              ],
              "size": [
                10,
                6,
                3
              ],
              "pivot": [
                0,
                19,
                0
              ],
              "rotation": [
                0,
                0,
                16
              ],
              "uv": {
                "north": {
                  "uv": [
                    40,
                    47
                  ],
                  "uv_size": [
                    10,
                    6
                  ]
                },
                "south": {
                  "uv": [
                    50,
                    47
                  ],
                  "uv_size": [
                    -10,
                    6
                  ]
                },
                "down": {
                  "uv": [
                    44,
                    46
                  ],
                  "uv_size": [
                    10,
                    -3
                  ]
                }
              }
            },
            {
              "origin": [
                5,
                4,
                -24
              ],
              "size": [
                5,
                5,
                5
              ],
              "uv": {
                "north": {
                  "uv": [
                    25,
                    33
                  ],
                  "uv_size": [
                    5,
                    5
                  ]
                },
                "east": {
                  "uv": [
                    25,
                    28
                  ],
                  "uv_size": [
                    5,
                    5
                  ]
                },
                "south": {
                  "uv": [
                    30,
                    33
                  ],
                  "uv_size": [
                    -5,
                    5
                  ]
                },
                "west": {
                  "uv": [
                    30,
                    28
                  ],
                  "uv_size": [
                    -5,
                    5
                  ]
                },
                "down": {
                  "uv": [
                    35,
                    38
                  ],
                  "uv_size": [
                    -5,
                    -5
                  ]
                }
              }
            },
            {
              "origin": [
                19,
                4,
                -10
              ],
              "size": [
                5,
                5,
                5
              ],
              "uv": {
                "north": {
                  "uv": [
                    30,
                    28
                  ],
                  "uv_size": [
                    -5,
                    5
                  ]
                },
                "east": {
                  "uv": [
                    25,
                    33
                  ],
                  "uv_size": [
                    5,
                    5
                  ]
                },
                "south": {
                  "uv": [
                    25,
                    28
                  ],
                  "uv_size": [
                    5,
                    5
                  ]
                },
                "west": {
                  "uv": [
                    30,
                    33
                  ],
                  "uv_size": [
                    -5,
                    5
                  ]
                },
                "down": {
                  "uv": [
                    35,
                    38
                  ],
                  "uv_size": [
                    -5,
                    -5
                  ]
                }
              }
            },
            {
              "origin": [
                17,
                2,
                -24
              ],
              "size": [
                7,
                7,
                7
              ],
              "uv": {
                "north": {
                  "uv": [
                    24,
                    50
                  ],
                  "uv_size": [
                    7,
                    7
                  ]
                },
                "east": {
                  "uv": [
                    24,
                    43
                  ],
                  "uv_size": [
                    7,
                    7
                  ]
                },
                "south": {
                  "uv": [
                    24,
                    43
                  ],
                  "uv_size": [
                    7,
                    7
                  ]
                },
                "west": {
                  "uv": [
                    31,
                    50
                  ],
                  "uv_size": [
                    -7,
                    7
                  ]
                },
                "down": {
                  "uv": [
                    38,
                    57
                  ],
                  "uv_size": [
                    -7,
                    -7
                  ]
                }
              }
            },
            {
              "origin": [
                20,
                8.29871,
                -21.47154
              ],
              "size": [
                3,
                6,
                10
              ],
              "pivot": [
                0,
                19,
                0
              ],
              "rotation": [
                16,
                0,
                0
              ],
              "uv": {
                "east": {
                  "uv": [
                    40,
                    47
                  ],
                  "uv_size": [
                    10,
                    6
                  ]
                },
                "west": {
                  "uv": [
                    50,
                    47
                  ],
                  "uv_size": [
                    -10,
                    6
                  ]
                },
                "down": {
                  "uv": [
                    43,
                    46
                  ],
                  "uv_size": [
                    -3,
                    -10
                  ]
                }
              }
            },
            {
              "origin": [
                -23,
                8.29871,
                -21.47154
              ],
              "size": [
                3,
                6,
                10
              ],
              "pivot": [
                0,
                19,
                0
              ],
              "rotation": [
                16,
                0,
                0
              ],
              "uv": {
                "east": {
                  "uv": [
                    40,
                    47
                  ],
                  "uv_size": [
                    10,
                    6
                  ]
                },
                "west": {
                  "uv": [
                    50,
                    47
                  ],
                  "uv_size": [
                    -10,
                    6
                  ]
                },
                "down": {
                  "uv": [
                    40,
                    46
                  ],
                  "uv_size": [
                    3,
                    -10
                  ]
                }
              }
            },
            {
              "origin": [
                -21.47154,
                8.29871,
                -23
              ],
              "size": [
                10,
                6,
                3
              ],
              "pivot": [
                0,
                19,
                0
              ],
              "rotation": [
                0,
                0,
                -16
              ],
              "uv": {
                "north": {
                  "uv": [
                    50,
                    47
                  ],
                  "uv_size": [
                    -10,
                    6
                  ]
                },
                "south": {
                  "uv": [
                    40,
                    47
                  ],
                  "uv_size": [
                    10,
                    6
                  ]
                },
                "down": {
                  "uv": [
                    54,
                    43
                  ],
                  "uv_size": [
                    -10,
                    3
                  ]
                }
              }
            },
            {
              "origin": [
                -10,
                4,
                -24
              ],
              "size": [
                5,
                5,
                5
              ],
              "uv": {
                "north": {
                  "uv": [
                    30,
                    33
                  ],
                  "uv_size": [
                    -5,
                    5
                  ]
                },
                "east": {
                  "uv": [
                    25,
                    28
                  ],
                  "uv_size": [
                    5,
                    5
                  ]
                },
                "south": {
                  "uv": [
                    25,
                    33
                  ],
                  "uv_size": [
                    5,
                    5
                  ]
                },
                "west": {
                  "uv": [
                    30,
                    28
                  ],
                  "uv_size": [
                    -5,
                    5
                  ]
                },
                "down": {
                  "uv": [
                    30,
                    38
                  ],
                  "uv_size": [
                    5,
                    -5
                  ]
                }
              }
            },
            {
              "origin": [
                -24,
                4,
                -10
              ],
              "size": [
                5,
                5,
                5
              ],
              "uv": {
                "north": {
                  "uv": [
                    25,
                    28
                  ],
                  "uv_size": [
                    5,
                    5
                  ]
                },
                "east": {
                  "uv": [
                    25,
                    33
                  ],
                  "uv_size": [
                    5,
                    5
                  ]
                },
                "south": {
                  "uv": [
                    30,
                    28
                  ],
                  "uv_size": [
                    -5,
                    5
                  ]
                },
                "west": {
                  "uv": [
                    30,
                    33
                  ],
                  "uv_size": [
                    -5,
                    5
                  ]
                },
                "down": {
                  "uv": [
                    30,
                    38
                  ],
                  "uv_size": [
                    5,
                    -5
                  ]
                }
              }
            },
            {
              "origin": [
                -24,
                2,
                17
              ],
              "size": [
                7,
                7,
                7
              ],
              "uv": {
                "north": {
                  "uv": [
                    24,
                    43
                  ],
                  "uv_size": [
                    7,
                    7
                  ]
                },
                "east": {
                  "uv": [
                    31,
                    50
                  ],
                  "uv_size": [
                    -7,
                    7
                  ]
                },
                "south": {
                  "uv": [
                    24,
                    50
                  ],
                  "uv_size": [
                    7,
                    7
                  ]
                },
                "west": {
                  "uv": [
                    24,
                    43
                  ],
                  "uv_size": [
                    7,
                    7
                  ]
                },
                "down": {
                  "uv": [
                    31,
                    50
                  ],
                  "uv_size": [
                    7,
                    7
                  ]
                }
              }
            },
            {
              "origin": [
                17,
                2,
                17
              ],
              "size": [
                7,
                7,
                7
              ],
              "uv": {
                "north": {
                  "uv": [
                    31,
                    43
                  ],
                  "uv_size": [
                    -7,
                    7
                  ]
                },
                "east": {
                  "uv": [
                    31,
                    43
                  ],
                  "uv_size": [
                    -7,
                    7
                  ]
                },
                "south": {
                  "uv": [
                    31,
                    50
                  ],
                  "uv_size": [
                    -7,
                    7
                  ]
                },
                "west": {
                  "uv": [
                    24,
                    50
                  ],
                  "uv_size": [
                    7,
                    7
                  ]
                },
                "down": {
                  "uv": [
                    38,
                    50
                  ],
                  "uv_size": [
                    -7,
                    7
                  ]
                }
              }
            },
            {
              "origin": [
                19,
                4,
                5
              ],
              "size": [
                5,
                5,
                5
              ],
              "uv": {
                "north": {
                  "uv": [
                    30,
                    28
                  ],
                  "uv_size": [
                    -5,
                    5
                  ]
                },
                "east": {
                  "uv": [
                    30,
                    33
                  ],
                  "uv_size": [
                    -5,
                    5
                  ]
                },
                "south": {
                  "uv": [
                    25,
                    28
                  ],
                  "uv_size": [
                    5,
                    5
                  ]
                },
                "west": {
                  "uv": [
                    25,
                    33
                  ],
                  "uv_size": [
                    5,
                    5
                  ]
                },
                "down": {
                  "uv": [
                    35,
                    33
                  ],
                  "uv_size": [
                    -5,
                    5
                  ]
                }
              }
            },
            {
              "origin": [
                5,
                4,
                19
              ],
              "size": [
                5,
                5,
                5
              ],
              "uv": {
                "north": {
                  "uv": [
                    25,
                    33
                  ],
                  "uv_size": [
                    5,
                    5
                  ]
                },
                "east": {
                  "uv": [
                    30,
                    28
                  ],
                  "uv_size": [
                    -5,
                    5
                  ]
                },
                "south": {
                  "uv": [
                    30,
                    33
                  ],
                  "uv_size": [
                    -5,
                    5
                  ]
                },
                "west": {
                  "uv": [
                    25,
                    28
                  ],
                  "uv_size": [
                    5,
                    5
                  ]
                },
                "down": {
                  "uv": [
                    35,
                    33
                  ],
                  "uv_size": [
                    -5,
                    5
                  ]
                }
              }
            },
            {
              "origin": [
                11.47154,
                8.29871,
                20
              ],
              "size": [
                10,
                6,
                3
              ],
              "pivot": [
                0,
                19,
                0
              ],
              "rotation": [
                0,
                0,
                16
              ],
              "uv": {
                "north": {
                  "uv": [
                    40,
                    47
                  ],
                  "uv_size": [
                    10,
                    6
                  ]
                },
                "south": {
                  "uv": [
                    50,
                    47
                  ],
                  "uv_size": [
                    -10,
                    6
                  ]
                },
                "down": {
                  "uv": [
                    44,
                    46
                  ],
                  "uv_size": [
                    10,
                    -3
                  ]
                }
              }
            },
            {
              "origin": [
                20,
                8.29871,
                11.47154
              ],
              "size": [
                3,
                6,
                10
              ],
              "pivot": [
                0,
                19,
                0
              ],
              "rotation": [
                -16,
                0,
                0
              ],
              "uv": {
                "east": {
                  "uv": [
                    50,
                    47
                  ],
                  "uv_size": [
                    -10,
                    6
                  ]
                },
                "west": {
                  "uv": [
                    40,
                    47
                  ],
                  "uv_size": [
                    10,
                    6
                  ]
                },
                "down": {
                  "uv": [
                    43,
                    36
                  ],
                  "uv_size": [
                    -3,
                    10
                  ]
                }
              }
            },
            {
              "origin": [
                -24,
                4,
                5
              ],
              "size": [
                5,
                5,
                5
              ],
              "uv": {
                "north": {
                  "uv": [
                    25,
                    28
                  ],
                  "uv_size": [
                    5,
                    5
                  ]
                },
                "east": {
                  "uv": [
                    30,
                    33
                  ],
                  "uv_size": [
                    -5,
                    5
                  ]
                },
                "south": {
                  "uv": [
                    30,
                    28
                  ],
                  "uv_size": [
                    -5,
                    5
                  ]
                },
                "west": {
                  "uv": [
                    25,
                    33
                  ],
                  "uv_size": [
                    5,
                    5
                  ]
                },
                "down": {
                  "uv": [
                    30,
                    33
                  ],
                  "uv_size": [
                    5,
                    5
                  ]
                }
              }
            },
            {
              "origin": [
                -10,
                4,
                19
              ],
              "size": [
                5,
                5,
                5
              ],
              "uv": {
                "north": {
                  "uv": [
                    30,
                    33
                  ],
                  "uv_size": [
                    -5,
                    5
                  ]
                },
                "east": {
                  "uv": [
                    30,
                    28
                  ],
                  "uv_size": [
                    -5,
                    5
                  ]
                },
                "south": {
                  "uv": [
                    25,
                    33
                  ],
                  "uv_size": [
                    5,
                    5
                  ]
                },
                "west": {
                  "uv": [
                    25,
                    28
                  ],
                  "uv_size": [
                    5,
                    5
                  ]
                },
                "down": {
                  "uv": [
                    30,
                    33
                  ],
                  "uv_size": [
                    5,
                    5
                  ]
                }
              }
            },
            {
              "origin": [
                -21.47154,
                8.29871,
                20
              ],
              "size": [
                10,
                6,
                3
              ],
              "pivot": [
                0,
                19,
                0
              ],
              "rotation": [
                0,
                0,
                -16
              ],
              "uv": {
                "north": {
                  "uv": [
                    50,
                    47
                  ],
                  "uv_size": [
                    -10,
                    6
                  ]
                },
                "south": {
                  "uv": [
                    40,
                    47
                  ],
                  "uv_size": [
                    10,
                    6
                  ]
                },
                "down": {
                  "uv": [
                    54,
                    43
                  ],
                  "uv_size": [
                    -10,
                    3
                  ]
                }
              }
            },
            {
              "origin": [
                -23,
                8.29871,
                11.47154
              ],
              "size": [
                3,
                6,
                10
              ],
              "pivot": [
                0,
                19,
                0
              ],
              "rotation": [
                -16,
                0,
                0
              ],
              "uv": {
                "east": {
                  "uv": [
                    50,
                    47
                  ],
                  "uv_size": [
                    -10,
                    6
                  ]
                },
                "west": {
                  "uv": [
                    40,
                    47
                  ],
                  "uv_size": [
                    10,
                    6
                  ]
                },
                "down": {
                  "uv": [
                    40,
                    36
                  ],
                  "uv_size": [
                    3,
                    10
                  ]
                }
              }
            },
            {
              "origin": [
                -24,
                2,
                -24
              ],
              "size": [
                7,
                7,
                7
              ],
              "uv": {
                "north": {
                  "uv": [
                    31,
                    50
                  ],
                  "uv_size": [
                    -7,
                    7
                  ]
                },
                "east": {
                  "uv": [
                    24,
                    50
                  ],
                  "uv_size": [
                    7,
                    7
                  ]
                },
                "south": {
                  "uv": [
                    31,
                    43
                  ],
                  "uv_size": [
                    -7,
                    7
                  ]
                },
                "west": {
                  "uv": [
                    31,
                    43
                  ],
                  "uv_size": [
                    -7,
                    7
                  ]
                },
                "down": {
                  "uv": [
                    31,
                    57
                  ],
                  "uv_size": [
                    7,
                    -7
                  ]
                }
              }
            }
          ]
        }
      ]
    }
  ],
  "format_version": "1.12.0"
}