{
  "format_version": "1.12.0",
  "minecraft:geometry": [
    {
      "description": {
        "identifier": "geometry.hive.sonic.rr.table",
        "texture_width": 64,
        "texture_height": 64,
        "visible_bounds_width": 5,
        "visible_bounds_height": 6,
        "visible_bounds_offset": [
          0,
          1,
          0
        ]
      },
      "bones": [
        {
          "name": "root",
          "pivot": [
            0,
            0,
            0
          ],
          "cubes": [
            {
              "origin": [
                -16,
                15,
                -16
              ],
              "size": [
                32,
                3,
                32
              ],
              "uv": {
                "north": {
                  "uv": [
                    32,
                    6
                  ],
                  "uv_size": [
                    32,
                    3
                  ]
                },
                "east": {
                  "uv": [
                    32,
                    6
                  ],
                  "uv_size": [
                    32,
                    3
                  ]
                },
                "south": {
                  "uv": [
                    32,
                    6
                  ],
                  "uv_size": [
                    32,
                    3
                  ]
                },
                "west": {
                  "uv": [
                    32,
                    6
                  ],
                  "uv_size": [
                    32,
                    3
                  ]
                },
                "up": {
                  "uv": [
                    0,
                    0
                  ],
                  "uv_size": [
                    32,
                    32
                  ]
                },
                "down": {
                  "uv": [
                    36,
                    9
                  ],
                  "uv_size": [
                    1,
                    -1
                  ]
                }
              }
            },
            {
              "origin": [
                -2,
                1,
                -2
              ],
              "size": [
                4,
                14,
                4
              ],
              "uv": {
                "north": {
                  "uv": [
                    40,
                    11
                  ],
                  "uv_size": [
                    4,
                    14
                  ]
                },
                "east": {
                  "uv": [
                    40,
                    11
                  ],
                  "uv_size": [
                    4,
                    14
                  ]
                },
                "south": {
                  "uv": [
                    40,
                    11
                  ],
                  "uv_size": [
                    4,
                    14
                  ]
                },
                "west": {
                  "uv": [
                    40,
                    11
                  ],
                  "uv_size": [
                    4,
                    14
                  ]
                }
              }
            }
          ]
        },
        {
          "name": "feet",
          "parent": "root",
          "pivot": [
            -1,
            1.25,
            -1
          ],
          "cubes": [
            {
              "origin": [
                0,
                1.25,
                -8
              ],
              "size": [
                8,
                0,
                8
              ],
              "pivot": [
                1,
                1.25,
                -1
              ],
              "rotation": [
                5,
                0,
                5
              ],
              "uv": {
                "north": {
                  "uv": [
                    8,
                    0
                  ],
                  "uv_size": [
                    -8,
                    0
                  ]
                },
                "east": {
                  "uv": [
                    8,
                    0
                  ],
                  "uv_size": [
                    -8,
                    0
                  ]
                },
                "south": {
                  "uv": [
                    8,
                    0
                  ],
                  "uv_size": [
                    -8,
                    0
                  ]
                },
                "west": {
                  "uv": [
                    8,
                    0
                  ],
                  "uv_size": [
                    -8,
                    0
                  ]
                },
                "up": {
                  "uv": [
                    33,
                    37
                  ],
                  "uv_size": [
                    8,
                    -8
                  ]
                }
              }
            },
            {
              "origin": [
                0,
                1.25,
                0
              ],
              "size": [
                8,
                0,
                8
              ],
              "pivot": [
                1,
                1.25,
                1
              ],
              "rotation": [
                -5,
                0,
                5
              ],
              "uv": {
                "north": {
                  "uv": [
                    0,
                    0
                  ],
                  "uv_size": [
                    8,
                    0
                  ]
                },
                "east": {
                  "uv": [
                    0,
                    0
                  ],
                  "uv_size": [
                    8,
                    0
                  ]
                },
                "south": {
                  "uv": [
                    0,
                    0
                  ],
                  "uv_size": [
                    8,
                    0
                  ]
                },
                "west": {
                  "uv": [
                    0,
                    0
                  ],
                  "uv_size": [
                    8,
                    0
                  ]
                },
                "up": {
                  "uv": [
                    33,
                    29
                  ],
                  "uv_size": [
                    8,
                    8
                  ]
                }
              }
            },
            {
              "origin": [
                -8,
                1.25,
                0
              ],
              "size": [
                8,
                0,
                8
              ],
              "pivot": [
                -1,
                1.25,
                1
              ],
              "rotation": [
                -5,
                0,
                -5
              ],
              "uv": {
                "north": {
                  "uv": [
                    8,
                    0
                  ],
                  "uv_size": [
                    -8,
                    0
                  ]
                },
                "east": {
                  "uv": [
                    8,
                    0
                  ],
                  "uv_size": [
                    -8,
                    0
                  ]
                },
                "south": {
                  "uv": [
                    8,
                    0
                  ],
                  "uv_size": [
                    -8,
                    0
                  ]
                },
                "west": {
                  "uv": [
                    8,
                    0
                  ],
                  "uv_size": [
                    -8,
                    0
                  ]
                },
                "up": {
                  "uv": [
                    41,
                    29
                  ],
                  "uv_size": [
                    -8,
                    8
                  ]
                }
              }
            },
            {
              "origin": [
                -8,
                1.25,
                -8
              ],
              "size": [
                8,
                0,
                8
              ],
              "pivot": [
                -1,
                1.25,
                -1
              ],
              "rotation": [
                5,
                0,
                -5
              ],
              "uv": {
                "north": {
                  "uv": [
                    0,
                    0
                  ],
                  "uv_size": [
                    8,
                    0
                  ]
                },
                "east": {
                  "uv": [
                    0,
                    0
                  ],
                  "uv_size": [
                    8,
                    0
                  ]
                },
                "south": {
                  "uv": [
                    0,
                    0
                  ],
                  "uv_size": [
                    8,
                    0
                  ]
                },
                "west": {
                  "uv": [
                    0,
                    0
                  ],
                  "uv_size": [
                    8,
                    0
                  ]
                },
                "up": {
                  "uv": [
                    41,
                    37
                  ],
                  "uv_size": [
                    -8,
                    -8
                  ]
                }
              }
            }
          ]
        }
      ]
    }
  ]
}