{
  "format_version": "1.12.0",
  "minecraft:geometry": [
    {
      "description": {
        "identifier": "geometry.hive.sonic.rr.umbrella",
        "texture_width": 128,
        "texture_height": 128,
        "visible_bounds_width": 5,
        "visible_bounds_height": 6,
        "visible_bounds_offset": [
          0,
          1,
          0
        ]
      },
      "bones": [
        {
          "name": "root",
          "pivot": [
            0,
            0,
            0
          ]
        },
        {
          "name": "bone",
          "parent": "root",
          "pivot": [
            0,
            0,
            0
          ],
          "cubes": [
            {
              "origin": [
                -2,
                3,
                -2
              ],
              "size": [
                4,
                9,
                4
              ],
              "uv": {
                "north": {
                  "uv": [
                    74,
                    76
                  ],
                  "uv_size": [
                    4,
                    9
                  ]
                },
                "east": {
                  "uv": [
                    74,
                    76
                  ],
                  "uv_size": [
                    4,
                    9
                  ]
                },
                "south": {
                  "uv": [
                    74,
                    76
                  ],
                  "uv_size": [
                    4,
                    9
                  ]
                },
                "west": {
                  "uv": [
                    74,
                    76
                  ],
                  "uv_size": [
                    4,
                    9
                  ]
                },
                "up": {
                  "uv": [
                    76,
                    64
                  ],
                  "uv_size": [
                    4,
                    4
                  ]
                }
              }
            },
            {
              "origin": [
                -6,
                0,
                -6
              ],
              "size": [
                12,
                3,
                12
              ],
              "uv": {
                "north": {
                  "uv": [
                    69,
                    43
                  ],
                  "uv_size": [
                    12,
                    3
                  ]
                },
                "east": {
                  "uv": [
                    69,
                    43
                  ],
                  "uv_size": [
                    12,
                    3
                  ]
                },
                "south": {
                  "uv": [
                    69,
                    43
                  ],
                  "uv_size": [
                    12,
                    3
                  ]
                },
                "west": {
                  "uv": [
                    69,
                    43
                  ],
                  "uv_size": [
                    12,
                    3
                  ]
                },
                "up": {
                  "uv": [
                    38,
                    70
                  ],
                  "uv_size": [
                    12,
                    12
                  ]
                },
                "down": {
                  "uv": [
                    50,
                    82
                  ],
                  "uv_size": [
                    12,
                    -12
                  ]
                }
              }
            }
          ]
        },
        {
          "name": "bone4",
          "parent": "bone",
          "pivot": [
            0,
            12,
            0
          ],
          "cubes": [
            {
              "origin": [
                -1,
                12,
                -1
              ],
              "size": [
                2,
                42,
                2
              ],
              "uv": {
                "north": {
                  "uv": [
                    64,
                    70
                  ],
                  "uv_size": [
                    -2,
                    42
                  ]
                },
                "east": {
                  "uv": [
                    62,
                    70
                  ],
                  "uv_size": [
                    2,
                    42
                  ]
                },
                "south": {
                  "uv": [
                    64,
                    70
                  ],
                  "uv_size": [
                    -2,
                    42
                  ]
                },
                "west": {
                  "uv": [
                    62,
                    70
                  ],
                  "uv_size": [
                    2,
                    42
                  ]
                }
              }
            }
          ]
        },
        {
          "name": "bone5",
          "parent": "bone4",
          "pivot": [
            0,
            39,
            0
          ],
          "cubes": [
            {
              "origin": [
                0,
                43,
                0
              ],
              "size": [
                23,
                0,
                23
              ],
              "uv": {
                "north": {
                  "uv": [
                    0,
                    0
                  ],
                  "uv_size": [
                    24,
                    0
                  ]
                },
                "east": {
                  "uv": [
                    0,
                    0
                  ],
                  "uv_size": [
                    23,
                    0
                  ]
                },
                "south": {
                  "uv": [
                    0,
                    56
                  ],
                  "uv_size": [
                    24,
                    0
                  ]
                },
                "west": {
                  "uv": [
                    0,
                    0
                  ],
                  "uv_size": [
                    23,
                    0
                  ]
                },
                "up": {
                  "uv": [
                    23,
                    94
                  ],
                  "uv_size": [
                    -23,
                    -23
                  ]
                }
              }
            },
            {
              "origin": [
                -23,
                43,
                0
              ],
              "size": [
                23,
                0,
                23
              ],
              "uv": {
                "north": {
                  "uv": [
                    24,
                    0
                  ],
                  "uv_size": [
                    -24,
                    0
                  ]
                },
                "east": {
                  "uv": [
                    23,
                    0
                  ],
                  "uv_size": [
                    -23,
                    0
                  ]
                },
                "south": {
                  "uv": [
                    24,
                    56
                  ],
                  "uv_size": [
                    -24,
                    0
                  ]
                },
                "west": {
                  "uv": [
                    23,
                    0
                  ],
                  "uv_size": [
                    -23,
                    0
                  ]
                },
                "up": {
                  "uv": [
                    0,
                    94
                  ],
                  "uv_size": [
                    23,
                    -23
                  ]
                }
              }
            },
            {
              "origin": [
                -23,
                43,
                -23
              ],
              "size": [
                23,
                0,
                23
              ],
              "uv": {
                "north": {
                  "uv": [
                    0,
                    56
                  ],
                  "uv_size": [
                    24,
                    0
                  ]
                },
                "east": {
                  "uv": [
                    0,
                    0
                  ],
                  "uv_size": [
                    23,
                    0
                  ]
                },
                "south": {
                  "uv": [
                    0,
                    0
                  ],
                  "uv_size": [
                    24,
                    0
                  ]
                },
                "west": {
                  "uv": [
                    0,
                    0
                  ],
                  "uv_size": [
                    23,
                    0
                  ]
                },
                "up": {
                  "uv": [
                    0,
                    71
                  ],
                  "uv_size": [
                    23,
                    23
                  ]
                }
              }
            },
            {
              "origin": [
                0,
                43,
                -23
              ],
              "size": [
                23,
                0,
                23
              ],
              "uv": {
                "north": {
                  "uv": [
                    24,
                    56
                  ],
                  "uv_size": [
                    -24,
                    0
                  ]
                },
                "east": {
                  "uv": [
                    23,
                    0
                  ],
                  "uv_size": [
                    -23,
                    0
                  ]
                },
                "south": {
                  "uv": [
                    24,
                    0
                  ],
                  "uv_size": [
                    -24,
                    0
                  ]
                },
                "west": {
                  "uv": [
                    23,
                    0
                  ],
                  "uv_size": [
                    -23,
                    0
                  ]
                },
                "up": {
                  "uv": [
                    23,
                    71
                  ],
                  "uv_size": [
                    -23,
                    23
                  ]
                }
              }
            }
          ]
        },
        {
          "name": "bone2",
          "parent": "bone5",
          "pivot": [
            0,
            53,
            0
          ],
          "cubes": [
            {
              "origin": [
                -23,
                38,
                -23
              ],
              "size": [
                46,
                8,
                46
              ],
              "uv": {
                "north": {
                  "uv": [
                    0,
                    46
                  ],
                  "uv_size": [
                    46,
                    8
                  ]
                },
                "east": {
                  "uv": [
                    0,
                    46
                  ],
                  "uv_size": [
                    46,
                    8
                  ]
                },
                "south": {
                  "uv": [
                    0,
                    46
                  ],
                  "uv_size": [
                    46,
                    8
                  ]
                },
                "west": {
                  "uv": [
                    0,
                    46
                  ],
                  "uv_size": [
                    46,
                    8
                  ]
                },
                "up": {
                  "uv": [
                    0,
                    0
                  ],
                  "uv_size": [
                    46,
                    46
                  ]
                }
              }
            },
            {
              "origin": [
                -19,
                46,
                -19
              ],
              "size": [
                38,
                8,
                38
              ],
              "uv": {
                "north": {
                  "uv": [
                    90,
                    70
                  ],
                  "uv_size": [
                    38,
                    8
                  ]
                },
                "east": {
                  "uv": [
                    90,
                    70
                  ],
                  "uv_size": [
                    38,
                    8
                  ]
                },
                "south": {
                  "uv": [
                    90,
                    70
                  ],
                  "uv_size": [
                    38,
                    8
                  ]
                },
                "west": {
                  "uv": [
                    90,
                    70
                  ],
                  "uv_size": [
                    38,
                    8
                  ]
                },
                "up": {
                  "uv": [
                    90,
                    32
                  ],
                  "uv_size": [
                    38,
                    38
                  ]
                }
              }
            }
          ]
        }
      ]
    }
  ]
}