{
  "minecraft:geometry": [
    {
      "description": {
        "identifier": "geometry.hive.sonic.ss.chao.dark",
        "texture_width": 64,
        "texture_height": 64,
        "visible_bounds_width": 3,
        "visible_bounds_height": 4,
        "visible_bounds_offset": [
          0,
          1,
          0
        ]
      },
      "bones": [
        {
          "name": "root",
          "pivot": [
            0,
            0,
            0
          ]
        },
        {
          "name": "leftLeg",
          "parent": "root",
          "pivot": [
            1.5,
            2,
            0
          ],
          "rotation": [
            0,
            -12.5,
            0
          ],
          "cubes": [
            {
              "origin": [
                0,
                0,
                -4
              ],
              "size": [
                3,
                2,
                5
              ],
              "uv": {
                "north": {
                  "uv": [
                    26,
                    34
                  ],
                  "uv_size": [
                    3,
                    2
                  ]
                },
                "east": {
                  "uv": [
                    21,
                    34
                  ],
                  "uv_size": [
                    5,
                    2
                  ]
                },
                "south": {
                  "uv": [
                    34,
                    34
                  ],
                  "uv_size": [
                    3,
                    2
                  ]
                },
                "west": {
                  "uv": [
                    29,
                    34
                  ],
                  "uv_size": [
                    5,
                    2
                  ]
                },
                "up": {
                  "uv": [
                    26,
                    29
                  ],
                  "uv_size": [
                    3,
                    5
                  ]
                },
                "down": {
                  "uv": [
                    29,
                    34
                  ],
                  "uv_size": [
                    3,
                    -5
                  ]
                }
              }
            }
          ]
        },
        {
          "name": "rightLeg",
          "parent": "root",
          "pivot": [
            -1.5,
            2,
            0
          ],
          "cubes": [
            {
              "origin": [
                -3,
                0,
                -4
              ],
              "size": [
                3,
                2,
                5
              ],
              "pivot": [
                -1.5,
                2,
                0
              ],
              "rotation": [
                0,
                12.5,
                0
              ],
              "uv": {
                "north": {
                  "uv": [
                    26,
                    34
                  ],
                  "uv_size": [
                    3,
                    2
                  ]
                },
                "east": {
                  "uv": [
                    21,
                    34
                  ],
                  "uv_size": [
                    5,
                    2
                  ]
                },
                "south": {
                  "uv": [
                    34,
                    34
                  ],
                  "uv_size": [
                    3,
                    2
                  ]
                },
                "west": {
                  "uv": [
                    29,
                    34
                  ],
                  "uv_size": [
                    5,
                    2
                  ]
                },
                "up": {
                  "uv": [
                    26,
                    29
                  ],
                  "uv_size": [
                    3,
                    5
                  ]
                },
                "down": {
                  "uv": [
                    29,
                    34
                  ],
                  "uv_size": [
                    3,
                    -5
                  ]
                }
              }
            }
          ]
        },
        {
          "name": "waist",
          "parent": "root",
          "pivot": [
            0,
            2,
            0
          ]
        },
        {
          "name": "body",
          "parent": "waist",
          "pivot": [
            0,
            5,
            0
          ],
          "cubes": [
            {
              "origin": [
                -3,
                2,
                -2
              ],
              "size": [
                6,
                5,
                4
              ],
              "uv": {
                "north": {
                  "uv": [
                    4,
                    33
                  ],
                  "uv_size": [
                    6,
                    5
                  ]
                },
                "east": {
                  "uv": [
                    0,
                    33
                  ],
                  "uv_size": [
                    4,
                    5
                  ]
                },
                "south": {
                  "uv": [
                    14,
                    33
                  ],
                  "uv_size": [
                    6,
                    5
                  ]
                },
                "west": {
                  "uv": [
                    10,
                    33
                  ],
                  "uv_size": [
                    4,
                    5
                  ]
                },
                "up": {
                  "uv": [
                    4,
                    29
                  ],
                  "uv_size": [
                    6,
                    4
                  ]
                },
                "down": {
                  "uv": [
                    10,
                    33
                  ],
                  "uv_size": [
                    6,
                    -4
                  ]
                }
              }
            }
          ]
        },
        {
          "name": "wings",
          "parent": "body",
          "pivot": [
            0,
            5,
            2
          ]
        },
        {
          "name": "leftWing",
          "parent": "wings",
          "pivot": [
            2,
            5,
            2
          ],
          "cubes": [
            {
              "origin": [
                2,
                2,
                2
              ],
              "size": [
                6,
                5,
                0
              ],
              "pivot": [
                2,
                7,
                2
              ],
              "rotation": [
                0,
                -30,
                0
              ],
              "uv": {
                "north": {
                  "uv": [
                    21,
                    37
                  ],
                  "uv_size": [
                    6,
                    5
                  ]
                },
                "east": {
                  "uv": [
                    21,
                    37
                  ],
                  "uv_size": [
                    0,
                    5
                  ]
                },
                "south": {
                  "uv": [
                    27,
                    37
                  ],
                  "uv_size": [
                    6,
                    5
                  ]
                },
                "west": {
                  "uv": [
                    27,
                    37
                  ],
                  "uv_size": [
                    0,
                    5
                  ]
                },
                "up": {
                  "uv": [
                    21,
                    37
                  ],
                  "uv_size": [
                    6,
                    0
                  ]
                },
                "down": {
                  "uv": [
                    27,
                    37
                  ],
                  "uv_size": [
                    6,
                    0
                  ]
                }
              }
            }
          ]
        },
        {
          "name": "rightWing",
          "parent": "wings",
          "pivot": [
            -2,
            5,
            2
          ],
          "cubes": [
            {
              "origin": [
                -8,
                2,
                2
              ],
              "size": [
                6,
                5,
                0
              ],
              "pivot": [
                -2,
                7,
                2
              ],
              "rotation": [
                0,
                30,
                0
              ],
              "uv": {
                "north": {
                  "uv": [
                    35,
                    25
                  ],
                  "uv_size": [
                    6,
                    5
                  ]
                },
                "east": {
                  "uv": [
                    35,
                    25
                  ],
                  "uv_size": [
                    0,
                    5
                  ]
                },
                "south": {
                  "uv": [
                    41,
                    25
                  ],
                  "uv_size": [
                    6,
                    5
                  ]
                },
                "west": {
                  "uv": [
                    41,
                    25
                  ],
                  "uv_size": [
                    0,
                    5
                  ]
                },
                "up": {
                  "uv": [
                    35,
                    25
                  ],
                  "uv_size": [
                    6,
                    0
                  ]
                },
                "down": {
                  "uv": [
                    41,
                    25
                  ],
                  "uv_size": [
                    6,
                    0
                  ]
                }
              }
            }
          ]
        },
        {
          "name": "head",
          "parent": "body",
          "pivot": [
            0,
            7,
            0
          ],
          "cubes": [
            {
              "origin": [
                -5,
                7,
                -4.5
              ],
              "size": [
                10,
                8,
                9
              ],
              "uv": {
                "north": {
                  "uv": [
                    9,
                    9
                  ],
                  "uv_size": [
                    10,
                    8
                  ]
                },
                "east": {
                  "uv": [
                    0,
                    9
                  ],
                  "uv_size": [
                    9,
                    8
                  ]
                },
                "south": {
                  "uv": [
                    28,
                    9
                  ],
                  "uv_size": [
                    10,
                    8
                  ]
                },
                "west": {
                  "uv": [
                    19,
                    9
                  ],
                  "uv_size": [
                    9,
                    8
                  ]
                },
                "up": {
                  "uv": [
                    9,
                    0
                  ],
                  "uv_size": [
                    10,
                    9
                  ]
                },
                "down": {
                  "uv": [
                    19,
                    9
                  ],
                  "uv_size": [
                    10,
                    -9
                  ]
                }
              }
            }
          ]
        },
        {
          "name": "hair",
          "parent": "head",
          "pivot": [
            0,
            15,
            -2.5
          ],
          "cubes": [
            {
              "origin": [
                -3,
                15,
                -2.5
              ],
              "size": [
                7,
                0,
                10
              ],
              "pivot": [
                0,
                15,
                -2.5
              ],
              "rotation": [
                30,
                0,
                0
              ],
              "uv": {
                "north": {
                  "uv": [
                    10,
                    28
                  ],
                  "uv_size": [
                    7,
                    0
                  ]
                },
                "east": {
                  "uv": [
                    0,
                    28
                  ],
                  "uv_size": [
                    10,
                    0
                  ]
                },
                "south": {
                  "uv": [
                    27,
                    28
                  ],
                  "uv_size": [
                    7,
                    0
                  ]
                },
                "west": {
                  "uv": [
                    17,
                    28
                  ],
                  "uv_size": [
                    10,
                    0
                  ]
                },
                "up": {
                  "uv": [
                    10,
                    18
                  ],
                  "uv_size": [
                    7,
                    10
                  ]
                },
                "down": {
                  "uv": [
                    17,
                    28
                  ],
                  "uv_size": [
                    7,
                    -10
                  ]
                }
              }
            }
          ]
        },
        {
          "name": "orb",
          "parent": "hair",
          "pivot": [
            0,
            21,
            -0.5
          ],
          "cubes": [
            {
              "origin": [
                -1,
                21.5,
                1.5
              ],
              "size": [
                2,
                2,
                2
              ],
              "pivot": [
                0,
                21,
                -0.5
              ],
              "rotation": [
                5,
                0,
                0
              ],
              "uv": {
                "north": {
                  "uv": [
                    2,
                    25
                  ],
                  "uv_size": [
                    2,
                    2
                  ]
                },
                "east": {
                  "uv": [
                    0,
                    25
                  ],
                  "uv_size": [
                    2,
                    2
                  ]
                },
                "south": {
                  "uv": [
                    6,
                    25
                  ],
                  "uv_size": [
                    2,
                    2
                  ]
                },
                "west": {
                  "uv": [
                    4,
                    25
                  ],
                  "uv_size": [
                    2,
                    2
                  ]
                },
                "up": {
                  "uv": [
                    2,
                    23
                  ],
                  "uv_size": [
                    2,
                    2
                  ]
                },
                "down": {
                  "uv": [
                    4,
                    25
                  ],
                  "uv_size": [
                    2,
                    -2
                  ]
                }
              }
            },
            {
              "origin": [
                -2,
                20.5,
                2.5
              ],
              "size": [
                4,
                4,
                0
              ],
              "pivot": [
                0,
                21,
                -0.5
              ],
              "rotation": [
                5,
                0,
                0
              ],
              "uv": {
                "north": {
                  "uv": [
                    0,
                    18
                  ],
                  "uv_size": [
                    4,
                    4
                  ]
                },
                "east": {
                  "uv": [
                    0,
                    18
                  ],
                  "uv_size": [
                    0,
                    4
                  ]
                },
                "south": {
                  "uv": [
                    4,
                    18
                  ],
                  "uv_size": [
                    4,
                    4
                  ]
                },
                "west": {
                  "uv": [
                    4,
                    18
                  ],
                  "uv_size": [
                    0,
                    4
                  ]
                },
                "up": {
                  "uv": [
                    0,
                    18
                  ],
                  "uv_size": [
                    4,
                    0
                  ]
                },
                "down": {
                  "uv": [
                    4,
                    18
                  ],
                  "uv_size": [
                    4,
                    0
                  ]
                }
              }
            }
          ]
        },
        {
          "name": "eyes",
          "parent": "head",
          "pivot": [
            0,
            10,
            -4.55
          ]
        },
        {
          "name": "leftEye",
          "parent": "eyes",
          "pivot": [
            2,
            10,
            -4.55
          ],
          "cubes": [
            {
              "origin": [
                1,
                9,
                -4.6
              ],
              "size": [
                3,
                4,
                0
              ],
              "uv": {
                "north": {
                  "uv": [
                    44,
                    11
                  ],
                  "uv_size": [
                    3,
                    4
                  ]
                }
              }
            }
          ]
        },
        {
          "name": "rightEye",
          "parent": "eyes",
          "pivot": [
            -2,
            10,
            -4.55
          ],
          "cubes": [
            {
              "origin": [
                -4,
                9,
                -4.6
              ],
              "size": [
                3,
                4,
                0
              ],
              "uv": {
                "north": {
                  "uv": [
                    39,
                    11
                  ],
                  "uv_size": [
                    3,
                    4
                  ]
                }
              }
            }
          ]
        },
        {
          "name": "pupils",
          "parent": "eyes",
          "pivot": [
            0,
            10,
            -4.55
          ]
        },
        {
          "name": "rightPupil",
          "parent": "pupils",
          "pivot": [
            2,
            10,
            -4.55
          ],
          "cubes": [
            {
              "origin": [
                -3,
                10,
                -4.65
              ],
              "size": [
                2,
                2,
                0
              ],
              "uv": {
                "north": {
                  "uv": [
                    50,
                    12
                  ],
                  "uv_size": [
                    2,
                    2
                  ]
                }
              }
            }
          ]
        },
        {
          "name": "leftPupil",
          "parent": "pupils",
          "pivot": [
            2,
            10,
            -4.55
          ],
          "cubes": [
            {
              "origin": [
                1,
                10,
                -4.65
              ],
              "size": [
                2,
                2,
                0
              ],
              "uv": {
                "north": {
                  "uv": [
                    54,
                    12
                  ],
                  "uv_size": [
                    2,
                    2
                  ]
                }
              }
            }
          ]
        },
        {
          "name": "arms",
          "parent": "body",
          "pivot": [
            -0.24118,
            7.03407,
            0
          ]
        },
        {
          "name": "leftArm",
          "parent": "arms",
          "pivot": [
            2.75882,
            7.03407,
            0
          ],
          "rotation": [
            0,
            0,
            -15
          ],
          "cubes": [
            {
              "origin": [
                2.50882,
                5.03407,
                -1
              ],
              "size": [
                2,
                3,
                2
              ],
              "uv": {
                "north": {
                  "uv": [
                    4,
                    2
                  ],
                  "uv_size": [
                    -2,
                    3
                  ]
                },
                "east": {
                  "uv": [
                    6,
                    2
                  ],
                  "uv_size": [
                    -2,
                    3
                  ]
                },
                "south": {
                  "uv": [
                    8,
                    2
                  ],
                  "uv_size": [
                    -2,
                    3
                  ]
                },
                "west": {
                  "uv": [
                    2,
                    2
                  ],
                  "uv_size": [
                    -2,
                    3
                  ]
                },
                "up": {
                  "uv": [
                    4,
                    0
                  ],
                  "uv_size": [
                    -2,
                    2
                  ]
                },
                "down": {
                  "uv": [
                    6,
                    2
                  ],
                  "uv_size": [
                    -2,
                    -2
                  ]
                }
              }
            },
            {
              "origin": [
                2.50882,
                2.03407,
                -2
              ],
              "size": [
                3,
                3,
                4
              ],
              "uv": {
                "north": {
                  "uv": [
                    34,
                    4
                  ],
                  "uv_size": [
                    3,
                    3
                  ]
                },
                "east": {
                  "uv": [
                    30,
                    4
                  ],
                  "uv_size": [
                    4,
                    3
                  ]
                },
                "south": {
                  "uv": [
                    41,
                    4
                  ],
                  "uv_size": [
                    3,
                    3
                  ]
                },
                "west": {
                  "uv": [
                    37,
                    4
                  ],
                  "uv_size": [
                    4,
                    3
                  ]
                },
                "up": {
                  "uv": [
                    34,
                    0
                  ],
                  "uv_size": [
                    3,
                    4
                  ]
                },
                "down": {
                  "uv": [
                    37,
                    4
                  ],
                  "uv_size": [
                    3,
                    -4
                  ]
                }
              }
            }
          ]
        },
        {
          "name": "rightArm",
          "parent": "arms",
          "pivot": [
            -2.75882,
            7.03407,
            0
          ],
          "rotation": [
            0,
            0,
            15
          ],
          "cubes": [
            {
              "origin": [
                -5.50882,
                2.03407,
                -2
              ],
              "size": [
                3,
                3,
                4
              ],
              "uv": {
                "north": {
                  "uv": [
                    37,
                    4
                  ],
                  "uv_size": [
                    -3,
                    3
                  ]
                },
                "east": {
                  "uv": [
                    41,
                    4
                  ],
                  "uv_size": [
                    -4,
                    3
                  ]
                },
                "south": {
                  "uv": [
                    44,
                    4
                  ],
                  "uv_size": [
                    -3,
                    3
                  ]
                },
                "west": {
                  "uv": [
                    34,
                    4
                  ],
                  "uv_size": [
                    -4,
                    3
                  ]
                },
                "up": {
                  "uv": [
                    37,
                    0
                  ],
                  "uv_size": [
                    -3,
                    4
                  ]
                },
                "down": {
                  "uv": [
                    40,
                    4
                  ],
                  "uv_size": [
                    -3,
                    -4
                  ]
                }
              }
            },
            {
              "origin": [
                -4.50882,
                5.03407,
                -1
              ],
              "size": [
                2,
                3,
                2
              ],
              "uv": {
                "north": {
                  "uv": [
                    2,
                    2
                  ],
                  "uv_size": [
                    2,
                    3
                  ]
                },
                "east": {
                  "uv": [
                    0,
                    2
                  ],
                  "uv_size": [
                    2,
                    3
                  ]
                },
                "south": {
                  "uv": [
                    6,
                    2
                  ],
                  "uv_size": [
                    2,
                    3
                  ]
                },
                "west": {
                  "uv": [
                    4,
                    2
                  ],
                  "uv_size": [
                    2,
                    3
                  ]
                },
                "up": {
                  "uv": [
                    2,
                    0
                  ],
                  "uv_size": [
                    2,
                    2
                  ]
                },
                "down": {
                  "uv": [
                    4,
                    2
                  ],
                  "uv_size": [
                    2,
                    -2
                  ]
                }
              }
            }
          ]
        },
        {
          "name": "tail",
          "parent": "body",
          "pivot": [
            0,
            2,
            1
          ],
          "cubes": [
            {
              "origin": [
                -5,
                2,
                2
              ],
              "size": [
                7,
                0,
                6
              ],
              "pivot": [
                0,
                2,
                2
              ],
              "rotation": [
                -17.5,
                0,
                0
              ],
              "uv": {
                "north": {
                  "uv": [
                    31,
                    24
                  ],
                  "uv_size": [
                    7,
                    0
                  ]
                },
                "east": {
                  "uv": [
                    25,
                    24
                  ],
                  "uv_size": [
                    6,
                    0
                  ]
                },
                "south": {
                  "uv": [
                    44,
                    24
                  ],
                  "uv_size": [
                    7,
                    0
                  ]
                },
                "west": {
                  "uv": [
                    38,
                    24
                  ],
                  "uv_size": [
                    6,
                    0
                  ]
                },
                "up": {
                  "uv": [
                    31,
                    18
                  ],
                  "uv_size": [
                    7,
                    6
                  ]
                },
                "down": {
                  "uv": [
                    38,
                    24
                  ],
                  "uv_size": [
                    7,
                    -6
                  ]
                }
              }
            }
          ]
        }
      ]
    }
  ],
  "format_version": "1.12.0"
}