{
  "minecraft:geometry": [
    {
      "description": {
        "identifier": "geometry.hive.sonic.ss.chao.hero",
        "texture_width": 64,
        "texture_height": 64,
        "visible_bounds_width": 2,
        "visible_bounds_height": 4,
        "visible_bounds_offset": [
          0,
          1,
          0
        ]
      },
      "bones": [
        {
          "name": "root",
          "pivot": [
            0,
            0,
            0
          ]
        },
        {
          "name": "leftLeg",
          "parent": "root",
          "pivot": [
            1.5,
            2,
            0
          ],
          "rotation": [
            0,
            -12.5,
            0
          ],
          "cubes": [
            {
              "origin": [
                0,
                0,
                -4
              ],
              "size": [
                3,
                2,
                5
              ],
              "uv": {
                "north": {
                  "uv": [
                    26,
                    23
                  ],
                  "uv_size": [
                    3,
                    2
                  ]
                },
                "east": {
                  "uv": [
                    21,
                    23
                  ],
                  "uv_size": [
                    5,
                    2
                  ]
                },
                "south": {
                  "uv": [
                    34,
                    23
                  ],
                  "uv_size": [
                    3,
                    2
                  ]
                },
                "west": {
                  "uv": [
                    29,
                    23
                  ],
                  "uv_size": [
                    5,
                    2
                  ]
                },
                "up": {
                  "uv": [
                    26,
                    18
                  ],
                  "uv_size": [
                    3,
                    5
                  ]
                },
                "down": {
                  "uv": [
                    29,
                    23
                  ],
                  "uv_size": [
                    3,
                    -5
                  ]
                }
              }
            }
          ]
        },
        {
          "name": "rightLeg",
          "parent": "root",
          "pivot": [
            -1.5,
            2,
            0
          ],
          "cubes": [
            {
              "origin": [
                -3,
                0,
                -4
              ],
              "size": [
                3,
                2,
                5
              ],
              "pivot": [
                -1.5,
                2,
                0
              ],
              "rotation": [
                0,
                12.5,
                0
              ],
              "uv": {
                "north": {
                  "uv": [
                    26,
                    23
                  ],
                  "uv_size": [
                    3,
                    2
                  ]
                },
                "east": {
                  "uv": [
                    21,
                    23
                  ],
                  "uv_size": [
                    5,
                    2
                  ]
                },
                "south": {
                  "uv": [
                    34,
                    23
                  ],
                  "uv_size": [
                    3,
                    2
                  ]
                },
                "west": {
                  "uv": [
                    29,
                    23
                  ],
                  "uv_size": [
                    5,
                    2
                  ]
                },
                "up": {
                  "uv": [
                    26,
                    18
                  ],
                  "uv_size": [
                    3,
                    5
                  ]
                },
                "down": {
                  "uv": [
                    29,
                    23
                  ],
                  "uv_size": [
                    3,
                    -5
                  ]
                }
              }
            }
          ]
        },
        {
          "name": "waist",
          "parent": "root",
          "pivot": [
            0,
            2,
            0
          ]
        },
        {
          "name": "body",
          "parent": "waist",
          "pivot": [
            0,
            5,
            0
          ],
          "cubes": [
            {
              "origin": [
                -3,
                2,
                -2
              ],
              "size": [
                6,
                5,
                4
              ],
              "uv": {
                "north": {
                  "uv": [
                    4,
                    22
                  ],
                  "uv_size": [
                    6,
                    5
                  ]
                },
                "east": {
                  "uv": [
                    0,
                    22
                  ],
                  "uv_size": [
                    4,
                    5
                  ]
                },
                "south": {
                  "uv": [
                    14,
                    22
                  ],
                  "uv_size": [
                    6,
                    5
                  ]
                },
                "west": {
                  "uv": [
                    10,
                    22
                  ],
                  "uv_size": [
                    4,
                    5
                  ]
                },
                "up": {
                  "uv": [
                    4,
                    18
                  ],
                  "uv_size": [
                    6,
                    4
                  ]
                },
                "down": {
                  "uv": [
                    10,
                    22
                  ],
                  "uv_size": [
                    6,
                    -4
                  ]
                }
              }
            }
          ]
        },
        {
          "name": "tail",
          "parent": "body",
          "pivot": [
            0,
            2,
            1
          ],
          "cubes": [
            {
              "origin": [
                -1.5,
                1,
                1
              ],
              "size": [
                3,
                3,
                3
              ],
              "uv": {
                "north": {
                  "uv": [
                    3,
                    31
                  ],
                  "uv_size": [
                    3,
                    3
                  ]
                },
                "east": {
                  "uv": [
                    0,
                    31
                  ],
                  "uv_size": [
                    3,
                    3
                  ]
                },
                "south": {
                  "uv": [
                    9,
                    31
                  ],
                  "uv_size": [
                    3,
                    3
                  ]
                },
                "west": {
                  "uv": [
                    6,
                    31
                  ],
                  "uv_size": [
                    3,
                    3
                  ]
                },
                "up": {
                  "uv": [
                    3,
                    28
                  ],
                  "uv_size": [
                    3,
                    3
                  ]
                },
                "down": {
                  "uv": [
                    6,
                    31
                  ],
                  "uv_size": [
                    3,
                    -3
                  ]
                }
              }
            }
          ]
        },
        {
          "name": "wings",
          "parent": "body",
          "pivot": [
            0,
            5,
            2
          ]
        },
        {
          "name": "leftWing",
          "parent": "wings",
          "pivot": [
            2,
            5,
            2
          ],
          "cubes": [
            {
              "origin": [
                2,
                2,
                2
              ],
              "size": [
                6,
                5,
                0
              ],
              "pivot": [
                2,
                7,
                2
              ],
              "rotation": [
                0,
                -30,
                0
              ],
              "uv": {
                "north": {
                  "uv": [
                    0,
                    35
                  ],
                  "uv_size": [
                    6,
                    5
                  ]
                },
                "east": {
                  "uv": [
                    0,
                    35
                  ],
                  "uv_size": [
                    0,
                    5
                  ]
                },
                "south": {
                  "uv": [
                    6,
                    35
                  ],
                  "uv_size": [
                    6,
                    5
                  ]
                },
                "west": {
                  "uv": [
                    6,
                    35
                  ],
                  "uv_size": [
                    0,
                    5
                  ]
                },
                "up": {
                  "uv": [
                    0,
                    35
                  ],
                  "uv_size": [
                    6,
                    0
                  ]
                },
                "down": {
                  "uv": [
                    6,
                    35
                  ],
                  "uv_size": [
                    6,
                    0
                  ]
                }
              }
            }
          ]
        },
        {
          "name": "rightWing",
          "parent": "wings",
          "pivot": [
            -2,
            5,
            2
          ],
          "cubes": [
            {
              "origin": [
                -8,
                2,
                2
              ],
              "size": [
                6,
                5,
                0
              ],
              "pivot": [
                -2,
                7,
                2
              ],
              "rotation": [
                0,
                30,
                0
              ],
              "uv": {
                "north": {
                  "uv": [
                    13,
                    34
                  ],
                  "uv_size": [
                    6,
                    5
                  ]
                },
                "east": {
                  "uv": [
                    13,
                    34
                  ],
                  "uv_size": [
                    0,
                    5
                  ]
                },
                "south": {
                  "uv": [
                    19,
                    34
                  ],
                  "uv_size": [
                    6,
                    5
                  ]
                },
                "west": {
                  "uv": [
                    19,
                    34
                  ],
                  "uv_size": [
                    0,
                    5
                  ]
                },
                "up": {
                  "uv": [
                    13,
                    34
                  ],
                  "uv_size": [
                    6,
                    0
                  ]
                },
                "down": {
                  "uv": [
                    19,
                    34
                  ],
                  "uv_size": [
                    6,
                    0
                  ]
                }
              }
            }
          ]
        },
        {
          "name": "head",
          "parent": "body",
          "pivot": [
            0,
            7,
            0
          ],
          "cubes": [
            {
              "origin": [
                -5,
                7,
                -4.5
              ],
              "size": [
                10,
                8,
                9
              ],
              "uv": {
                "north": {
                  "uv": [
                    9,
                    9
                  ],
                  "uv_size": [
                    10,
                    8
                  ]
                },
                "east": {
                  "uv": [
                    0,
                    9
                  ],
                  "uv_size": [
                    9,
                    8
                  ]
                },
                "south": {
                  "uv": [
                    28,
                    9
                  ],
                  "uv_size": [
                    10,
                    8
                  ]
                },
                "west": {
                  "uv": [
                    19,
                    9
                  ],
                  "uv_size": [
                    9,
                    8
                  ]
                },
                "up": {
                  "uv": [
                    9,
                    0
                  ],
                  "uv_size": [
                    10,
                    9
                  ]
                },
                "down": {
                  "uv": [
                    19,
                    9
                  ],
                  "uv_size": [
                    10,
                    -9
                  ]
                }
              }
            }
          ]
        },
        {
          "name": "hair",
          "parent": "head",
          "pivot": [
            0,
            15,
            -0.5
          ],
          "cubes": [
            {
              "origin": [
                -4,
                14,
                -1.5
              ],
              "size": [
                5,
                5,
                0
              ],
              "pivot": [
                0,
                15,
                -0.5
              ],
              "rotation": [
                -7.5,
                7.5,
                45
              ],
              "uv": {
                "north": {
                  "uv": [
                    26,
                    36
                  ],
                  "uv_size": [
                    5,
                    5
                  ]
                },
                "east": {
                  "uv": [
                    26,
                    36
                  ],
                  "uv_size": [
                    0,
                    5
                  ]
                },
                "south": {
                  "uv": [
                    31,
                    36
                  ],
                  "uv_size": [
                    5,
                    5
                  ]
                },
                "west": {
                  "uv": [
                    31,
                    36
                  ],
                  "uv_size": [
                    0,
                    5
                  ]
                },
                "up": {
                  "uv": [
                    26,
                    36
                  ],
                  "uv_size": [
                    5,
                    0
                  ]
                },
                "down": {
                  "uv": [
                    31,
                    36
                  ],
                  "uv_size": [
                    5,
                    0
                  ]
                }
              }
            }
          ]
        },
        {
          "name": "orb",
          "parent": "hair",
          "pivot": [
            0,
            21,
            -0.5
          ],
          "cubes": [
            {
              "origin": [
                -3,
                21.19007,
                -2.14585
              ],
              "size": [
                6,
                0,
                6
              ],
              "pivot": [
                0,
                22.19007,
                0.85415
              ],
              "rotation": [
                -25,
                0,
                0
              ],
              "uv": {
                "north": {
                  "uv": [
                    9,
                    48
                  ],
                  "uv_size": [
                    6,
                    0
                  ]
                },
                "east": {
                  "uv": [
                    3,
                    48
                  ],
                  "uv_size": [
                    6,
                    0
                  ]
                },
                "south": {
                  "uv": [
                    21,
                    48
                  ],
                  "uv_size": [
                    6,
                    0
                  ]
                },
                "west": {
                  "uv": [
                    15,
                    48
                  ],
                  "uv_size": [
                    6,
                    0
                  ]
                },
                "up": {
                  "uv": [
                    9,
                    42
                  ],
                  "uv_size": [
                    6,
                    6
                  ]
                },
                "down": {
                  "uv": [
                    15,
                    48
                  ],
                  "uv_size": [
                    6,
                    -6
                  ]
                }
              }
            }
          ]
        },
        {
          "name": "eyes",
          "parent": "head",
          "pivot": [
            0,
            10,
            -4.6
          ]
        },
        {
          "name": "leftEye",
          "parent": "eyes",
          "pivot": [
            2,
            10,
            -4.6
          ],
          "cubes": [
            {
              "origin": [
                1,
                9,
                -4.65
              ],
              "size": [
                3,
                4,
                0
              ],
              "uv": {
                "north": {
                  "uv": [
                    44,
                    12
                  ],
                  "uv_size": [
                    3,
                    4
                  ]
                }
              }
            }
          ]
        },
        {
          "name": "rightEye",
          "parent": "eyes",
          "pivot": [
            -2,
            10,
            -4.6
          ],
          "cubes": [
            {
              "origin": [
                -4,
                9,
                -4.65
              ],
              "size": [
                3,
                4,
                0
              ],
              "uv": {
                "north": {
                  "uv": [
                    39,
                    12
                  ],
                  "uv_size": [
                    3,
                    4
                  ]
                }
              }
            }
          ]
        },
        {
          "name": "pupils",
          "parent": "eyes",
          "pivot": [
            0,
            10,
            -4.6
          ]
        },
        {
          "name": "rightPupil",
          "parent": "pupils",
          "pivot": [
            2,
            10,
            -4.6
          ],
          "cubes": [
            {
              "origin": [
                -3,
                10,
                -4.75
              ],
              "size": [
                1,
                2,
                0
              ],
              "uv": {
                "north": {
                  "uv": [
                    50,
                    12
                  ],
                  "uv_size": [
                    1,
                    2
                  ]
                }
              }
            }
          ]
        },
        {
          "name": "leftPupil",
          "parent": "pupils",
          "pivot": [
            2,
            10,
            -4.6
          ],
          "cubes": [
            {
              "origin": [
                2,
                10,
                -4.75
              ],
              "size": [
                1,
                2,
                0
              ],
              "uv": {
                "north": {
                  "uv": [
                    54,
                    12
                  ],
                  "uv_size": [
                    1,
                    2
                  ]
                }
              }
            }
          ]
        },
        {
          "name": "arms",
          "parent": "body",
          "pivot": [
            -0.24118,
            7.03407,
            0
          ]
        },
        {
          "name": "leftArm",
          "parent": "arms",
          "pivot": [
            2.75882,
            7.03407,
            0
          ],
          "rotation": [
            0,
            0,
            -15
          ],
          "cubes": [
            {
              "origin": [
                2.50882,
                5.03407,
                -1
              ],
              "size": [
                2,
                3,
                2
              ],
              "uv": {
                "north": {
                  "uv": [
                    4,
                    2
                  ],
                  "uv_size": [
                    -2,
                    3
                  ]
                },
                "east": {
                  "uv": [
                    6,
                    2
                  ],
                  "uv_size": [
                    -2,
                    3
                  ]
                },
                "south": {
                  "uv": [
                    8,
                    2
                  ],
                  "uv_size": [
                    -2,
                    3
                  ]
                },
                "west": {
                  "uv": [
                    2,
                    2
                  ],
                  "uv_size": [
                    -2,
                    3
                  ]
                },
                "up": {
                  "uv": [
                    4,
                    0
                  ],
                  "uv_size": [
                    -2,
                    2
                  ]
                },
                "down": {
                  "uv": [
                    6,
                    2
                  ],
                  "uv_size": [
                    -2,
                    -2
                  ]
                }
              }
            },
            {
              "origin": [
                2.50882,
                2.03407,
                -2
              ],
              "size": [
                3,
                3,
                4
              ],
              "uv": {
                "north": {
                  "uv": [
                    21,
                    30
                  ],
                  "uv_size": [
                    3,
                    3
                  ]
                },
                "east": {
                  "uv": [
                    17,
                    30
                  ],
                  "uv_size": [
                    4,
                    3
                  ]
                },
                "south": {
                  "uv": [
                    28,
                    30
                  ],
                  "uv_size": [
                    3,
                    3
                  ]
                },
                "west": {
                  "uv": [
                    24,
                    30
                  ],
                  "uv_size": [
                    4,
                    3
                  ]
                },
                "up": {
                  "uv": [
                    21,
                    26
                  ],
                  "uv_size": [
                    3,
                    4
                  ]
                },
                "down": {
                  "uv": [
                    24,
                    30
                  ],
                  "uv_size": [
                    3,
                    -4
                  ]
                }
              }
            }
          ]
        },
        {
          "name": "rightArm",
          "parent": "arms",
          "pivot": [
            -2.75882,
            7.03407,
            0
          ],
          "rotation": [
            0,
            0,
            15
          ],
          "cubes": [
            {
              "origin": [
                -5.50882,
                2.03407,
                -2
              ],
              "size": [
                3,
                3,
                4
              ],
              "uv": {
                "north": {
                  "uv": [
                    24,
                    30
                  ],
                  "uv_size": [
                    -3,
                    3
                  ]
                },
                "east": {
                  "uv": [
                    28,
                    30
                  ],
                  "uv_size": [
                    -4,
                    3
                  ]
                },
                "south": {
                  "uv": [
                    31,
                    30
                  ],
                  "uv_size": [
                    -3,
                    3
                  ]
                },
                "west": {
                  "uv": [
                    21,
                    30
                  ],
                  "uv_size": [
                    -4,
                    3
                  ]
                },
                "up": {
                  "uv": [
                    24,
                    26
                  ],
                  "uv_size": [
                    -3,
                    4
                  ]
                },
                "down": {
                  "uv": [
                    27,
                    30
                  ],
                  "uv_size": [
                    -3,
                    -4
                  ]
                }
              }
            },
            {
              "origin": [
                -4.50882,
                5.03407,
                -1
              ],
              "size": [
                2,
                3,
                2
              ],
              "uv": {
                "north": {
                  "uv": [
                    2,
                    2
                  ],
                  "uv_size": [
                    2,
                    3
                  ]
                },
                "east": {
                  "uv": [
                    0,
                    2
                  ],
                  "uv_size": [
                    2,
                    3
                  ]
                },
                "south": {
                  "uv": [
                    6,
                    2
                  ],
                  "uv_size": [
                    2,
                    3
                  ]
                },
                "west": {
                  "uv": [
                    4,
                    2
                  ],
                  "uv_size": [
                    2,
                    3
                  ]
                },
                "up": {
                  "uv": [
                    2,
                    0
                  ],
                  "uv_size": [
                    2,
                    2
                  ]
                },
                "down": {
                  "uv": [
                    4,
                    2
                  ],
                  "uv_size": [
                    2,
                    -2
                  ]
                }
              }
            }
          ]
        }
      ]
    }
  ],
  "format_version": "1.12.0"
}