{
  "minecraft:geometry": [
    {
      "description": {
        "identifier": "geometry.hive.sonic.ss.chao.locator",
        "texture_width": 64,
        "texture_height": 64,
        "visible_bounds_width": 3,
        "visible_bounds_height": 4,
        "visible_bounds_offset": [
          0,
          1,
          0
        ]
      },
      "bones": [
        {
          "name": "root",
          "pivot": [
            0,
            0,
            0
          ],
          "locators": {
            "sparkle": [
              0,
              0,
              0
            ]
          }
        }
      ]
    }
  ],
  "format_version": "1.12.0"
}