{
  "format_version": "1.8.0",
  "minecraft:client_entity": {
    "description": {
      "identifier": "hive:cp_blob",
      "materials": {
        "default": "slime_outer"
      },
      "textures": {
        "default": "textures/entity/hive/sonic/cp/blob"
      },
      "geometry": {
        "default": "geometry.hive.sonic.cp.blob"
      },
      "animations": {
        "idle": "animation.hive.sonic.cp.blob.idle"
      },
      "animation_controllers": [
        {
          "idle": "controller.animation.hive.sonic.cp.blob"
        }
      ],
      "render_controllers": [
        "controller.render.hive.sonic.default"
      ]
    }
  }
}