{
  "format_version": "1.8.0",
  "minecraft:client_entity": {
    "description": {
      "identifier": "hive:cp_fan",
      "materials": {
        "default": "entity_alphatest"
      },
      "textures": {
        "default": "textures/entity/hive/sonic/cp/fan"
      },
      "geometry": {
        "default": "geometry.hive.sonic.cp.fan"
      },
      "animations": {
        "idle1": "animation.hive.sonic.cp.fan.idle1",
        "idleRattle1": "animation.hive.sonic.cp.fan.idleRattle1",
        "idle2": "animation.hive.sonic.cp.fan.idle2",
        "idleRattle2": "animation.hive.sonic.cp.fan.idleRattle2",
        "idleRattle": "animation.hive.sonic.cp.fan.idleRattle"
      },
      "animation_controllers": [
        {
          "idle": "controller.animation.hive.sonic.cp.fan.idle"
        },
        {
          "blow": "controller.animation.hive.sonic.cp.fan.blow"
        }
      ],
      "particle_effects": {
        "blow": "hive:cp_fan_blow",
        "edge": "hive:cp_fan_edge"
      },
      "render_controllers": [
        "controller.render.hive.sonic.default"
      ]
    }
  }
}