{
  "format_version": "1.8.0",
  "minecraft:client_entity": {
    "description": {
      "identifier": "hive:cp_laser",
      "materials": {
        "default": "entity_alphatest",
        "beam": "entity_emissive"
      },
      "textures": {
        "default": "textures/entity/hive/sonic/cp/laser"
      },
      "geometry": {
        "default": "geometry.hive.sonic.cp.laser"
      },
      "animations": {
        "deactivated": "animation.hive.sonic.cp.laser.deactivated",
        "activated": "animation.hive.sonic.cp.laser.activated",
        "rotation": "animation.hive.sonic.cp.laser.rotation"
      },
      "animation_controllers": [
        {
          "laser": "controller.animation.hive.sonic.cp.laser"
        },
        {
          "rotation": "controller.animation.hive.sonic.cp.laser.rotation"
        }
      ],
      "particle_effects": {
        "spark": "hive:laser_spark"
      },
      "render_controllers": [
        "controller.render.hive.sonic.cp.laser"
      ]
    }
  }
}