{
  "format_version": "1.8.0",
  "animations": {
    "animation.hive.sonic.cp.blob.idle": {
      "loop": true,
      "bones": {
        "blob": {
          "rotation": [
            "math.mod((query.life_time * 60) + 20, 360)",
            "math.mod((query.life_time * 70) + 100, 360)",
            "math.mod((query.life_time * 55) + 50, 360)"
          ],
          "scale": [
            "1 + (math.cos(query.life_time * 100) * 0.1)",
            "1 + (math.sin(query.life_time * 100) * 0.1)",
            "1 + (math.cos((query.life_time + 100) * 80) * 0.1)"
          ]
        }
      }
    }
  }
}