{
  "format_version": "1.8.0",
  "animations": {
    "animation.hive.sonic.cp.fan.idle1": {
      "loop": true,
      "anim_time_update": "(query.is_baby ? 2.5 : 1) * query.delta_time + query.anim_time",
      "bones": {
        "blades": {
          "rotation": {
            "0.0": [
              0,
              0,
              "math.mod((query.anim_time * 100), 360)"
            ]
          }
        }
      }
    },
    "animation.hive.sonic.cp.fan.idleRattle1": {
      "loop": true,
      "animation_length": 4.5,
      "bones": {
        "centre": {
          "rotation": {
            "0.0": [
              0,
              0,
              0
            ],
            "0.18": [
              0.875,
              0.85,
              0
            ],
            "0.36": [
              0,
              -0.875,
              0.075
            ],
            "0.54": [
              -1.025,
              0,
              -0.075
            ],
            "0.7": [
              0,
              0,
              0
            ],
            "0.88": [
              0.875,
              0.85,
              0
            ],
            "1.06": [
              0,
              -0.875,
              0.075
            ],
            "1.24": [
              -1.025,
              0,
              -0.075
            ],
            "1.4": [
              0,
              0,
              0
            ],
            "1.58": [
              0.875,
              0.85,
              0
            ],
            "1.76": [
              0,
              -0.875,
              0.075
            ],
            "1.94": [
              -1.025,
              0,
              -0.075
            ],
            "2.1": [
              0,
              0,
              0
            ],
            "2.28": [
              0.875,
              0.85,
              0
            ],
            "2.46": [
              0,
              -0.875,
              0.075
            ],
            "2.64": [
              -1.025,
              0,
              -0.075
            ],
            "2.8": [
              0,
              0,
              0
            ],
            "2.98": [
              0.875,
              0.85,
              0
            ],
            "3.16": [
              0,
              -0.875,
              0.075
            ],
            "3.34": [
              -1.025,
              0,
              -0.075
            ],
            "3.5": [
              0,
              0,
              0
            ],
            "3.68": [
              0.875,
              0.85,
              0
            ],
            "3.82": [
              0,
              -0.875,
              0.075
            ],
            "4.0": [
              -1.025,
              0,
              -0.075
            ],
            "4.16": [
              0,
              0,
              0
            ],
            "4.34": [
              0.875,
              0.85,
              0
            ],
            "4.5": [
              0,
              -0.875,
              0.075
            ]
          }
        }
      }
    },
    "animation.hive.sonic.cp.fan.idleRattle2": {
      "loop": true,
      "animation_length": 2,
      "bones": {
        "centre": {
          "rotation": {
            "0.0": [
              0,
              0,
              0
            ],
            "0.06": [
              0.875,
              0.85,
              0
            ],
            "0.12": [
              0,
              -0.875,
              0.275
            ],
            "0.18": [
              -1.025,
              0,
              -0.45
            ],
            "0.24": [
              0,
              0,
              0
            ],
            "0.3": [
              0.875,
              0.85,
              0
            ],
            "0.36": [
              0,
              -0.875,
              0.275
            ],
            "0.42": [
              -1.025,
              0,
              -0.45
            ],
            "0.48": [
              0,
              0,
              0
            ],
            "0.54": [
              0.875,
              0.85,
              0
            ],
            "0.6": [
              0,
              -0.875,
              0.275
            ],
            "0.66": [
              -1.025,
              0,
              -0.45
            ],
            "0.72": [
              0,
              0,
              0
            ],
            "0.78": [
              0.875,
              0.85,
              0
            ],
            "0.84": [
              0,
              -0.875,
              0.275
            ],
            "0.9": [
              -1.025,
              0,
              -0.45
            ],
            "0.96": [
              0,
              0,
              0
            ],
            "1.02": [
              0.875,
              0.85,
              0
            ],
            "1.08": [
              0,
              -0.875,
              0.275
            ],
            "1.14": [
              -1.025,
              0,
              -0.45
            ],
            "1.2": [
              0,
              0,
              0
            ],
            "1.26": [
              0.875,
              0.85,
              0
            ],
            "1.32": [
              0,
              -0.875,
              0.275
            ],
            "1.38": [
              -1.025,
              0,
              -0.45
            ],
            "1.44": [
              0,
              0,
              0
            ],
            "1.5": [
              0.875,
              0.85,
              0
            ],
            "1.56": [
              0,
              -0.875,
              0.275
            ],
            "1.62": [
              -1.025,
              0,
              -0.45
            ],
            "1.68": [
              0,
              0,
              0
            ],
            "1.74": [
              0.875,
              0.85,
              0
            ],
            "1.8": [
              0,
              -0.875,
              0.275
            ],
            "1.86": [
              -1.025,
              0,
              -0.45
            ],
            "1.92": [
              0,
              0,
              0
            ],
            "1.98": [
              0.875,
              0.85,
              0
            ],
            "2.0": [
              0.58,
              0.28,
              0.42
            ]
          }
        }
      }
    },
    "animation.hive.sonic.cp.fan.idleRattle": {
      "loop": true,
      "animation_length": 3.8,
      "bones": {
        "centre": {
          "rotation": {
            "0.0": [
              0,
              0,
              0
            ],
            "0.04": [
              0.875,
              0.85,
              0
            ],
            "0.08": [
              0,
              -0.875,
              1.25
            ],
            "0.12": [
              -1.025,
              0,
              -1.25
            ],
            "0.16": [
              0,
              0,
              0
            ],
            "0.2": [
              0.875,
              0.85,
              0
            ],
            "0.24": [
              0,
              -0.875,
              1.25
            ],
            "0.28": [
              -1.025,
              0,
              -1.25
            ],
            "0.32": [
              0,
              0,
              0
            ],
            "0.36": [
              0.875,
              0.85,
              0
            ],
            "0.4": [
              0,
              -0.875,
              1.25
            ],
            "0.44": [
              -1.025,
              0,
              -1.25
            ],
            "0.48": [
              0,
              0,
              0
            ],
            "0.52": [
              0.875,
              0.85,
              0
            ],
            "0.56": [
              0,
              -0.875,
              1.25
            ],
            "0.6": [
              -1.025,
              0,
              -1.25
            ],
            "0.64": [
              0,
              0,
              0
            ],
            "0.68": [
              0.875,
              0.85,
              0
            ],
            "0.72": [
              0,
              -0.875,
              1.25
            ],
            "0.76": [
              -1.025,
              0,
              -1.25
            ],
            "0.8": [
              0,
              0,
              0
            ],
            "0.84": [
              0.875,
              0.85,
              0
            ],
            "0.88": [
              0,
              -0.875,
              1.25
            ],
            "0.92": [
              -1.025,
              0,
              -1.25
            ],
            "0.96": [
              0,
              0,
              0
            ],
            "1.0": [
              0.875,
              0.85,
              0
            ],
            "1.04": [
              0,
              -0.875,
              1.25
            ],
            "1.08": [
              -1.025,
              0,
              -1.25
            ],
            "1.12": [
              0,
              0,
              0
            ],
            "1.16": [
              0.875,
              0.85,
              0
            ],
            "1.2": [
              0,
              -0.875,
              1.25
            ],
            "1.24": [
              -1.025,
              0,
              -1.25
            ],
            "1.28": [
              0,
              0,
              0
            ],
            "1.32": [
              0.875,
              0.85,
              0
            ],
            "1.36": [
              0,
              -0.875,
              1.25
            ],
            "1.4": [
              -1.025,
              0,
              -1.25
            ],
            "1.44": [
              0,
              0,
              0
            ],
            "1.48": [
              0.875,
              0.85,
              0
            ],
            "1.52": [
              0,
              -0.875,
              1.25
            ],
            "1.56": [
              -1.025,
              0,
              -1.25
            ],
            "1.6": [
              0,
              0,
              0
            ],
            "1.64": [
              0.875,
              0.85,
              0
            ],
            "1.68": [
              0,
              -0.875,
              1.25
            ],
            "1.72": [
              -1.025,
              0,
              -1.25
            ],
            "1.76": [
              0,
              0,
              0
            ],
            "1.8": [
              0.875,
              0.85,
              0
            ],
            "1.84": [
              0,
              -0.875,
              1.25
            ],
            "1.88": [
              -1.025,
              0,
              -1.25
            ],
            "1.92": [
              0,
              0,
              0
            ],
            "1.96": [
              0.875,
              0.85,
              0
            ],
            "2.0": [
              0,
              -0.875,
              1.25
            ],
            "2.04": [
              -1.025,
              0,
              -1.25
            ],
            "2.08": [
              0,
              0,
              0
            ],
            "2.12": [
              0.875,
              0.85,
              0
            ],
            "2.16": [
              0,
              -0.875,
              1.25
            ],
            "2.2": [
              -1.025,
              0,
              -1.25
            ],
            "2.24": [
              0,
              0,
              0
            ],
            "2.28": [
              0.875,
              0.85,
              0
            ],
            "2.32": [
              0,
              -0.875,
              1.25
            ],
            "2.36": [
              -1.025,
              0,
              -1.25
            ],
            "2.4": [
              0,
              0,
              0
            ],
            "2.44": [
              0.875,
              0.85,
              0
            ],
            "2.48": [
              0,
              -0.875,
              1.25
            ],
            "2.52": [
              -1.025,
              0,
              -1.25
            ],
            "2.56": [
              0,
              0,
              0
            ],
            "2.6": [
              0.875,
              0.85,
              0
            ],
            "2.64": [
              0,
              -0.875,
              1.25
            ],
            "2.68": [
              -1.025,
              0,
              -1.25
            ],
            "2.72": [
              0,
              0,
              0
            ],
            "2.76": [
              0.875,
              0.85,
              0
            ],
            "2.8": [
              0,
              -0.875,
              1.25
            ],
            "2.84": [
              -1.025,
              0,
              -1.25
            ],
            "2.88": [
              0,
              0,
              0
            ],
            "2.92": [
              0.875,
              0.85,
              0
            ],
            "2.96": [
              0,
              -0.875,
              1.25
            ],
            "3.0": [
              -1.025,
              0,
              -1.25
            ],
            "3.04": [
              0,
              0,
              0
            ],
            "3.08": [
              0.875,
              0.85,
              0
            ],
            "3.12": [
              0,
              -0.875,
              1.25
            ],
            "3.16": [
              -1.025,
              0,
              -1.25
            ],
            "3.2": [
              0,
              0,
              0
            ],
            "3.24": [
              0.875,
              0.85,
              0
            ],
            "3.28": [
              0,
              -0.875,
              1.25
            ],
            "3.32": [
              -1.025,
              0,
              -1.25
            ],
            "3.36": [
              0,
              0,
              0
            ],
            "3.4": [
              0.875,
              0.85,
              0
            ],
            "3.44": [
              0,
              -0.875,
              1.25
            ],
            "3.48": [
              -1.025,
              0,
              -1.25
            ],
            "3.52": [
              0,
              0,
              0
            ],
            "3.56": [
              0.875,
              0.85,
              0
            ],
            "3.6": [
              0,
              -0.875,
              1.25
            ],
            "3.64": [
              -1.025,
              0,
              -1.25
            ],
            "3.68": [
              0,
              0,
              0
            ],
            "3.72": [
              0.875,
              0.85,
              0
            ],
            "3.76": [
              0,
              -0.875,
              1.25
            ],
            "3.8": [
              -1.025,
              0,
              -1.25
            ]
          }
        }
      }
    }
  }
}