{
  "format_version": "1.8.0",
  "animations": {
    "animation.hive.sonic.cp.laser.deactivated": {
      "loop": true,
      "bones": {
        "beam": {
          "scale": [
            1,
            1,
            0
          ]
        }
      }
    },
    "animation.hive.sonic.cp.laser.activated": {
      "loop": true,
      "bones": {
        "beam": {
          "scale": [
            1,
            1,
            "query.variant"
          ]
        }
      }
    },
    "animation.hive.sonic.cp.laser.rotation": {
      "loop": true,
      "bones": {
        "root": {
          "rotation": [
            "query.body_x_rotation",
            0,
            0
          ]
        }
      }
    }
  }
}