{
  "format_version": "1.8.0",
  "animations": {
    "animation.hive.sonic.cp.voltmeter.idle": {
      "loop": true,
      "animation_length": 3.6,
      "bones": {
        "vibrate": {
          "rotation": {
            "0.0": [
              0,
              0,
              0
            ],
            "0.12": [
              0,
              0,
              -0.35
            ],
            "0.2": [
              0,
              0,
              -1.75
            ],
            "0.36": [
              0,
              0,
              -1.4
            ],
            "0.52": [
              0,
              0,
              -1.75
            ],
            "0.8": [
              0,
              0,
              -1.75
            ],
            "0.88": [
              0,
              0,
              -2.5
            ],
            "0.96": [
              0,
              0,
              -1.86
            ],
            "1.0": [
              0,
              0,
              0
            ],
            "1.2": [
              0,
              0,
              0.55
            ],
            "1.44": [
              0,
              0,
              0.75
            ],
            "1.6": [
              0,
              0,
              0.4
            ],
            "1.76": [
              0,
              0,
              0.75
            ],
            "2.24": [
              0,
              0,
              0.75
            ],
            "2.32": [
              0,
              0,
              1.5
            ],
            "2.48": [
              0,
              0,
              0
            ],
            "2.68": [
              0,
              0,
              -0.75
            ],
            "2.84": [
              0,
              0,
              -0.4
            ],
            "3.0": [
              0,
              0,
              -0.75
            ],
            "3.28": [
              0,
              0,
              -0.75
            ],
            "3.36": [
              0,
              0,
              -0.5
            ],
            "3.48": [
              0,
              0,
              -0.05
            ],
            "3.6": [
              0,
              0,
              0
            ]
          }
        }
      }
    },
    "animation.hive.sonic.cp.voltmeter.shock": {
      "loop": "hold_on_last_frame",
      "animation_length": 4.16,
      "bones": {
        "root": {
          "rotation": {
            "0.08": [
              0,
              0,
              0
            ],
            "0.12": [
              0,
              0,
              -1.75
            ],
            "0.16": [
              0,
              0,
              1.75
            ],
            "0.2": [
              0,
              0,
              -1.55
            ],
            "0.24": [
              0,
              0,
              1.5
            ],
            "0.28": [
              0,
              0,
              -1.45
            ],
            "0.32": [
              0,
              0,
              1.325
            ],
            "0.36": [
              0,
              0,
              -1.325
            ],
            "0.44": [
              0,
              0,
              1.025
            ],
            "0.52": [
              0,
              0,
              -1.15
            ],
            "0.6": [
              0,
              0,
              0.875
            ],
            "0.68": [
              0,
              0,
              -0.95
            ],
            "0.76": [
              0,
              0,
              0.75
            ],
            "0.84": [
              0,
              0,
              -0.95
            ],
            "0.92": [
              0,
              0,
              0.75
            ],
            "1.0": [
              0,
              0,
              -0.95
            ],
            "1.08": [
              0,
              0,
              0.75
            ],
            "1.16": [
              0,
              0,
              -0.95
            ],
            "1.24": [
              0,
              0,
              0.75
            ],
            "1.32": [
              0,
              0,
              -0.95
            ],
            "1.4": [
              0,
              0,
              0.75
            ],
            "1.48": [
              0,
              0,
              -0.95
            ],
            "1.56": [
              0,
              0,
              0.75
            ],
            "1.64": [
              0,
              0,
              -0.95
            ],
            "1.72": [
              0,
              0,
              0.75
            ],
            "1.8": [
              0,
              0,
              -0.95
            ],
            "1.88": [
              0,
              0,
              0.75
            ],
            "1.96": [
              0,
              0,
              -0.95
            ],
            "2.04": [
              0,
              0,
              0.75
            ],
            "2.12": [
              0,
              0,
              -0.95
            ],
            "2.2": [
              0,
              0,
              0.75
            ],
            "2.32": [
              0,
              0,
              -0.95
            ],
            "2.4": [
              0,
              0,
              0.75
            ],
            "2.48": [
              0,
              0,
              -0.95
            ],
            "2.56": [
              0,
              0,
              0.75
            ],
            "2.64": [
              0,
              0,
              -0.95
            ],
            "2.72": [
              0,
              0,
              0.75
            ],
            "2.8": [
              0,
              0,
              -0.95
            ],
            "2.88": [
              0,
              0,
              0.75
            ],
            "3.08": [
              0,
              0,
              -0.95
            ],
            "3.32": [
              0,
              0,
              0.75
            ],
            "3.6": [
              0,
              0,
              -0.1
            ],
            "3.88": [
              0,
              0,
              0.05
            ],
            "4.12": [
              0,
              0,
              0
            ]
          },
          "scale": {
            "0.0": [
              1,
              1,
              1
            ],
            "0.04": [
              1.1,
              0.9,
              1
            ],
            "0.08": [
              1.2,
              0.7,
              1
            ],
            "0.12": [
              1.1,
              1.03,
              1
            ],
            "0.2": [
              1,
              1,
              1
            ]
          }
        },
        "vibrate": {
          "rotation": {
            "0.08": [
              0,
              0,
              0
            ],
            "0.16": [
              0,
              0,
              2.5
            ],
            "0.24": [
              0,
              0,
              -2.5
            ],
            "0.32": [
              0,
              0,
              2.5
            ],
            "0.4": [
              0,
              0,
              -2.5
            ],
            "0.48": [
              0,
              0,
              2.5
            ],
            "0.56": [
              0,
              0,
              -2.5
            ],
            "0.64": [
              0,
              0,
              2.5
            ],
            "0.72": [
              0,
              0,
              -2.5
            ],
            "0.8": [
              0,
              0,
              2.5
            ],
            "0.88": [
              0,
              0,
              -2.5
            ],
            "0.96": [
              0,
              0,
              2.5
            ],
            "1.04": [
              0,
              0,
              -2.5
            ],
            "1.12": [
              0,
              0,
              2.5
            ],
            "1.2": [
              0,
              0,
              -2.5
            ],
            "1.28": [
              0,
              0,
              2.5
            ],
            "1.36": [
              0,
              0,
              -2.5
            ],
            "1.44": [
              0,
              0,
              2.5
            ],
            "1.52": [
              0,
              0,
              -2.5
            ],
            "1.6": [
              0,
              0,
              2.5
            ],
            "1.68": [
              0,
              0,
              -2.5
            ],
            "1.76": [
              0,
              0,
              2.5
            ],
            "1.84": [
              0,
              0,
              -2.5
            ],
            "1.92": [
              0,
              0,
              2.5
            ],
            "2.0": [
              0,
              0,
              -2.5
            ],
            "2.08": [
              0,
              0,
              2.5
            ],
            "2.16": [
              0,
              0,
              -2.5
            ],
            "2.24": [
              0,
              0,
              2.5
            ],
            "2.32": [
              0,
              0,
              -2.5
            ],
            "2.4": [
              0,
              0,
              2.5
            ],
            "2.48": [
              0,
              0,
              -2.5
            ],
            "2.56": [
              0,
              0,
              2.5
            ],
            "2.64": [
              0,
              0,
              -2.5
            ],
            "2.72": [
              0,
              0,
              2.5
            ],
            "2.8": [
              0,
              0,
              -2.5
            ],
            "2.88": [
              0,
              0,
              2.5
            ],
            "3.04": [
              0,
              0,
              -2.5
            ],
            "3.32": [
              0,
              0,
              2.5
            ],
            "3.48": [
              0,
              0,
              -2.5
            ],
            "4.12": [
              0,
              0,
              0
            ]
          }
        }
      }
    },
    "animation.hive.sonic.cp.voltmeter.needle": {
      "loop": true,
      "bones": {
        "pointer": {
          "rotation": [
            0,
            0,
            "((query.variant / 100) * 140) -  70"
          ]
        }
      }
    }
  }
}