{
  "format_version": "1.12.0",
  "minecraft:geometry": [
    {
      "description": {
        "identifier": "geometry.hive.sonic.pw.metal_panel_corner_bottom",
        "texture_width": 32,
        "texture_height": 32,
        "visible_bounds_width": 5,
        "visible_bounds_height": 6,
        "visible_bounds_offset": [
          0,
          1,
          0
        ]
      },
      "bones": [
        {
          "name": "root",
          "pivot": [
            0,
            0,
            0
          ]
        },
        {
          "name": "bone",
          "parent": "root",
          "pivot": [
            0,
            0,
            0
          ],
          "cubes": [
            {
              "origin": [
                -8,
                0,
                -8
              ],
              "size": [
                16,
                3,
                13
              ],
              "uv": {
                "north": {
                  "uv": [
                    3,
                    22
                  ],
                  "uv_size": [
                    16,
                    -3
                  ]
                },
                "east": {
                  "uv": [
                    16,
                    19
                  ],
                  "uv_size": [
                    -13,
                    -3
                  ]
                },
                "west": {
                  "uv": [
                    3,
                    19
                  ],
                  "uv_size": [
                    13,
                    -3
                  ]
                },
                "up": {
                  "uv": [
                    16,
                    16
                  ],
                  "uv_size": [
                    -16,
                    -13
                  ]
                }
              }
            },
            {
              "origin": [
                -8,
                3,
                5
              ],
              "size": [
                16,
                13,
                3
              ],
              "uv": {
                "north": {
                  "uv": [
                    0,
                    3
                  ],
                  "uv_size": [
                    16,
                    13
                  ]
                },
                "east": {
                  "uv": [
                    0,
                    16
                  ],
                  "uv_size": [
                    3,
                    13
                  ]
                },
                "west": {
                  "uv": [
                    3,
                    16
                  ],
                  "uv_size": [
                    -3,
                    13
                  ]
                },
                "up": {
                  "uv": [
                    19,
                    22
                  ],
                  "uv_size": [
                    -16,
                    -3
                  ]
                }
              }
            },
            {
              "origin": [
                -8,
                0,
                5
              ],
              "size": [
                16,
                3,
                3
              ],
              "uv": {
                "east": {
                  "uv": [
                    0,
                    32
                  ],
                  "uv_size": [
                    3,
                    -3
                  ]
                },
                "west": {
                  "uv": [
                    3,
                    32
                  ],
                  "uv_size": [
                    -3,
                    -3
                  ]
                }
              }
            }
          ]
        }
      ]
    }
  ]
}