{
  "minecraft:geometry": [
    {
      "description": {
        "identifier": "geometry.hive.sonic.ss.wall_corner",
        "texture_width": 32,
        "texture_height": 32,
        "visible_bounds_width": 6,
        "visible_bounds_height": 7,
        "visible_bounds_offset": [
          0,
          1.5,
          0
        ]
      },
      "bones": [
        {
          "name": "root",
          "pivot": [
            0,
            0,
            0
          ]
        },
        {
          "name": "wall_corner",
          "parent": "root",
          "pivot": [
            0,
            0,
            0
          ],
          "cubes": [
            {
              "origin": [
                -5,
                3,
                -5
              ],
              "size": [
                10,
                11,
                10
              ],
              "uv": {
                "north": {
                  "uv": [
                    19,
                    1
                  ],
                  "uv_size": [
                    10,
                    13
                  ]
                },
                "east": {
                  "uv": [
                    0,
                    0
                  ],
                  "uv_size": [
                    10,
                    13
                  ]
                },
                "south": {
                  "uv": [
                    19,
                    1
                  ],
                  "uv_size": [
                    10,
                    13
                  ]
                },
                "west": {
                  "uv": [
                    0,
                    0
                  ],
                  "uv_size": [
                    10,
                    13
                  ]
                }
              }
            },
            {
              "origin": [
                -7,
                0,
                -7
              ],
              "size": [
                14,
                3,
                14
              ],
              "uv": {
                "north": {
                  "uv": [
                    0,
                    13
                  ],
                  "uv_size": [
                    14,
                    3
                  ]
                },
                "east": {
                  "uv": [
                    0,
                    13
                  ],
                  "uv_size": [
                    14,
                    3
                  ]
                },
                "south": {
                  "uv": [
                    0,
                    13
                  ],
                  "uv_size": [
                    14,
                    3
                  ]
                },
                "west": {
                  "uv": [
                    0,
                    13
                  ],
                  "uv_size": [
                    14,
                    3
                  ]
                },
                "up": {
                  "uv": [
                    32,
                    32
                  ],
                  "uv_size": [
                    -14,
                    -14
                  ]
                },
                "down": {
                  "uv": [
                    14,
                    16
                  ],
                  "uv_size": [
                    -1,
                    -1
                  ]
                }
              }
            },
            {
              "origin": [
                -7,
                14,
                -7
              ],
              "size": [
                14,
                3,
                14
              ],
              "uv": {
                "north": {
                  "uv": [
                    0,
                    13
                  ],
                  "uv_size": [
                    14,
                    3
                  ]
                },
                "east": {
                  "uv": [
                    0,
                    13
                  ],
                  "uv_size": [
                    14,
                    3
                  ]
                },
                "south": {
                  "uv": [
                    0,
                    13
                  ],
                  "uv_size": [
                    14,
                    3
                  ]
                },
                "west": {
                  "uv": [
                    0,
                    13
                  ],
                  "uv_size": [
                    14,
                    3
                  ]
                },
                "up": {
                  "uv": [
                    14,
                    32
                  ],
                  "uv_size": [
                    -14,
                    -14
                  ]
                },
                "down": {
                  "uv": [
                    14,
                    16
                  ],
                  "uv_size": [
                    -1,
                    -1
                  ]
                }
              }
            },
            {
              "origin": [
                7,
                0,
                -4
              ],
              "size": [
                1,
                3,
                8
              ],
              "uv": {
                "north": {
                  "uv": [
                    10,
                    0
                  ],
                  "uv_size": [
                    1,
                    3
                  ]
                },
                "east": {
                  "uv": [
                    10,
                    0
                  ],
                  "uv_size": [
                    8,
                    3
                  ]
                },
                "south": {
                  "uv": [
                    10,
                    0
                  ],
                  "uv_size": [
                    1,
                    3
                  ]
                },
                "west": {
                  "uv": [
                    10,
                    0
                  ],
                  "uv_size": [
                    8,
                    3
                  ]
                },
                "up": {
                  "uv": [
                    11,
                    3
                  ],
                  "uv_size": [
                    1,
                    8
                  ]
                },
                "down": {
                  "uv": [
                    10,
                    2
                  ],
                  "uv_size": [
                    1,
                    1
                  ]
                }
              }
            },
            {
              "origin": [
                -4,
                0,
                -8
              ],
              "size": [
                8,
                3,
                1
              ],
              "uv": {
                "north": {
                  "uv": [
                    10,
                    0
                  ],
                  "uv_size": [
                    8,
                    3
                  ]
                },
                "east": {
                  "uv": [
                    10,
                    0
                  ],
                  "uv_size": [
                    1,
                    3
                  ]
                },
                "south": {
                  "uv": [
                    10,
                    0
                  ],
                  "uv_size": [
                    8,
                    3
                  ]
                },
                "west": {
                  "uv": [
                    10,
                    0
                  ],
                  "uv_size": [
                    1,
                    3
                  ]
                },
                "up": {
                  "uv": [
                    10,
                    0
                  ],
                  "uv_size": [
                    8,
                    1
                  ]
                },
                "down": {
                  "uv": [
                    10,
                    2
                  ],
                  "uv_size": [
                    1,
                    1
                  ]
                }
              }
            },
            {
              "origin": [
                7,
                14,
                -5
              ],
              "size": [
                1,
                3,
                10
              ],
              "uv": {
                "north": {
                  "uv": [
                    10,
                    0
                  ],
                  "uv_size": [
                    1,
                    3
                  ]
                },
                "east": {
                  "uv": [
                    10,
                    0
                  ],
                  "uv_size": [
                    8,
                    3
                  ]
                },
                "south": {
                  "uv": [
                    10,
                    0
                  ],
                  "uv_size": [
                    1,
                    3
                  ]
                },
                "west": {
                  "uv": [
                    19,
                    14
                  ],
                  "uv_size": [
                    10,
                    3
                  ]
                },
                "up": {
                  "uv": [
                    10,
                    3
                  ],
                  "uv_size": [
                    1,
                    10
                  ]
                },
                "down": {
                  "uv": [
                    10,
                    2
                  ],
                  "uv_size": [
                    1,
                    1
                  ]
                }
              }
            },
            {
              "origin": [
                -5,
                14,
                -8
              ],
              "size": [
                10,
                3,
                1
              ],
              "uv": {
                "north": {
                  "uv": [
                    19,
                    14
                  ],
                  "uv_size": [
                    10,
                    3
                  ]
                },
                "east": {
                  "uv": [
                    10,
                    0
                  ],
                  "uv_size": [
                    1,
                    3
                  ]
                },
                "south": {
                  "uv": [
                    10,
                    0
                  ],
                  "uv_size": [
                    8,
                    3
                  ]
                },
                "west": {
                  "uv": [
                    10,
                    0
                  ],
                  "uv_size": [
                    1,
                    3
                  ]
                },
                "up": {
                  "uv": [
                    19,
                    15
                  ],
                  "uv_size": [
                    10,
                    -1
                  ]
                },
                "down": {
                  "uv": [
                    10,
                    2
                  ],
                  "uv_size": [
                    1,
                    1
                  ]
                }
              }
            }
          ]
        }
      ]
    }
  ],
  "format_version": "1.12.0"
}