{
  "minecraft:geometry": [
    {
      "description": {
        "identifier": "geometry.hive.sonic.ss.wall_post",
        "texture_width": 32,
        "texture_height": 32,
        "visible_bounds_width": 6,
        "visible_bounds_height": 7,
        "visible_bounds_offset": [
          0,
          1.5,
          0
        ]
      },
      "bones": [
        {
          "name": "root",
          "pivot": [
            0,
            0,
            0
          ]
        },
        {
          "name": "wall_mid",
          "parent": "root",
          "pivot": [
            0,
            0,
            0
          ],
          "cubes": [
            {
              "origin": [
                -5,
                3,
                -5
              ],
              "size": [
                10,
                11,
                10
              ],
              "uv": {
                "north": {
                  "uv": [
                    18,
                    0
                  ],
                  "uv_size": [
                    10,
                    13
                  ]
                },
                "east": {
                  "uv": [
                    0,
                    0
                  ],
                  "uv_size": [
                    10,
                    13
                  ]
                },
                "south": {
                  "uv": [
                    0,
                    0
                  ],
                  "uv_size": [
                    10,
                    13
                  ]
                },
                "west": {
                  "uv": [
                    0,
                    0
                  ],
                  "uv_size": [
                    10,
                    13
                  ]
                }
              }
            },
            {
              "origin": [
                -7,
                0,
                -7
              ],
              "size": [
                14,
                3,
                14
              ],
              "uv": {
                "north": {
                  "uv": [
                    30,
                    13
                  ],
                  "uv_size": [
                    -14,
                    3
                  ]
                },
                "east": {
                  "uv": [
                    0,
                    13
                  ],
                  "uv_size": [
                    14,
                    3
                  ]
                },
                "south": {
                  "uv": [
                    0,
                    13
                  ],
                  "uv_size": [
                    14,
                    3
                  ]
                },
                "west": {
                  "uv": [
                    0,
                    13
                  ],
                  "uv_size": [
                    14,
                    3
                  ]
                },
                "up": {
                  "uv": [
                    18,
                    18
                  ],
                  "uv_size": [
                    14,
                    14
                  ]
                },
                "down": {
                  "uv": [
                    14,
                    16
                  ],
                  "uv_size": [
                    -1,
                    -1
                  ]
                }
              }
            },
            {
              "origin": [
                -7,
                14,
                -7
              ],
              "size": [
                14,
                3,
                14
              ],
              "uv": {
                "north": {
                  "uv": [
                    0,
                    13
                  ],
                  "uv_size": [
                    14,
                    3
                  ]
                },
                "east": {
                  "uv": [
                    0,
                    13
                  ],
                  "uv_size": [
                    14,
                    3
                  ]
                },
                "south": {
                  "uv": [
                    0,
                    13
                  ],
                  "uv_size": [
                    14,
                    3
                  ]
                },
                "west": {
                  "uv": [
                    0,
                    13
                  ],
                  "uv_size": [
                    14,
                    3
                  ]
                },
                "up": {
                  "uv": [
                    14,
                    32
                  ],
                  "uv_size": [
                    -14,
                    -14
                  ]
                },
                "down": {
                  "uv": [
                    14,
                    16
                  ],
                  "uv_size": [
                    -1,
                    -1
                  ]
                }
              }
            },
            {
              "origin": [
                -8,
                0,
                -4
              ],
              "size": [
                1,
                3,
                8
              ],
              "uv": {
                "north": {
                  "uv": [
                    10,
                    0
                  ],
                  "uv_size": [
                    1,
                    3
                  ]
                },
                "east": {
                  "uv": [
                    10,
                    0
                  ],
                  "uv_size": [
                    8,
                    3
                  ]
                },
                "south": {
                  "uv": [
                    10,
                    0
                  ],
                  "uv_size": [
                    1,
                    3
                  ]
                },
                "west": {
                  "uv": [
                    10,
                    0
                  ],
                  "uv_size": [
                    8,
                    3
                  ]
                },
                "up": {
                  "uv": [
                    12,
                    11
                  ],
                  "uv_size": [
                    -1,
                    -8
                  ]
                },
                "down": {
                  "uv": [
                    11,
                    3
                  ],
                  "uv_size": [
                    -1,
                    -1
                  ]
                }
              }
            },
            {
              "origin": [
                7,
                0,
                -4
              ],
              "size": [
                1,
                3,
                8
              ],
              "uv": {
                "north": {
                  "uv": [
                    11,
                    0
                  ],
                  "uv_size": [
                    -1,
                    3
                  ]
                },
                "east": {
                  "uv": [
                    18,
                    0
                  ],
                  "uv_size": [
                    -8,
                    3
                  ]
                },
                "south": {
                  "uv": [
                    11,
                    0
                  ],
                  "uv_size": [
                    -1,
                    3
                  ]
                },
                "west": {
                  "uv": [
                    18,
                    0
                  ],
                  "uv_size": [
                    -8,
                    3
                  ]
                },
                "up": {
                  "uv": [
                    11,
                    11
                  ],
                  "uv_size": [
                    1,
                    -8
                  ]
                },
                "down": {
                  "uv": [
                    10,
                    3
                  ],
                  "uv_size": [
                    1,
                    -1
                  ]
                }
              }
            },
            {
              "origin": [
                -8,
                14,
                -5
              ],
              "size": [
                1,
                3,
                10
              ],
              "uv": {
                "north": {
                  "uv": [
                    10,
                    0
                  ],
                  "uv_size": [
                    1,
                    3
                  ]
                },
                "east": {
                  "uv": [
                    20,
                    24
                  ],
                  "uv_size": [
                    10,
                    3
                  ]
                },
                "south": {
                  "uv": [
                    10,
                    0
                  ],
                  "uv_size": [
                    1,
                    3
                  ]
                },
                "west": {
                  "uv": [
                    10,
                    0
                  ],
                  "uv_size": [
                    8,
                    3
                  ]
                },
                "up": {
                  "uv": [
                    11,
                    13
                  ],
                  "uv_size": [
                    -1,
                    -10
                  ]
                },
                "down": {
                  "uv": [
                    11,
                    3
                  ],
                  "uv_size": [
                    -1,
                    -1
                  ]
                }
              }
            },
            {
              "origin": [
                7,
                14,
                -5
              ],
              "size": [
                1,
                3,
                10
              ],
              "uv": {
                "north": {
                  "uv": [
                    11,
                    0
                  ],
                  "uv_size": [
                    -1,
                    3
                  ]
                },
                "east": {
                  "uv": [
                    18,
                    0
                  ],
                  "uv_size": [
                    -8,
                    3
                  ]
                },
                "south": {
                  "uv": [
                    11,
                    0
                  ],
                  "uv_size": [
                    -1,
                    3
                  ]
                },
                "west": {
                  "uv": [
                    30,
                    24
                  ],
                  "uv_size": [
                    -10,
                    3
                  ]
                },
                "up": {
                  "uv": [
                    10,
                    13
                  ],
                  "uv_size": [
                    1,
                    -10
                  ]
                },
                "down": {
                  "uv": [
                    10,
                    3
                  ],
                  "uv_size": [
                    1,
                    -1
                  ]
                }
              }
            }
          ]
        }
      ]
    }
  ],
  "format_version": "1.12.0"
}