{
  "format_version": "1.8.0",
  "minecraft:client_entity": {
    "description": {
      "identifier": "hive:sph_beacon",
      "materials": {
        "default": "entity_emissive"
      },
      "textures": {
        "red": "textures/entity/hive/sonic/sph/beacon/red",
        "yellow": "textures/entity/hive/sonic/sph/beacon/yellow",
        "green": "textures/entity/hive/sonic/sph/beacon/green"
      },
      "geometry": {
        "default": "geometry.hive.sonic.sph.beacon"
      },
      "render_controllers": [
        "controller.render.hive.sonic.sph.beacon"
      ]
    }
  }
}