{
  "format_version": "1.8.0",
  "minecraft:client_entity": {
    "description": {
      "identifier": "hive:sph_emergency_light",
      "materials": {
        "default": "entity_alphatest",
        "emissive": "entity_emissive"
      },
      "textures": {
        "frame": "textures/entity/hive/sonic/sph/emergency_light/frame",
        "red": "textures/entity/hive/sonic/sph/emergency_light/red",
        "yellow": "textures/entity/hive/sonic/sph/emergency_light/yellow",
        "green": "textures/entity/hive/sonic/sph/emergency_light/green"
      },
      "geometry": {
        "frame": "geometry.hive.sonic.sph.emergency_light.frame",
        "light": "geometry.hive.sonic.sph.emergency_light.light"
      },
      "render_controllers": [
        "controller.render.hive.sonic.sph.emergency_light.frame",
        "controller.render.hive.sonic.sph.emergency_light.light"
      ]
    }
  }
}