{
  "format_version": "1.8.0",
  "minecraft:client_entity": {
    "description": {
      "identifier": "hive:sph_lights",
      "materials": {
        "default": "entity_alphatest",
        "emissive": "entity_emissive"
      },
      "textures": {
        "frame": "textures/entity/hive/sonic/sph/lights/frame",
        "red": "textures/entity/hive/sonic/sph/lights/red",
        "yellow": "textures/entity/hive/sonic/sph/lights/yellow",
        "green": "textures/entity/hive/sonic/sph/lights/green"
      },
      "geometry": {
        "frame": "geometry.hive.sonic.sph.lights.frame",
        "lights": "geometry.hive.sonic.sph.lights.lights"
      },
      "render_controllers": [
        "controller.render.hive.sonic.sph.lights.frame",
        "controller.render.hive.sonic.sph.lights.lights"
      ]
    }
  }
}