{
  "format_version": "1.12.0",
  "minecraft:geometry": [
    {
      "description": {
        "identifier": "geometry.hive.sonic.ghz.fence.corner",
        "texture_width": 64,
        "texture_height": 64,
        "visible_bounds_width": 12,
        "visible_bounds_height": 3,
        "visible_bounds_offset": [
          0,
          0.5,
          0
        ]
      },
      "bones": [
        {
          "name": "root",
          "pivot": [
            -32,
            7,
            0
          ],
          "cubes": [
            {
              "origin": [
                -2,
                3,
                -2
              ],
              "size": [
                4,
                7,
                4
              ],
              "uv": [
                20,
                22
              ]
            },
            {
              "origin": [
                -1,
                5,
                2
              ],
              "size": [
                2,
                3,
                6
              ],
              "uv": [
                24,
                0
              ]
            },
            {
              "origin": [
                -1,
                12,
                3
              ],
              "size": [
                2,
                3,
                5
              ],
              "uv": [
                28,
                9
              ]
            },
            {
              "origin": [
                -3,
                10,
                -3
              ],
              "size": [
                6,
                11,
                6
              ],
              "uv": [
                0,
                0
              ]
            },
            {
              "origin": [
                -8,
                5,
                -1
              ],
              "size": [
                6,
                3,
                2
              ],
              "uv": [
                32,
                20
              ]
            },
            {
              "origin": [
                -8,
                12,
                -1
              ],
              "size": [
                5,
                3,
                2
              ],
              "uv": [
                0,
                33
              ]
            },
            {
              "origin": [
                -3,
                0,
                -3
              ],
              "size": [
                6,
                3,
                6
              ],
              "uv": [
                0,
                17
              ]
            },
            {
              "origin": [
                3.12541,
                12.77622,
                -1
              ],
              "size": [
                6,
                5,
                2
              ],
              "pivot": [
                0,
                0,
                0
              ],
              "rotation": [
                0,
                0,
                -5
              ],
              "uv": [
                0,
                26
              ]
            },
            {
              "origin": [
                -1,
                12.77622,
                -9.12541
              ],
              "size": [
                2,
                5,
                6
              ],
              "pivot": [
                0,
                0,
                0
              ],
              "rotation": [
                -5,
                0,
                0
              ],
              "uv": [
                18,
                11
              ]
            }
          ]
        }
      ]
    }
  ]
}