{
  "format_version": "1.12.0",
  "minecraft:geometry": [
    {
      "description": {
        "identifier": "geometry.hive.sonic.ghz.fence.middle",
        "texture_width": 64,
        "texture_height": 64,
        "visible_bounds_width": 12,
        "visible_bounds_height": 3,
        "visible_bounds_offset": [
          0,
          0.5,
          0
        ]
      },
      "bones": [
        {
          "name": "root",
          "pivot": [
            -32,
            7,
            0
          ],
          "cubes": [
            {
              "origin": [
                -8,
                5,
                -1
              ],
              "size": [
                16,
                3,
                2
              ],
              "uv": [
                0,
                5
              ]
            },
            {
              "origin": [
                -8,
                12,
                -1
              ],
              "size": [
                16,
                3,
                2
              ],
              "uv": [
                0,
                0
              ]
            }
          ]
        }
      ]
    }
  ]
}