{
  "format_version": "1.12.0",
  "minecraft:geometry": [
    {
      "description": {
        "identifier": "geometry.hive.sonic.ghz.grass.arrow",
        "texture_width": 16,
        "texture_height": 16,
        "visible_bounds_width": 2,
        "visible_bounds_height": 1.5,
        "visible_bounds_offset": [
          0,
          0.25,
          0
        ]
      },
      "bones": [
        {
          "name": "root",
          "pivot": [
            0,
            0,
            0
          ],
          "cubes": [
            {
              "origin": [
                -8,
                0.01,
                -8
              ],
              "size": [
                16,
                0,
                16
              ],
              "uv": {
                "up": {
                  "uv": [
                    0,
                    0
                  ],
                  "uv_size": [
                    16,
                    16
                  ]
                }
              }
            }
          ]
        }
      ]
    }
  ]
}