{
  "minecraft:geometry": [
    {
      "description": {
        "identifier": "geometry.hive.sonic.ghz.grass.frilly.corner.inside",
        "texture_width": 16,
        "texture_height": 16,
        "visible_bounds_width": 3,
        "visible_bounds_height": 3,
        "visible_bounds_offset": [
          0,
          0.5,
          0
        ]
      },
      "bones": [
        {
          "name": "root",
          "pivot": [
            0,
            0,
            0
          ],
          "cubes": [
            {
              "origin": [
                -8,
                -1.72847,
                -7.80829
              ],
              "size": [
                16,
                0,
                3
              ],
              "pivot": [
                0,
                0.01153,
                -0.00829
              ],
              "rotation": [
                -12.5,
                0,
                0
              ],
              "uv": {
                "up": {
                  "uv": [
                    16,
                    0
                  ],
                  "uv_size": [
                    -16,
                    3
                  ]
                }
              }
            },
            {
              "origin": [
                -7.99171,
                -1.72947,
                -7.8
              ],
              "size": [
                16,
                0,
                3
              ],
              "pivot": [
                0.00829,
                0.01053,
                0
              ],
              "rotation": [
                -12.5,
                -90,
                0
              ],
              "uv": {
                "up": {
                  "uv": [
                    16,
                    0
                  ],
                  "uv_size": [
                    -16,
                    3
                  ]
                }
              }
            }
          ]
        }
      ]
    }
  ],
  "format_version": "1.12.0"
}