{
  "minecraft:geometry": [
    {
      "description": {
        "identifier": "geometry.hive.sonic.ghz.rail.corner",
        "texture_width": 32,
        "texture_height": 32,
        "visible_bounds_width": 4,
        "visible_bounds_height": 3,
        "visible_bounds_offset": [
          0,
          0.5,
          0
        ]
      },
      "bones": [
        {
          "name": "root",
          "pivot": [
            0,
            0,
            0
          ],
          "cubes": [
            {
              "origin": [
                -8,
                12,
                -3
              ],
              "size": [
                5,
                4,
                6
              ],
              "uv": {
                "north": {
                  "uv": [
                    0,
                    18
                  ],
                  "uv_size": [
                    5,
                    4
                  ]
                },
                "east": {
                  "uv": [
                    6,
                    0
                  ],
                  "uv_size": [
                    6,
                    4
                  ]
                },
                "south": {
                  "uv": [
                    6,
                    16
                  ],
                  "uv_size": [
                    5,
                    4
                  ]
                },
                "up": {
                  "uv": [
                    5,
                    18
                  ],
                  "uv_size": [
                    -5,
                    -6
                  ]
                },
                "down": {
                  "uv": [
                    22,
                    17
                  ],
                  "uv_size": [
                    -5,
                    -6
                  ]
                }
              }
            },
            {
              "origin": [
                -8,
                9,
                -2
              ],
              "size": [
                6,
                3,
                4
              ],
              "uv": {
                "north": {
                  "uv": [
                    0,
                    22
                  ],
                  "uv_size": [
                    6,
                    3
                  ]
                },
                "east": {
                  "uv": [
                    12,
                    0
                  ],
                  "uv_size": [
                    4,
                    3
                  ]
                },
                "south": {
                  "uv": [
                    22,
                    21
                  ],
                  "uv_size": [
                    6,
                    3
                  ]
                },
                "down": {
                  "uv": [
                    28,
                    18
                  ],
                  "uv_size": [
                    -6,
                    -4
                  ]
                }
              }
            },
            {
              "origin": [
                -3,
                12,
                -8
              ],
              "size": [
                6,
                4,
                11
              ],
              "uv": {
                "north": {
                  "uv": [
                    6,
                    0
                  ],
                  "uv_size": [
                    6,
                    4
                  ]
                },
                "east": {
                  "uv": [
                    6,
                    8
                  ],
                  "uv_size": [
                    11,
                    4
                  ]
                },
                "south": {
                  "uv": [
                    6,
                    12
                  ],
                  "uv_size": [
                    6,
                    4
                  ]
                },
                "west": {
                  "uv": [
                    6,
                    4
                  ],
                  "uv_size": [
                    11,
                    4
                  ]
                },
                "up": {
                  "uv": [
                    0,
                    0
                  ],
                  "uv_size": [
                    6,
                    11
                  ]
                },
                "down": {
                  "uv": [
                    23,
                    11
                  ],
                  "uv_size": [
                    -6,
                    -11
                  ]
                }
              }
            },
            {
              "origin": [
                -2,
                9,
                -8
              ],
              "size": [
                4,
                3,
                10
              ],
              "uv": {
                "north": {
                  "uv": [
                    12,
                    0
                  ],
                  "uv_size": [
                    4,
                    3
                  ]
                },
                "east": {
                  "uv": [
                    12,
                    20
                  ],
                  "uv_size": [
                    10,
                    3
                  ]
                },
                "south": {
                  "uv": [
                    22,
                    18
                  ],
                  "uv_size": [
                    4,
                    3
                  ]
                },
                "west": {
                  "uv": [
                    12,
                    17
                  ],
                  "uv_size": [
                    10,
                    3
                  ]
                },
                "down": {
                  "uv": [
                    24,
                    10
                  ],
                  "uv_size": [
                    4,
                    -10
                  ]
                }
              }
            }
          ]
        }
      ]
    }
  ],
  "format_version": "1.12.0"
}