{
  "minecraft:geometry": [
    {
      "description": {
        "identifier": "geometry.hive.sonic.ghz.rail.straight",
        "texture_width": 32,
        "texture_height": 32,
        "visible_bounds_width": 4,
        "visible_bounds_height": 3,
        "visible_bounds_offset": [
          0,
          0.5,
          0
        ]
      },
      "bones": [
        {
          "name": "root",
          "pivot": [
            0,
            0,
            0
          ],
          "cubes": [
            {
              "origin": [
                -3,
                12,
                -8
              ],
              "size": [
                6,
                4,
                16
              ],
              "uv": {
                "north": {
                  "uv": [
                    17,
                    8
                  ],
                  "uv_size": [
                    6,
                    4
                  ]
                },
                "east": {
                  "uv": [
                    0,
                    16
                  ],
                  "uv_size": [
                    16,
                    4
                  ]
                },
                "south": {
                  "uv": [
                    17,
                    8
                  ],
                  "uv_size": [
                    6,
                    4
                  ]
                },
                "west": {
                  "uv": [
                    16,
                    16
                  ],
                  "uv_size": [
                    -16,
                    4
                  ]
                },
                "up": {
                  "uv": [
                    0,
                    0
                  ],
                  "uv_size": [
                    6,
                    16
                  ]
                },
                "down": {
                  "uv": [
                    6,
                    16
                  ],
                  "uv_size": [
                    6,
                    -16
                  ]
                }
              }
            },
            {
              "origin": [
                -2,
                9,
                -8
              ],
              "size": [
                4,
                3,
                16
              ],
              "uv": {
                "north": {
                  "uv": [
                    17,
                    13
                  ],
                  "uv_size": [
                    4,
                    3
                  ]
                },
                "east": {
                  "uv": [
                    0,
                    21
                  ],
                  "uv_size": [
                    16,
                    3
                  ]
                },
                "south": {
                  "uv": [
                    17,
                    13
                  ],
                  "uv_size": [
                    4,
                    3
                  ]
                },
                "west": {
                  "uv": [
                    16,
                    21
                  ],
                  "uv_size": [
                    -16,
                    3
                  ]
                },
                "down": {
                  "uv": [
                    13,
                    16
                  ],
                  "uv_size": [
                    4,
                    -16
                  ]
                }
              }
            }
          ]
        }
      ]
    }
  ],
  "format_version": "1.12.0"
}