{
  "minecraft:geometry": [
    {
      "description": {
        "identifier": "geometry.hive.sonic.ghz.rail.support",
        "texture_width": 16,
        "texture_height": 16,
        "visible_bounds_width": 4,
        "visible_bounds_height": 3,
        "visible_bounds_offset": [
          0,
          0.5,
          0
        ]
      },
      "bones": [
        {
          "name": "support",
          "pivot": [
            0,
            0,
            0
          ],
          "cubes": [
            {
              "origin": [
                -2,
                0,
                -2
              ],
              "size": [
                4,
                16,
                4
              ],
              "uv": {
                "north": {
                  "uv": [
                    0,
                    0
                  ],
                  "uv_size": [
                    4,
                    16
                  ]
                },
                "east": {
                  "uv": [
                    4,
                    0
                  ],
                  "uv_size": [
                    4,
                    16
                  ]
                },
                "south": {
                  "uv": [
                    0,
                    0
                  ],
                  "uv_size": [
                    4,
                    16
                  ]
                },
                "west": {
                  "uv": [
                    4,
                    0
                  ],
                  "uv_size": [
                    4,
                    16
                  ]
                },
                "up": {
                  "uv": [
                    12,
                    4
                  ],
                  "uv_size": [
                    -4,
                    -4
                  ]
                },
                "down": {
                  "uv": [
                    12,
                    4
                  ],
                  "uv_size": [
                    -4,
                    -4
                  ]
                }
              }
            }
          ]
        }
      ]
    }
  ],
  "format_version": "1.12.0"
}