{
  "format_version": "1.8.0",
  "minecraft:client_entity": {
    "description": {
      "identifier": "hive:bpg_sign",
      "materials": {
        "default": "entity_alphatest",
        "faded": "slime_outer"
      },
      "textures": {
        "sign": "textures/entity/hive/sonic/bpg/sign/sign",
        "no_game": "textures/entity/hive/sonic/bpg/sign/no_game",
        "badnik_range": "textures/entity/hive/sonic/bpg/sign/badnik_range",
        "chao_rescue": "textures/entity/hive/sonic/bpg/sign/chao_rescue",
        "go_fast": "textures/entity/hive/sonic/bpg/sign/go_fast",
        "red_light_green_light": "textures/entity/hive/sonic/bpg/sign/red_light_green_light",
        "ring_dash": "textures/entity/hive/sonic/bpg/sign/ring_dash",
        "ring_royale": "textures/entity/hive/sonic/bpg/sign/ring_royale"
      },
      "geometry": {
        "sign": "geometry.hive.sonic.bpg.sign",
        "graphic": "geometry.hive.sonic.bpg.sign.graphic"
      },
      "animations": {
        "idle": "animation.hive.sonic.bpg.sign.idle",
        "spinWait": "animation.hive.sonic.bpg.sign.spinWait",
        "spin1": "animation.hive.sonic.bpg.sign.spin1",
        "spin2": "animation.hive.sonic.bpg.sign.spin2",
        "spin3": "animation.hive.sonic.bpg.sign.spin3"
      },
      "animation_controllers": [
        {
          "idle": "controller.animation.hive.sonic.bpg.sign.idle"
        },
        {
          "spin": "controller.animation.hive.sonic.bpg.sign.spin"
        }
      ],
      "render_controllers": [
        "controller.render.hive.sonic.bpg.sign",
        "controller.render.hive.sonic.bpg.sign.graphic"
      ]
    }
  }
}