{
  "resource_pack_name": "vanilla",
  "texture_name": "atlas.terrain",
  "padding": 8,
  "num_mip_levels": 4,
  "texture_data": {
    "hive:placeholder_ring": {
      "textures": "textures/blocks/hive/placeholder/ring"
    },
    "hive:placeholder_spring": {
      "textures": "textures/blocks/hive/placeholder/spring"
    },
    "hive:placeholder_transparent": {
      "textures": "textures/blocks/hive/placeholder/transparent"
    },
    "hive:generic_dash_panel": {
      "textures": "textures/blocks/hive/generic/dash_panel"
    },
    "hive:ghz_grass_arrow": {
      "textures": "textures/blocks/hive/ghz/grass/arrow"
    },
    "hive:ghz_grass_dark_side_long_dark": {
      "textures": "textures/blocks/hive/ghz/grass/dark_side_long_dark"
    },
    "hive:ghz_grass_dark_side_long_light": {
      "textures": "textures/blocks/hive/ghz/grass/dark_side_long_light"
    },
    "hive:ghz_grass_dark_side_short_dark": {
      "textures": "textures/blocks/hive/ghz/grass/dark_side_short_dark"
    },
    "hive:ghz_grass_dark_side_short_light": {
      "textures": "textures/blocks/hive/ghz/grass/dark_side_short_light"
    },
    "hive:ghz_grass_light_side_long_dark": {
      "textures": "textures/blocks/hive/ghz/grass/light_side_long_dark"
    },
    "hive:ghz_grass_light_side_long_light": {
      "textures": "textures/blocks/hive/ghz/grass/light_side_long_light"
    },
    "hive:ghz_grass_light_side_short_dark": {
      "textures": "textures/blocks/hive/ghz/grass/light_side_short_dark"
    },
    "hive:ghz_grass_light_side_short_light": {
      "textures": "textures/blocks/hive/ghz/grass/light_side_short_light"
    },
    "hive:ghz_grass_top_dark": {
      "textures": "textures/blocks/hive/ghz/grass/top_dark"
    },
    "hive:ghz_grass_top_light": {
      "textures": "textures/blocks/hive/ghz/grass/top_light"
    },
    "hive:ghz_grass_top_dark_rotated": {
      "textures": "textures/blocks/hive/ghz/grass/top_dark_rotated"
    },
    "hive:ghz_grass_top_light_rotated": {
      "textures": "textures/blocks/hive/ghz/grass/top_light_rotated"
    },
    "hive:ghz_grass_frilly": {
      "textures": "textures/blocks/hive/ghz/grass/frilly"
    },
    "hive:ghz_grass_slab_light": {
      "textures": "textures/blocks/hive/ghz/grass/slab_light"
    },
    "hive:ghz_grass_slab_dark": {
      "textures": "textures/blocks/hive/ghz/grass/slab_dark"
    },
    "hive:ghz_grass_tall_grass_short": {
      "textures": "textures/blocks/hive/ghz/grass/tall_grass_short"
    },
    "hive:ghz_grass_tall_grass_medium": {
      "textures": "textures/blocks/hive/ghz/grass/tall_grass_medium"
    },
    "hive:ghz_grass_tall_grass_long": {
      "textures": "textures/blocks/hive/ghz/grass/tall_grass_long"
    },
    "hive:ghz_stone_dark_arrow": {
      "textures": "textures/blocks/hive/ghz/stone/dark_arrow"
    },
    "hive:ghz_stone_dark_arrow_down": {
      "textures": "textures/blocks/hive/ghz/stone/dark_arrow_down"
    },
    "hive:ghz_stone_dark_arrow_left": {
      "textures": "textures/blocks/hive/ghz/stone/dark_arrow_left"
    },
    "hive:ghz_stone_dark_arrow_right": {
      "textures": "textures/blocks/hive/ghz/stone/dark_arrow_right"
    },
    "hive:ghz_stone_dark_cracked_1": {
      "textures": "textures/blocks/hive/ghz/stone/dark_cracked_1"
    },
    "hive:ghz_stone_dark_cracked_2": {
      "textures": "textures/blocks/hive/ghz/stone/dark_cracked_2"
    },
    "hive:ghz_stone_dark_cracked_3": {
      "textures": "textures/blocks/hive/ghz/stone/dark_cracked_3"
    },
    "hive:ghz_stone_dark": {
      "textures": "textures/blocks/hive/ghz/stone/dark"
    },
    "hive:ghz_stone_light_arrow": {
      "textures": "textures/blocks/hive/ghz/stone/light_arrow"
    },
    "hive:ghz_stone_light_arrow_down": {
      "textures": "textures/blocks/hive/ghz/stone/light_arrow_down"
    },
    "hive:ghz_stone_light_arrow_left": {
      "textures": "textures/blocks/hive/ghz/stone/light_arrow_left"
    },
    "hive:ghz_stone_light_arrow_right": {
      "textures": "textures/blocks/hive/ghz/stone/light_arrow_right"
    },
    "hive:ghz_stone_light_cracked_1": {
      "textures": "textures/blocks/hive/ghz/stone/light_cracked_1"
    },
    "hive:ghz_stone_light_cracked_2": {
      "textures": "textures/blocks/hive/ghz/stone/light_cracked_2"
    },
    "hive:ghz_stone_light_cracked_3": {
      "textures": "textures/blocks/hive/ghz/stone/light_cracked_3"
    },
    "hive:ghz_stone_light": {
      "textures": "textures/blocks/hive/ghz/stone/light"
    },
    "hive:ghz_stone_path_dark": {
      "textures": "textures/blocks/hive/ghz/stone/path_dark"
    },
    "hive:ghz_stone_path_light": {
      "textures": "textures/blocks/hive/ghz/stone/path_light"
    },
    "hive:ghz_stone_path_slab_dark": {
      "textures": "textures/blocks/hive/ghz/stone/slab_dark"
    },
    "hive:ghz_stone_path_slab_light": {
      "textures": "textures/blocks/hive/ghz/stone/slab_light"
    },
    "hive:ghz_stone_path_full_dark": {
      "textures": "textures/blocks/hive/ghz/stone/path_full_dark"
    },
    "hive:ghz_stone_path_full_light": {
      "textures": "textures/blocks/hive/ghz/stone/path_full_light"
    },
    "hive:ghz_gray_stone_1": {
      "textures": "textures/blocks/hive/ghz/gray_stone/variant_1"
    },
    "hive:ghz_gray_stone_2": {
      "textures": "textures/blocks/hive/ghz/gray_stone/variant_2"
    },
    "hive:ghz_gray_stone_3": {
      "textures": "textures/blocks/hive/ghz/gray_stone/variant_3"
    },
    "hive:ghz_gray_stone_4": {
      "textures": "textures/blocks/hive/ghz/gray_stone/variant_4"
    },
    "hive:ghz_gray_stone_5": {
      "textures": "textures/blocks/hive/ghz/gray_stone/variant_5"
    },
    "hive:ghz_fence_end": {
      "textures": "textures/blocks/hive/ghz/fence/end"
    },
    "hive:ghz_fence_middle": {
      "textures": "textures/blocks/hive/ghz/fence/middle"
    },
    "hive:ghz_fence_post": {
      "textures": "textures/blocks/hive/ghz/fence/post"
    },
    "hive:ghz_fence_corner": {
      "textures": "textures/blocks/hive/ghz/fence/corner"
    },
    "hive:ghz_palm_leaves": {
      "textures": "textures/blocks/hive/ghz/palm/leaves"
    },
    "hive:ghz_palm_bushy_leaves": {
      "textures": "textures/blocks/hive/ghz/palm/bushy_leaves"
    },
    "hive:ghz_palm_dark_log": {
      "textures": "textures/blocks/hive/ghz/palm/dark_log"
    },
    "hive:ghz_palm_light_log_side": {
      "textures": "textures/blocks/hive/ghz/palm/light_log_side"
    },
    "hive:ghz_palm_light_log_top": {
      "textures": "textures/blocks/hive/ghz/palm/light_log_top"
    },
    "hive:ghz_flower_bush_white": {
      "textures": "textures/blocks/hive/ghz/flower/bush_white"
    },
    "hive:ghz_flower_bush_red": {
      "textures": "textures/blocks/hive/ghz/flower/bush_red"
    },
    "hive:ghz_flower_bush_yellow": {
      "textures": "textures/blocks/hive/ghz/flower/bush_yellow"
    },
    "hive:ghz_flower_purple": {
      "textures": "textures/blocks/hive/ghz/flower/purple"
    },
    "hive:ghz_flower_sunflower": {
      "textures": "textures/blocks/hive/ghz/flower/sunflower"
    },
    "hive:ghz_flower_vine": {
      "textures": "textures/blocks/hive/ghz/flower/vine"
    },
    "hive:ghz_flower_fern": {
      "textures": "textures/blocks/hive/ghz/flower/fern"
    },
    "hive:ghz_totem_wing_large": {
      "textures": "textures/blocks/hive/ghz/totem/wing_large"
    },
    "hive:ghz_totem_wing_small": {
      "textures": "textures/blocks/hive/ghz/totem/wing_small"
    },
    "hive:ghz_totem_face_1": {
      "textures": "textures/blocks/hive/ghz/totem/face_1"
    },
    "hive:ghz_totem_face_2": {
      "textures": "textures/blocks/hive/ghz/totem/face_2"
    },
    "hive:ghz_totem_face_3": {
      "textures": "textures/blocks/hive/ghz/totem/face_3"
    },
    "hive:ghz_scaffolding_plank": {
      "textures": "textures/blocks/hive/ghz/scaffolding/plank"
    },
    "hive:ghz_scaffolding_plank_painted": {
      "textures": "textures/blocks/hive/ghz/scaffolding/plank_painted"
    },
    "hive:ghz_scaffolding_plank_edge": {
      "textures": "textures/blocks/hive/ghz/scaffolding/plank_edge"
    },
    "hive:ghz_scaffolding_decorative_plank_bottom": {
      "textures": "textures/blocks/hive/ghz/scaffolding/decorative_plank_bottom"
    },
    "hive:ghz_scaffolding_decorative_plank_mid": {
      "textures": "textures/blocks/hive/ghz/scaffolding/decorative_plank_mid"
    },
    "hive:ghz_scaffolding_decorative_plank_top": {
      "textures": "textures/blocks/hive/ghz/scaffolding/decorative_plank_top"
    },
    "hive:ghz_scaffolding_log_top_top": {
      "textures": "textures/blocks/hive/ghz/scaffolding/log_top_top"
    },
    "hive:ghz_scaffolding_log_top_bottom": {
      "textures": "textures/blocks/hive/ghz/scaffolding/log_top_bottom"
    },
    "hive:ghz_scaffolding_log_top_side_north": {
      "textures": "textures/blocks/hive/ghz/scaffolding/log_top_side_north"
    },
    "hive:ghz_scaffolding_log_top_side_east": {
      "textures": "textures/blocks/hive/ghz/scaffolding/log_top_side_east"
    },
    "hive:ghz_scaffolding_log_top_side_south": {
      "textures": "textures/blocks/hive/ghz/scaffolding/log_top_side_south"
    },
    "hive:ghz_scaffolding_log_top_side_west": {
      "textures": "textures/blocks/hive/ghz/scaffolding/log_top_side_west"
    },
    "hive:ghz_scaffolding_log_regular_side": {
      "textures": "textures/blocks/hive/ghz/scaffolding/log_regular_side"
    },
    "hive:ghz_scaffolding_log_regular_side_side": {
      "textures": "textures/blocks/hive/ghz/scaffolding/log_regular_side_side"
    },
    "hive:ghz_scaffolding_log_regular_top": {
      "textures": "textures/blocks/hive/ghz/scaffolding/log_regular_top"
    },
    "hive:ghz_scaffolding_log_painted_side": {
      "textures": "textures/blocks/hive/ghz/scaffolding/log_painted_side"
    },
    "hive:ghz_bridge_log_left": {
      "textures": "textures/blocks/hive/ghz/bridge/log_left"
    },
    "hive:ghz_bridge_log_middle": {
      "textures": "textures/blocks/hive/ghz/bridge/log_middle"
    },
    "hive:ghz_bridge_log_right": {
      "textures": "textures/blocks/hive/ghz/bridge/log_right"
    },
    "hive:ghz_spike_1": {
      "textures": "textures/blocks/hive/ghz/spike/1"
    },
    "hive:ghz_spike_2": {
      "textures": "textures/blocks/hive/ghz/spike/2"
    },
    "hive:ghz_spike_3": {
      "textures": "textures/blocks/hive/ghz/spike/3"
    },
    "hive:ghz_spike_4": {
      "textures": "textures/blocks/hive/ghz/spike/4"
    },
    "hive:ghz_purple_rock": {
      "textures": "textures/blocks/hive/ghz/rock/purple_rock"
    },
    "hive:ghz_purple_rock_grass": {
      "textures": "textures/blocks/hive/ghz/rock/purple_rock_grass"
    },
    "hive:ghz_purple_rock_slab": {
      "textures": "textures/blocks/hive/ghz/rock/purple_rock_slab"
    },
    "hive:ghz_purple_rock_slab_grass": {
      "textures": "textures/blocks/hive/ghz/rock/purple_rock_slab_grass"
    },
    "hive:ghz_blue_stone": {
      "textures": "textures/blocks/hive/ghz/blue_stone/blue_stone"
    },
    "hive:ghz_blue_stone_red": {
      "textures": "textures/blocks/hive/ghz/blue_stone/blue_stone_red"
    },
    "hive:ghz_blue_stone_dark": {
      "textures": "textures/blocks/hive/ghz/blue_stone/blue_stone_dark"
    },
    "hive:ghz_blue_stone_slab": {
      "textures": "textures/blocks/hive/ghz/blue_stone/blue_stone_slab"
    },
    "hive:ghz_blue_stone_dark_slab": {
      "textures": "textures/blocks/hive/ghz/blue_stone/blue_stone_dark_slab"
    },
    "hive:spg_chao_dark": {
      "textures": "textures/blocks/hive/spg/chao/dark"
    },
    "hive:spg_chao_hero": {
      "textures": "textures/blocks/hive/spg/chao/hero"
    },
    "hive:spg_chao_neutral": {
      "textures": "textures/blocks/hive/spg/chao/neutral"
    },
    "hive:ghz_button_button": {
      "textures": "textures/blocks/hive/ghz/button/button"
    },
    "hive:ghz_rail_straight": {
      "textures": "textures/blocks/hive/ghz/rail/straight"
    },
    "hive:ghz_rail_corner": {
      "textures": "textures/blocks/hive/ghz/rail/corner"
    },
    "hive:ghz_rail_angle": {
      "textures": "textures/blocks/hive/ghz/rail/angle"
    },
    "hive:ghz_rail_straight_support": {
      "textures": "textures/blocks/hive/ghz/rail/straight_support"
    },
    "hive:ghz_rail_support": {
      "textures": "textures/blocks/hive/ghz/rail/support"
    },
    "hive:ss_wall_middle": {
      "textures": "textures/blocks/hive/ss/wall/wall_middle"
    },
    "hive:ss_wall_post": {
      "textures": "textures/blocks/hive/ss/wall/wall_post"
    },
    "hive:ss_wall_end": {
      "textures": "textures/blocks/hive/ss/wall/wall_end"
    },
    "hive:ss_wall_corner": {
      "textures": "textures/blocks/hive/ss/wall/wall_corner"
    },
    "hive:ss_light_stone": {
      "textures": "textures/blocks/hive/ss/stone/light_stone"
    },
    "hive:ss_light_stone_polished": {
      "textures": "textures/blocks/hive/ss/stone/light_stone_polished"
    },
    "hive:ss_light_stone_polished_moss": {
      "textures": "textures/blocks/hive/ss/stone/light_stone_polished_moss"
    },
    "hive:ss_light_stone_brick": {
      "textures": "textures/blocks/hive/ss/stone/light_stone_brick"
    },
    "hive:ss_light_stone_brick_indented": {
      "textures": "textures/blocks/hive/ss/stone/light_stone_brick_indented"
    },
    "hive:ss_light_stone_brick_moss": {
      "textures": "textures/blocks/hive/ss/stone/light_stone_brick_moss"
    },
    "hive:ss_light_stone_brick_chiseled": {
      "textures": "textures/blocks/hive/ss/stone/light_stone_brick_chiseled"
    },
    "hive:ss_light_stone_brick_chiseled_moss": {
      "textures": "textures/blocks/hive/ss/stone/light_stone_brick_chiseled_moss"
    },
    "hive:ss_light_stone_brick_slab": {
      "textures": "textures/blocks/hive/ss/stone/light_stone_brick_slab"
    },
    "hive:ss_flower_vine_pink": {
      "textures": "textures/blocks/hive/ss/vine/pink"
    },
    "hive:ss_flower_vine_yellow": {
      "textures": "textures/blocks/hive/ss/vine/yellow"
    },
    "hive:ss_blue_vein": {
      "textures": "textures/blocks/hive/ss/stone/blue_vein"
    },
    "hive:ss_glass": {
      "textures": "textures/blocks/hive/ss/stone/glass"
    },
    "hive:ss_glass_vein": {
      "textures": "textures/blocks/hive/ss/stone/glass_vein"
    },
    "hive:ss_purple_flower": {
      "textures": "textures/blocks/hive/ss/purple_flower"
    },
    "hive:cp_iron_grate_big": {
      "textures": "textures/blocks/hive/cp/iron_grate_big"
    },
    "hive:cp_iron_grate_biggest": {
      "textures": "textures/blocks/hive/cp/iron_grate_biggest"
    },
    "hive:cp_iron_grate_small": {
      "textures": "textures/blocks/hive/cp/iron_grate_small"
    },
    "hive:cp_yellow_cube": {
      "textures": "textures/blocks/hive/cp/yellow_cube"
    },
    "hive:cp_metal_scaffolding": {
      "textures": "textures/blocks/hive/cp/metal_scaffolding"
    },
    "hive:cp_metal_mesh": {
      "textures": "textures/blocks/hive/cp/dark_metal/metal_mesh"
    },
    "hive:cp_metal_panel": {
      "textures": "textures/blocks/hive/cp/metal_panel"
    },
    "hive:cp_metal_panel_dirty": {
      "textures": "textures/blocks/hive/cp/metal_panel_dirty"
    },
    "hive:cp_metal_panel_left": {
      "textures": "textures/blocks/hive/cp/metal_panel_left"
    },
    "hive:cp_metal_panel_left_dirty": {
      "textures": "textures/blocks/hive/cp/metal_panel_left_dirty"
    },
    "hive:cp_metal_panel_right": {
      "textures": "textures/blocks/hive/cp/metal_panel_right"
    },
    "hive:cp_metal_panel_right_dirty": {
      "textures": "textures/blocks/hive/cp/metal_panel_right_dirty"
    },
    "hive:cp_metal_panel_top": {
      "textures": "textures/blocks/hive/cp/metal_panel_top"
    },
    "hive:cp_metal_panel_top_dirty": {
      "textures": "textures/blocks/hive/cp/metal_panel_top_dirty"
    },
    "hive:cp_metal_panel_bottom": {
      "textures": "textures/blocks/hive/cp/metal_panel_bottom"
    },
    "hive:cp_metal_panel_bottom_dirty": {
      "textures": "textures/blocks/hive/cp/metal_panel_bottom_dirty"
    },
    "hive:cp_metal_panel_dark": {
      "textures": "textures/blocks/hive/cp/dark_metal/metal_panel_dark"
    },
    "hive:cp_metal_panel_dark_dirty": {
      "textures": "textures/blocks/hive/cp/dark_metal/metal_panel_dark_dirty"
    },
    "hive:cp_metal_panel_dark_left": {
      "textures": "textures/blocks/hive/cp/dark_metal/metal_panel_dark_left"
    },
    "hive:cp_metal_panel_dark_left_dirty": {
      "textures": "textures/blocks/hive/cp/dark_metal/metal_panel_dark_left_dirty"
    },
    "hive:cp_metal_panel_dark_right": {
      "textures": "textures/blocks/hive/cp/dark_metal/metal_panel_dark_right"
    },
    "hive:cp_metal_panel_dark_right_dirty": {
      "textures": "textures/blocks/hive/cp/dark_metal/metal_panel_dark_right_dirty"
    },
    "hive:cp_metal_panel_dark_top": {
      "textures": "textures/blocks/hive/cp/dark_metal/metal_panel_dark_top"
    },
    "hive:cp_metal_panel_dark_top_dirty": {
      "textures": "textures/blocks/hive/cp/dark_metal/metal_panel_dark_top_dirty"
    },
    "hive:cp_metal_panel_dark_bottom": {
      "textures": "textures/blocks/hive/cp/dark_metal/metal_panel_dark_bottom"
    },
    "hive:cp_metal_panel_dark_bottom_dirty": {
      "textures": "textures/blocks/hive/cp/dark_metal/metal_panel_dark_bottom_dirty"
    },
    "hive:cp_metal_panel_eye": {
      "textures": "textures/blocks/hive/cp/details/metal_panel_eye"
    },
    "hive:cp_metal_panel_line": {
      "textures": "textures/blocks/hive/cp/details/metal_panel_line"
    },
    "hive:cp_metal_panel_scaffold": {
      "textures": "textures/blocks/hive/cp/details/metal_panel_scaffold"
    },
    "hive:cp_red_lights_top": {
      "textures": "textures/blocks/hive/cp/details/red_lights_top"
    },
    "hive:cp_red_lights_middle": {
      "textures": "textures/blocks/hive/cp/details/red_lights_middle"
    },
    "hive:cp_red_lights_bottom": {
      "textures": "textures/blocks/hive/cp/details/red_lights_bottom"
    },
    "hive:cp_red_lights_left": {
      "textures": "textures/blocks/hive/cp/details/red_lights_left"
    },
    "hive:cp_red_lights_middle_horizontal": {
      "textures": "textures/blocks/hive/cp/details/red_lights_middle_horizontal"
    },
    "hive:cp_red_lights_right": {
      "textures": "textures/blocks/hive/cp/details/red_lights_right"
    },
    "hive:cp_blue_lights": {
      "textures": "textures/blocks/hive/cp/details/blue_lights"
    },
    "hive:cp_metal_door_left": {
      "textures": "textures/blocks/hive/cp/details/metal_door_left"
    },
    "hive:cp_metal_door_middle": {
      "textures": "textures/blocks/hive/cp/details/metal_door_middle"
    },
    "hive:cp_metal_door_right": {
      "textures": "textures/blocks/hive/cp/details/metal_door_right"
    },
    "hive:cp_metal_exhaust": {
      "textures": "textures/blocks/hive/cp/details/metal_exhaust"
    },
    "hive:cp_metal_panel_floor": {
      "textures": "textures/blocks/hive/cp/floor/metal_panel_floor"
    },
    "hive:cp_metal_panel_floor_left": {
      "textures": "textures/blocks/hive/cp/floor/metal_panel_floor_left"
    },
    "hive:cp_metal_panel_floor_middle": {
      "textures": "textures/blocks/hive/cp/floor/metal_panel_floor_middle"
    },
    "hive:cp_metal_panel_floor_right": {
      "textures": "textures/blocks/hive/cp/floor/metal_panel_floor_right"
    },
    "hive:cp_metal_panel_floor_gray": {
      "textures": "textures/blocks/hive/cp/floor/metal_panel_floor_gray"
    },
    "hive:cp_metal_panel_floor_gray_alt": {
      "textures": "textures/blocks/hive/cp/floor/metal_panel_floor_gray_alt"
    },
    "hive:cp_yellow_floor_center": {
      "textures": "textures/blocks/hive/cp/floor/yellow_center"
    },
    "hive:cp_yellow_floor_center_dirty": {
      "textures": "textures/blocks/hive/cp/floor/yellow_center_dirty"
    },
    "hive:cp_yellow_floor_corner": {
      "textures": "textures/blocks/hive/cp/floor/yellow_corner"
    },
    "hive:cp_yellow_floor_corner_dirty": {
      "textures": "textures/blocks/hive/cp/floor/yellow_corner_dirty"
    },
    "hive:cp_yellow_floor_straight": {
      "textures": "textures/blocks/hive/cp/floor/yellow_straight"
    },
    "hive:cp_yellow_floor_straight_dirty": {
      "textures": "textures/blocks/hive/cp/floor/yellow_straight_dirty"
    },
    "hive:cp_yellow_floor_straight_vent": {
      "textures": "textures/blocks/hive/cp/floor/yellow_straight_vent"
    },
    "hive:cp_gray_floor_bottom_left": {
      "textures": "textures/blocks/hive/cp/floor/gray_bottom_left"
    },
    "hive:cp_gray_floor_bottom_right": {
      "textures": "textures/blocks/hive/cp/floor/gray_bottom_right"
    },
    "hive:cp_gray_floor_middle": {
      "textures": "textures/blocks/hive/cp/floor/gray_middle"
    },
    "hive:cp_gray_floor_straight": {
      "textures": "textures/blocks/hive/cp/floor/gray_straight"
    },
    "hive:cp_gray_floor_top_left": {
      "textures": "textures/blocks/hive/cp/floor/gray_top_left"
    },
    "hive:cp_gray_floor_top_right": {
      "textures": "textures/blocks/hive/cp/floor/gray_top_right"
    },
    "hive:cp_hazard_stripes": {
      "textures": "textures/blocks/hive/cp/hazard/hazard_stripes"
    },
    "hive:cp_hazard_stripes_large": {
      "textures": "textures/blocks/hive/cp/hazard/hazard_stripes_large"
    },
    "hive:cp_hazard_stripes_dirty": {
      "textures": "textures/blocks/hive/cp/hazard/hazard_stripes_dirty"
    },
    "hive:cp_hazard_stripes_horizontal": {
      "textures": "textures/blocks/hive/cp/hazard/hazard_stripes_horizontal"
    },
    "hive:cp_hazard_stripes_vertical": {
      "textures": "textures/blocks/hive/cp/hazard/hazard_stripes_vertical"
    },
    "hive:cp_hazard_stripes_bleft": {
      "textures": "textures/blocks/hive/cp/hazard/hazard_stripes_bleft"
    },
    "hive:cp_hazard_stripes_bright": {
      "textures": "textures/blocks/hive/cp/hazard/hazard_stripes_bright"
    },
    "hive:cp_hazard_stripes_tleft": {
      "textures": "textures/blocks/hive/cp/hazard/hazard_stripes_tleft"
    },
    "hive:cp_hazard_stripes_tright": {
      "textures": "textures/blocks/hive/cp/hazard/hazard_stripes_tright"
    },
    "hive:cp_pipe_down": {
      "textures": "textures/blocks/hive/cp/pipe/pipe_down"
    },
    "hive:cp_pipe_up": {
      "textures": "textures/blocks/hive/cp/pipe/pipe_up"
    },
    "hive:cp_pipe_flat": {
      "textures": "textures/blocks/hive/cp/pipe/pipe_flat"
    },
    "hive:cp_pipe_normal": {
      "textures": "textures/blocks/hive/cp/pipe/pipe_normal"
    },
    "hive:cp_pipe_vertical": {
      "textures": "textures/blocks/hive/cp/pipe/pipe_vertical"
    },
    "hive:cp_red_railing": {
      "textures": "textures/blocks/hive/cp/rail/red_railing"
    },
    "hive:cp_red_railing_corner": {
      "textures": "textures/blocks/hive/cp/rail/red_railing_corner"
    },
    "hive:cp_red_railing_post": {
      "textures": "textures/blocks/hive/cp/rail/red_railing_post"
    },
    "hive:cp_emergency_light_red": {
      "textures": "textures/blocks/hive/cp/emergency_light_red"
    },
    "hive:sh_stone_dark": {
      "textures": "textures/blocks/hive/sh/stone/dark_stone"
    },
    "hive:sh_stone_light": {
      "textures": "textures/blocks/hive/sh/stone/light_stone"
    },
    "hive:sh_grass_dark_long": {
      "textures": "textures/blocks/hive/sh/grass/dark_grass_long"
    },
    "hive:sh_grass_dark_short": {
      "textures": "textures/blocks/hive/sh/grass/dark_grass_short"
    },
    "hive:sh_grass_light_long": {
      "textures": "textures/blocks/hive/sh/grass/light_grass_long"
    },
    "hive:sh_grass_light_short": {
      "textures": "textures/blocks/hive/sh/grass/light_grass_short"
    },
    "hive:sh_dark_stone": {
      "textures": "textures/blocks/hive/sh/stone_brick/dark_stone"
    },
    "hive:sh_dark_stone_polished": {
      "textures": "textures/blocks/hive/sh/stone_brick/dark_stone_polished"
    },
    "hive:sh_dark_stone_pillar": {
      "textures": "textures/blocks/hive/sh/stone_brick/dark_stone_pillar"
    },
    "hive:sh_dark_stone_brick": {
      "textures": "textures/blocks/hive/sh/stone_brick/dark_stone_brick"
    },
    "hive:sh_stone_orange_horizontal": {
      "textures": "textures/blocks/hive/sh/stone_brick/orange_horizontal"
    },
    "hive:sh_stone_orange_horizontal_alt": {
      "textures": "textures/blocks/hive/sh/stone_brick/orange_horizontal_alt"
    },
    "hive:sh_stone_orange_corner_left": {
      "textures": "textures/blocks/hive/sh/stone_brick/orange_corner_left"
    },
    "hive:sh_stone_orange_corner_right": {
      "textures": "textures/blocks/hive/sh/stone_brick/orange_corner_right"
    },
    "hive:sh_stone_orange_corner_inside": {
      "textures": "textures/blocks/hive/sh/stone_brick/orange_corner_inside"
    },
    "hive:sh_stone_orange_vertical": {
      "textures": "textures/blocks/hive/sh/stone_brick/orange_vertical"
    },
    "hive:sh_stone_orange_vertical_right": {
      "textures": "textures/blocks/hive/sh/stone_brick/orange_vertical_right"
    },
    "hive:sh_stone_fishscale": {
      "textures": "textures/blocks/hive/sh/stone_brick/fishscale"
    },
    "hive:sh_plant_caladium": {
      "textures": "textures/blocks/hive/sh/plant/caladium"
    },
    "hive:sh_plant_monstera": {
      "textures": "textures/blocks/hive/sh/plant/monstera"
    },
    "hive:sh_plant_bush": {
      "textures": "textures/blocks/hive/sh/plant/bush"
    },
    "hive:rr_zapper": {
      "textures": "textures/blocks/hive/rr/zapper/zapper"
    },
    "hive:rr_brick_red": {
      "textures": "textures/blocks/hive/rr/brick/brick_red"
    },
    "hive:rr_brick_gray": {
      "textures": "textures/blocks/hive/rr/brick/brick_gray"
    },
    "hive:rr_brick_white": {
      "textures": "textures/blocks/hive/rr/brick/brick_white"
    },
    "hive:rr_brick_yellow": {
      "textures": "textures/blocks/hive/rr/brick/brick_yellow"
    },
    "hive:rr_brick_orange": {
      "textures": "textures/blocks/hive/rr/brick/brick_orange"
    },
    "hive:rr_brick_brown": {
      "textures": "textures/blocks/hive/rr/brick/brick_brown"
    },
    "hive:rr_brick_brown_alt": {
      "textures": "textures/blocks/hive/rr/brick/brick_brown_alt"
    },
    "hive:rr_dark_iron_bars": {
      "textures": "textures/blocks/hive/rr/dark_iron_bars"
    },
    "hive:rr_dark_iron_bars_corner": {
      "textures": "textures/blocks/hive/rr/dark_iron_bars_corner"
    },
    "hive:rr_roof_tile": {
      "textures": "textures/blocks/hive/rr/roof_tile"
    },
    "hive:rr_window_pane_dark": {
      "textures": "textures/blocks/hive/rr/window/pane_dark"
    },
    "hive:rr_window_pane_light": {
      "textures": "textures/blocks/hive/rr/window/pane_light"
    },
    "hive:rr_shutter_blue": {
      "textures": "textures/blocks/hive/rr/window/shutter_blue"
    },
    "hive:rr_shutter_green": {
      "textures": "textures/blocks/hive/rr/window/shutter_green"
    },
    "hive:rr_shutter_gray": {
      "textures": "textures/blocks/hive/rr/window/shutter_gray"
    },
    "hive:rr_flower_basket_red": {
      "textures": "textures/blocks/hive/rr/flower/flower_basket_red"
    },
    "hive:rr_flower_basket_yellow": {
      "textures": "textures/blocks/hive/rr/flower/flower_basket_yellow"
    },
    "hive:rr_floor_paver_brown": {
      "textures": "textures/blocks/hive/rr/floor/paver_brown"
    },
    "hive:rr_floor_paver_gray": {
      "textures": "textures/blocks/hive/rr/floor/paver_gray"
    },
    "hive:pw_grass": {
      "textures": "textures/blocks/hive/pw/grass"
    },
    "hive:pw_leaves": {
      "textures": "textures/blocks/hive/pw/leaves"
    },
    "hive:pw_log": {
      "textures": "textures/blocks/hive/pw/log"
    },
    "hive:pw_path": {
      "textures": "textures/blocks/hive/pw/path"
    },
    "hive:pw_metal_floor": {
      "textures": "textures/blocks/hive/pw/metal_floor"
    },
    "hive:pw_metal_floor_mirror": {
      "textures": "textures/blocks/hive/pw/metal_floor_mirror"
    },
    "hive:pw_metal_scaffolding_red": {
      "textures": "textures/blocks/hive/pw/metal_scaffolding_red"
    },
    "hive:pw_lime_red": {
      "textures": "textures/blocks/hive/pw/lime_red"
    },
    "hive:pw_lime_concrete": {
      "textures": "textures/blocks/concrete_lime"
    },
    "hive:pw_red_terracotta": {
      "textures": "textures/blocks/hardened_clay_stained_red"
    },
    "hive:pw_red_concrete_slab": {
      "textures": "textures/blocks/concrete_red"
    },
    "hive:pw_red_concrete_slab_top": {
      "textures": "textures/blocks/concrete_red"
    },
    "hive:pw_orange_hazard_stripes": {
      "textures": "textures/blocks/hive/pw/orange_hazard_stripes"
    },
    "hive:pw_vine": {
      "textures": "textures/blocks/hive/pw/vine"
    },
    "hive:pw_metal_panel_side": {
      "textures": "textures/blocks/hive/pw/metal_panel/side"
    },
    "hive:pw_metal_panel_top": {
      "textures": "textures/blocks/hive/pw/metal_panel/top"
    },
    "hive:pw_metal_panel_corner": {
      "textures": "textures/blocks/hive/pw/metal_panel/corner"
    },
    "hive:pw_flower_large_wall_purple": {
      "textures": "textures/blocks/hive/pw/flower/large_wall_purple"
    },
    "hive:pw_flower_large_wall_purple_leaf": {
      "textures": "textures/blocks/hive/pw/flower/large_wall_purple_leaf"
    },
    "hive:pw_flower_large_wall_red": {
      "textures": "textures/blocks/hive/pw/flower/large_wall_red"
    },
    "hive:pw_flower_large_wall_red_leaf": {
      "textures": "textures/blocks/hive/pw/flower/large_wall_red_leaf"
    },
    "hive:pw_flower_large_ground_blue": {
      "textures": "textures/blocks/hive/pw/flower/large_ground_blue"
    },
    "hive:pw_flower_large_ground_yellow": {
      "textures": "textures/blocks/hive/pw/flower/large_ground_yellow"
    },
    "hive:pw_flower_large_ground_lilac": {
      "textures": "textures/blocks/hive/pw/flower/large_ground_lilac"
    },
    "hive:pw_flower_small_lilac": {
      "textures": "textures/blocks/hive/pw/flower/small_lilac"
    },
    "hive:pw_flower_small_yellow": {
      "textures": "textures/blocks/hive/pw/flower/small_yellow"
    },
    "hive:pw_flower_small_blue": {
      "textures": "textures/blocks/hive/pw/flower/small_blue"
    },
    "hive:pw_flower_small_white": {
      "textures": "textures/blocks/hive/pw/flower/small_white"
    },
    "hive:pw_flower_small_lilac_yellow": {
      "textures": "textures/blocks/hive/pw/flower/small_lilac_yellow"
    },
    "hive:pw_flower_small_purple": {
      "textures": "textures/blocks/hive/pw/flower/small_purple"
    },
    "hive:pw_flower_light_sapling": {
      "textures": "textures/blocks/hive/pw/flower/light_sapling"
    },
    "hive:pw_flower_grass_short": {
      "textures": "textures/blocks/hive/pw/flower/grass_short"
    },
    "hive:pw_flower_grass_medium": {
      "textures": "textures/blocks/hive/pw/flower/grass_medium"
    },
    "hive:pw_flower_grass_tall": {
      "textures": "textures/blocks/hive/pw/flower/grass_tall"
    },
    "hive:pw_flower_hanging": {
      "textures": "textures/blocks/hive/pw/flower/hanging"
    },
    "hive:sph_hazard_arrows": {
      "textures": "textures/blocks/hive/sph/road/hazard_arrows"
    },
    "hive:sph_hazard_arrows_alt": {
      "textures": "textures/blocks/hive/sph/road/hazard_arrows_alt"
    },
    "hive:sph_building_concrete_top": {
      "textures": "textures/blocks/hive/sph/building/concrete_top"
    },
    "hive:sph_building_concrete_bottom": {
      "textures": "textures/blocks/hive/sph/building/concrete_bottom"
    },
    "hive:sph_building_concrete_smooth": {
      "textures": "textures/blocks/hive/sph/building/concrete_smooth"
    },
    "hive:sph_building_concrete_divider": {
      "textures": "textures/blocks/hive/sph/building/concrete_divider"
    },
    "hive:sph_building_concrete_2_top": {
      "textures": "textures/blocks/hive/sph/building/concrete_2_top"
    },
    "hive:sph_building_concrete_2_bottom": {
      "textures": "textures/blocks/hive/sph/building/concrete_2_bottom"
    },
    "hive:sph_building_concrete_2_smooth": {
      "textures": "textures/blocks/hive/sph/building/concrete_2_smooth"
    },
    "hive:sph_building_concrete_3_top": {
      "textures": "textures/blocks/hive/sph/building/concrete_3_top"
    },
    "hive:sph_building_concrete_3_bottom": {
      "textures": "textures/blocks/hive/sph/building/concrete_3_bottom"
    },
    "hive:sph_building_concrete_3_smooth": {
      "textures": "textures/blocks/hive/sph/building/concrete_3_smooth"
    },
    "hive:sph_building_concrete_4_top": {
      "textures": "textures/blocks/hive/sph/building/concrete_4_top"
    },
    "hive:sph_building_concrete_4_bottom": {
      "textures": "textures/blocks/hive/sph/building/concrete_4_bottom"
    },
    "hive:sph_building_concrete_4_smooth": {
      "textures": "textures/blocks/hive/sph/building/concrete_4_smooth"
    },
    "hive:sph_blue_concrete_1": {
      "textures": "textures/blocks/hive/sph/building/blue_concrete_1"
    },
    "hive:sph_blue_concrete_2": {
      "textures": "textures/blocks/hive/sph/building/blue_concrete_2"
    },
    "hive:sph_blue_concrete_3": {
      "textures": "textures/blocks/hive/sph/building/blue_concrete_3"
    },
    "hive:sph_blue_concrete_4": {
      "textures": "textures/blocks/hive/sph/building/blue_concrete_4"
    },
    "hive:sph_brown_concrete_dark": {
      "textures": "textures/blocks/hive/sph/building/brown_concrete_dark"
    },
    "hive:sph_brown_concrete_light": {
      "textures": "textures/blocks/hive/sph/building/brown_concrete_light"
    },
    "hive:sph_dark_concrete_dark": {
      "textures": "textures/blocks/hive/sph/building/dark_concrete_dark"
    },
    "hive:sph_dark_concrete_light": {
      "textures": "textures/blocks/hive/sph/building/dark_concrete_light"
    },
    "hive:sph_dark_concrete_divider": {
      "textures": "textures/blocks/hive/sph/building/dark_concrete_divider"
    },
    "hive:sph_road": {
      "textures": "textures/blocks/hive/sph/road/road"
    },
    "hive:sph_road_alt": {
      "textures": "textures/blocks/hive/sph/road/road_alt"
    },
    "hive:sph_road_arrow": {
      "textures": "textures/blocks/hive/sph/road/road_arrow"
    },
    "hive:sph_road_arrow_top": {
      "textures": "textures/blocks/hive/sph/road/road_arrow_top"
    },
    "hive:sph_road_line": {
      "textures": "textures/blocks/hive/sph/road/road_line"
    },
    "hive:sph_road_yellow_left": {
      "textures": "textures/blocks/hive/sph/road/road_yellow_left"
    },
    "hive:sph_road_yellow_right": {
      "textures": "textures/blocks/hive/sph/road/road_yellow_right"
    },
    "hive:sph_road_arrow_left": {
      "textures": "textures/blocks/hive/sph/road/road_arrow_left"
    },
    "hive:sph_road_arrow_middle": {
      "textures": "textures/blocks/hive/sph/road/road_arrow_middle"
    },
    "hive:sph_road_arrow_right": {
      "textures": "textures/blocks/hive/sph/road/road_arrow_right"
    },
    "hive:sph_metal_slab": {
      "textures": "textures/blocks/hive/sph/metal_slab"
    },
    "hive:sph_metal_block": {
      "textures": "textures/blocks/hive/sph/metal_block"
    },
    "hive:sph_metal_pole": {
      "textures": "textures/blocks/hive/sph/metal_pole"
    }
  }
}