{
  "minecraft:geometry": [
    {
      "description": {
        "identifier": "geometry.hive.sonic.generic.dash_panel",
        "texture_width": 64,
        "texture_height": 64,
        "visible_bounds_width": 5,
        "visible_bounds_height": 6,
        "visible_bounds_offset": [
          0,
          1,
          0
        ]
      },
      "bones": [
        {
          "name": "root",
          "pivot": [
            0,
            0,
            0
          ],
          "cubes": [
            {
              "origin": [
                -14,
                0,
                -16
              ],
              "size": [
                6,
                5,
                23
              ],
              "uv": {
                "north": {
                  "uv": [
                    57,
                    15
                  ],
                  "uv_size": [
                    -6,
                    5
                  ]
                },
                "east": {
                  "uv": [
                    51,
                    10
                  ],
                  "uv_size": [
                    -23,
                    5
                  ]
                },
                "west": {
                  "uv": [
                    51,
                    20
                  ],
                  "uv_size": [
                    -23,
                    5
                  ]
                },
                "up": {
                  "uv": [
                    16,
                    32
                  ],
                  "uv_size": [
                    6,
                    -22
                  ]
                },
                "down": {
                  "uv": [
                    22,
                    10
                  ],
                  "uv_size": [
                    6,
                    22
                  ]
                }
              }
            },
            {
              "origin": [
                -12.06891,
                0,
                8.72745
              ],
              "size": [
                6,
                5,
                9
              ],
              "pivot": [
                0,
                0,
                0
              ],
              "rotation": [
                0,
                -14,
                0
              ],
              "uv": {
                "east": {
                  "uv": [
                    6,
                    45
                  ],
                  "uv_size": [
                    9,
                    5
                  ]
                },
                "south": {
                  "uv": [
                    57,
                    15
                  ],
                  "uv_size": [
                    -6,
                    5
                  ]
                },
                "west": {
                  "uv": [
                    45,
                    5
                  ],
                  "uv_size": [
                    9,
                    5
                  ]
                },
                "up": {
                  "uv": [
                    20,
                    45
                  ],
                  "uv_size": [
                    6,
                    -9
                  ]
                },
                "down": {
                  "uv": [
                    20,
                    45
                  ],
                  "uv_size": [
                    6,
                    9
                  ]
                }
              }
            },
            {
              "origin": [
                6.06891,
                0,
                8.72745
              ],
              "size": [
                6,
                5,
                9
              ],
              "pivot": [
                0,
                0,
                0
              ],
              "rotation": [
                0,
                14,
                0
              ],
              "uv": {
                "east": {
                  "uv": [
                    54,
                    5
                  ],
                  "uv_size": [
                    -9,
                    5
                  ]
                },
                "south": {
                  "uv": [
                    57,
                    15
                  ],
                  "uv_size": [
                    -6,
                    5
                  ]
                },
                "west": {
                  "uv": [
                    15,
                    45
                  ],
                  "uv_size": [
                    -9,
                    5
                  ]
                },
                "up": {
                  "uv": [
                    20,
                    45
                  ],
                  "uv_size": [
                    6,
                    -9
                  ]
                },
                "down": {
                  "uv": [
                    20,
                    45
                  ],
                  "uv_size": [
                    6,
                    9
                  ]
                }
              }
            },
            {
              "origin": [
                -11.06891,
                5,
                8.92745
              ],
              "size": [
                4,
                2,
                7
              ],
              "pivot": [
                0,
                0,
                0
              ],
              "rotation": [
                0,
                -14,
                0
              ],
              "uv": {
                "north": {
                  "uv": [
                    29,
                    4
                  ],
                  "uv_size": [
                    -2,
                    1
                  ]
                },
                "east": {
                  "uv": [
                    48,
                    42
                  ],
                  "uv_size": [
                    -7,
                    2
                  ]
                },
                "south": {
                  "uv": [
                    58,
                    4
                  ],
                  "uv_size": [
                    -4,
                    2
                  ]
                },
                "west": {
                  "uv": [
                    40,
                    39
                  ],
                  "uv_size": [
                    -6,
                    2
                  ]
                },
                "up": {
                  "uv": [
                    10,
                    24
                  ],
                  "uv_size": [
                    -4,
                    7
                  ]
                },
                "down": {
                  "uv": [
                    25.5,
                    12.5
                  ],
                  "uv_size": [
                    2,
                    3.5
                  ]
                }
              }
            },
            {
              "origin": [
                7.06891,
                5,
                8.92745
              ],
              "size": [
                4,
                2,
                7
              ],
              "pivot": [
                0,
                0,
                0
              ],
              "rotation": [
                0,
                14,
                0
              ],
              "uv": {
                "north": {
                  "uv": [
                    14,
                    27
                  ],
                  "uv_size": [
                    -2,
                    1
                  ]
                },
                "east": {
                  "uv": [
                    40,
                    39
                  ],
                  "uv_size": [
                    -6,
                    2
                  ]
                },
                "south": {
                  "uv": [
                    58,
                    4
                  ],
                  "uv_size": [
                    -4,
                    2
                  ]
                },
                "west": {
                  "uv": [
                    48,
                    39
                  ],
                  "uv_size": [
                    -7,
                    2
                  ]
                },
                "up": {
                  "uv": [
                    10,
                    24
                  ],
                  "uv_size": [
                    -4,
                    7
                  ]
                }
              }
            },
            {
              "origin": [
                -13,
                5,
                -15
              ],
              "size": [
                4,
                2,
                22
              ],
              "uv": {
                "north": {
                  "uv": [
                    58,
                    4
                  ],
                  "uv_size": [
                    -4,
                    2
                  ]
                },
                "east": {
                  "uv": [
                    48,
                    36
                  ],
                  "uv_size": [
                    -22,
                    2
                  ]
                },
                "south": {
                  "uv": [
                    8,
                    15
                  ],
                  "uv_size": [
                    -2,
                    1
                  ]
                },
                "west": {
                  "uv": [
                    48,
                    36
                  ],
                  "uv_size": [
                    -22,
                    2
                  ]
                },
                "up": {
                  "uv": [
                    5,
                    24
                  ],
                  "uv_size": [
                    -4,
                    22
                  ]
                },
                "down": {
                  "uv": [
                    19.5,
                    17.5
                  ],
                  "uv_size": [
                    2,
                    11
                  ]
                }
              }
            },
            {
              "origin": [
                9,
                5,
                -15
              ],
              "size": [
                4,
                2,
                22
              ],
              "uv": {
                "north": {
                  "uv": [
                    58,
                    4
                  ],
                  "uv_size": [
                    -4,
                    2
                  ]
                },
                "east": {
                  "uv": [
                    48,
                    36
                  ],
                  "uv_size": [
                    -22,
                    2
                  ]
                },
                "south": {
                  "uv": [
                    27.5,
                    26.5
                  ],
                  "uv_size": [
                    -2,
                    1
                  ]
                },
                "west": {
                  "uv": [
                    48,
                    36
                  ],
                  "uv_size": [
                    -22,
                    2
                  ]
                },
                "up": {
                  "uv": [
                    5,
                    24
                  ],
                  "uv_size": [
                    -4,
                    22
                  ]
                }
              }
            },
            {
              "origin": [
                -8,
                0,
                -16
              ],
              "size": [
                16,
                5,
                23
              ],
              "uv": {
                "north": {
                  "uv": [
                    52,
                    0
                  ],
                  "uv_size": [
                    -16,
                    5
                  ]
                },
                "up": {
                  "uv": [
                    16,
                    0
                  ],
                  "uv_size": [
                    -16,
                    23
                  ]
                }
              }
            },
            {
              "origin": [
                8,
                0,
                -16
              ],
              "size": [
                6,
                5,
                23
              ],
              "uv": {
                "north": {
                  "uv": [
                    57,
                    15
                  ],
                  "uv_size": [
                    -6,
                    5
                  ]
                },
                "east": {
                  "uv": [
                    28,
                    20
                  ],
                  "uv_size": [
                    23,
                    5
                  ]
                },
                "west": {
                  "uv": [
                    28,
                    10
                  ],
                  "uv_size": [
                    23,
                    5
                  ]
                },
                "up": {
                  "uv": [
                    16,
                    32
                  ],
                  "uv_size": [
                    6,
                    -22
                  ]
                },
                "down": {
                  "uv": [
                    22,
                    10
                  ],
                  "uv_size": [
                    6,
                    22
                  ]
                }
              }
            },
            {
              "origin": [
                -10,
                7.83013,
                3.56218
              ],
              "size": [
                20,
                0,
                10
              ],
              "pivot": [
                0,
                0,
                0
              ],
              "rotation": [
                -30,
                0,
                0
              ],
              "uv": {
                "north": {
                  "uv": [
                    10,
                    0
                  ],
                  "uv_size": [
                    -10,
                    0
                  ]
                },
                "east": {
                  "uv": [
                    5,
                    0
                  ],
                  "uv_size": [
                    -5,
                    0
                  ]
                },
                "south": {
                  "uv": [
                    10,
                    0
                  ],
                  "uv_size": [
                    -10,
                    0
                  ]
                },
                "west": {
                  "uv": [
                    5,
                    0
                  ],
                  "uv_size": [
                    -5,
                    0
                  ]
                },
                "up": {
                  "uv": [
                    36,
                    0
                  ],
                  "uv_size": [
                    -20,
                    10
                  ]
                }
              }
            }
          ]
        }
      ]
    }
  ],
  "format_version": "1.12.0"
}