{
  "format_version": "1.8.0",
  "animations": {
    "animation.hive.sonic.rr.lamp_post.idle": {
      "loop": true,
      "animation_length": 9.24,
      "bones": {
        "1": {
          "rotation": {
            "0.32": [
              0,
              0,
              0
            ],
            "0.52": [
              0.06,
              0,
              0
            ],
            "0.68": [
              0.19,
              0,
              0
            ],
            "1.04": [
              0.535,
              0,
              0
            ],
            "3.84": [
              3.45,
              0,
              0
            ],
            "4.24": [
              3.45,
              0,
              0
            ],
            "5.08": [
              3.27,
              0,
              0
            ],
            "6.04": [
              2.88,
              0,
              0
            ],
            "7.64": [
              0.72,
              0,
              0
            ],
            "8.52": [
              0.23,
              0,
              0
            ],
            "9.24": [
              0,
              0,
              0
            ]
          },
          "scale": {
            "0.0": [
              1,
              1,
              1
            ],
            "2.28": [
              1,
              0.98,
              1
            ],
            "4.72": [
              1,
              1,
              1
            ],
            "7.0": [
              1,
              0.98,
              1
            ],
            "9.24": [
              1,
              1,
              1
            ]
          }
        },
        "2": {
          "rotation": {
            "0.0": [
              0,
              0,
              0
            ],
            "0.2": [
              0.06,
              0,
              0
            ],
            "0.36": [
              0.19,
              0,
              0
            ],
            "0.72": [
              0.535,
              0,
              0
            ],
            "3.52": [
              3.45,
              0,
              0
            ],
            "3.92": [
              3.45,
              0,
              0
            ],
            "4.76": [
              3.27,
              0,
              0
            ],
            "5.44": [
              2.88,
              0,
              0
            ],
            "7.36": [
              0.72,
              0,
              0
            ],
            "8.24": [
              0.23,
              0,
              0
            ],
            "9.24": [
              0,
              0,
              0
            ]
          },
          "scale": {
            "0.0": [
              1,
              1,
              1
            ],
            "2.28": [
              1,
              0.98,
              1
            ],
            "4.72": [
              1,
              1,
              1
            ],
            "7.0": [
              1,
              0.98,
              1
            ],
            "9.24": [
              1,
              1,
              1
            ]
          }
        },
        "3": {
          "rotation": {
            "0.0": [
              0.72,
              0,
              0
            ],
            "0.6": [
              0.23,
              0,
              0
            ],
            "0.96": [
              0,
              0,
              0
            ],
            "1.2": [
              0,
              0,
              0
            ],
            "1.4": [
              0.06,
              0,
              0
            ],
            "1.56": [
              0.19,
              0,
              0
            ],
            "1.84": [
              0.535,
              0,
              0
            ],
            "3.16": [
              2.88,
              0,
              0
            ],
            "3.88": [
              3.27,
              0,
              0
            ],
            "4.72": [
              3.45,
              0,
              0
            ],
            "5.12": [
              3.45,
              0,
              0
            ],
            "6.6": [
              3.27,
              0,
              0
            ],
            "7.28": [
              2.88,
              0,
              0
            ],
            "9.2": [
              0.72,
              0,
              0
            ]
          },
          "scale": {
            "0.0": [
              1,
              1,
              1
            ],
            "2.28": [
              1,
              0.98,
              1
            ],
            "4.72": [
              1,
              1,
              1
            ],
            "7.0": [
              1,
              0.98,
              1
            ],
            "9.24": [
              1,
              1,
              1
            ]
          }
        },
        "4": {
          "rotation": {
            "0.0": [
              0,
              0,
              0
            ],
            "0.2": [
              0.06,
              0,
              0
            ],
            "0.36": [
              0.19,
              0,
              0
            ],
            "0.72": [
              0.535,
              0,
              0
            ],
            "2.16": [
              2.88,
              0,
              0
            ],
            "2.88": [
              3.27,
              0,
              0
            ],
            "3.72": [
              3.45,
              0,
              0
            ],
            "4.12": [
              3.45,
              0,
              0
            ],
            "4.52": [
              3.27,
              0,
              0
            ],
            "5.2": [
              2.88,
              0,
              0
            ],
            "6.92": [
              0.72,
              0,
              0
            ],
            "7.8": [
              0.23,
              0,
              0
            ],
            "9.24": [
              0,
              0,
              0
            ]
          },
          "scale": {
            "0.0": [
              1,
              1,
              1
            ],
            "2.28": [
              1,
              0.98,
              1
            ],
            "4.72": [
              1,
              1,
              1
            ],
            "7.0": [
              1,
              0.98,
              1
            ],
            "9.24": [
              1,
              1,
              1
            ]
          }
        }
      }
    }
  }
}