{
  "format_version": "1.8.0",
  "render_controllers": {
    "controller.render.hive.sonic.rr.umbrella": {
      "arrays": {
        "textures": {
          "array.textures": [
            "Texture.green_blue",
            "Texture.white",
            "Texture.yellow",
            "Texture.yellow_blue",
            "Texture.yellow_pink"
          ]
        }
      },
      "geometry": "Geometry.default",
      "materials": [
        {
          "*": "Material.default"
        }
      ],
      "textures": [
        "array.textures[query.variant]"
      ]
    }
  }
}