{
  "format_version": "1.12.0",
  "minecraft:geometry": [
    {
      "description": {
        "identifier": "geometry.hive.sonic.ghz.spike.1",
        "texture_width": 16,
        "texture_height": 16,
        "visible_bounds_width": 5,
        "visible_bounds_height": 3,
        "visible_bounds_offset": [
          0,
          0.5,
          0
        ]
      },
      "bones": [
        {
          "name": "root",
          "pivot": [
            0,
            0,
            0
          ],
          "cubes": [
            {
              "origin": [
                0.70711,
                0,
                -6.90416
              ],
              "size": [
                0,
                5,
                9
              ],
              "pivot": [
                0,
                0,
                0
              ],
              "rotation": [
                -180,
                45,
                180
              ],
              "uv": {
                "east": {
                  "uv": [
                    0,
                    11
                  ],
                  "uv_size": [
                    9,
                    5
                  ]
                },
                "west": {
                  "uv": [
                    0,
                    11
                  ],
                  "uv_size": [
                    9,
                    5
                  ]
                }
              }
            },
            {
              "origin": [
                2.46863,
                0,
                -3.82842
              ],
              "size": [
                0,
                5,
                9
              ],
              "pivot": [
                0,
                0,
                0
              ],
              "rotation": [
                -180,
                -45,
                180
              ],
              "uv": {
                "east": {
                  "uv": [
                    0,
                    11
                  ],
                  "uv_size": [
                    9,
                    5
                  ]
                },
                "west": {
                  "uv": [
                    0,
                    11
                  ],
                  "uv_size": [
                    9,
                    5
                  ]
                }
              }
            },
            {
              "origin": [
                0.70711,
                5,
                -5.90416
              ],
              "size": [
                0,
                3,
                7
              ],
              "pivot": [
                0,
                0,
                0
              ],
              "rotation": [
                -180,
                45,
                180
              ],
              "uv": {
                "east": {
                  "uv": [
                    1,
                    8
                  ],
                  "uv_size": [
                    7,
                    3
                  ]
                },
                "west": {
                  "uv": [
                    1,
                    8
                  ],
                  "uv_size": [
                    7,
                    3
                  ]
                }
              }
            },
            {
              "origin": [
                2.46863,
                5,
                -2.82842
              ],
              "size": [
                0,
                3,
                7
              ],
              "pivot": [
                0,
                0,
                0
              ],
              "rotation": [
                -180,
                -45,
                180
              ],
              "uv": {
                "east": {
                  "uv": [
                    1,
                    8
                  ],
                  "uv_size": [
                    7,
                    3
                  ]
                },
                "west": {
                  "uv": [
                    1,
                    8
                  ],
                  "uv_size": [
                    7,
                    3
                  ]
                }
              }
            },
            {
              "origin": [
                0.70711,
                8,
                -4.90416
              ],
              "size": [
                0,
                3,
                5
              ],
              "pivot": [
                0,
                0,
                0
              ],
              "rotation": [
                -180,
                45,
                180
              ],
              "uv": {
                "east": {
                  "uv": [
                    2,
                    5
                  ],
                  "uv_size": [
                    5,
                    3
                  ]
                },
                "west": {
                  "uv": [
                    2,
                    5
                  ],
                  "uv_size": [
                    5,
                    3
                  ]
                }
              }
            },
            {
              "origin": [
                2.46863,
                8,
                -1.82842
              ],
              "size": [
                0,
                3,
                5
              ],
              "pivot": [
                0,
                0,
                0
              ],
              "rotation": [
                -180,
                -45,
                180
              ],
              "uv": {
                "east": {
                  "uv": [
                    2,
                    5
                  ],
                  "uv_size": [
                    5,
                    3
                  ]
                },
                "west": {
                  "uv": [
                    2,
                    5
                  ],
                  "uv_size": [
                    5,
                    3
                  ]
                }
              }
            },
            {
              "origin": [
                0.70711,
                11,
                -3.90416
              ],
              "size": [
                0,
                3,
                3
              ],
              "pivot": [
                0,
                0,
                0
              ],
              "rotation": [
                -180,
                45,
                180
              ],
              "uv": {
                "east": {
                  "uv": [
                    3,
                    2
                  ],
                  "uv_size": [
                    3,
                    3
                  ]
                },
                "west": {
                  "uv": [
                    3,
                    2
                  ],
                  "uv_size": [
                    3,
                    3
                  ]
                }
              }
            },
            {
              "origin": [
                2.46863,
                11,
                -0.82842
              ],
              "size": [
                0,
                3,
                3
              ],
              "pivot": [
                0,
                0,
                0
              ],
              "rotation": [
                -180,
                -45,
                180
              ],
              "uv": {
                "east": {
                  "uv": [
                    3,
                    2
                  ],
                  "uv_size": [
                    3,
                    3
                  ]
                },
                "west": {
                  "uv": [
                    3,
                    2
                  ],
                  "uv_size": [
                    3,
                    3
                  ]
                }
              }
            },
            {
              "origin": [
                0.70711,
                14,
                -2.90416
              ],
              "size": [
                0,
                2,
                1
              ],
              "pivot": [
                0,
                0,
                0
              ],
              "rotation": [
                -180,
                45,
                180
              ],
              "uv": {
                "east": {
                  "uv": [
                    4,
                    0
                  ],
                  "uv_size": [
                    1,
                    2
                  ]
                },
                "west": {
                  "uv": [
                    4,
                    0
                  ],
                  "uv_size": [
                    1,
                    2
                  ]
                }
              }
            },
            {
              "origin": [
                2.46863,
                14,
                0.17158
              ],
              "size": [
                0,
                2,
                1
              ],
              "pivot": [
                0,
                0,
                0
              ],
              "rotation": [
                -180,
                -45,
                180
              ],
              "uv": {
                "east": {
                  "uv": [
                    4,
                    0
                  ],
                  "uv_size": [
                    1,
                    2
                  ]
                },
                "west": {
                  "uv": [
                    4,
                    0
                  ],
                  "uv_size": [
                    1,
                    2
                  ]
                }
              }
            }
          ]
        }
      ]
    }
  ]
}