{
  "format_version": "1.12.0",
  "minecraft:geometry": [
    {
      "description": {
        "identifier": "geometry.hive.sonic.ghz.spike.3",
        "texture_width": 32,
        "texture_height": 32,
        "visible_bounds_width": 5,
        "visible_bounds_height": 3,
        "visible_bounds_offset": [
          0,
          0.5,
          0
        ]
      },
      "bones": [
        {
          "name": "root",
          "pivot": [
            0,
            0,
            0
          ],
          "cubes": [
            {
              "origin": [
                0.1,
                0,
                -1.57157
              ],
              "size": [
                0,
                8,
                9
              ],
              "pivot": [
                0.1,
                0,
                0.1
              ],
              "rotation": [
                -180,
                45,
                180
              ],
              "uv": {
                "east": {
                  "uv": [
                    2,
                    15
                  ],
                  "uv_size": [
                    9,
                    8
                  ]
                },
                "west": {
                  "uv": [
                    2,
                    15
                  ],
                  "uv_size": [
                    9,
                    8
                  ]
                }
              }
            },
            {
              "origin": [
                -2.7284,
                0,
                -4.37157
              ],
              "size": [
                0,
                8,
                9
              ],
              "pivot": [
                0.1,
                0,
                0.1
              ],
              "rotation": [
                -180,
                -45,
                180
              ],
              "uv": {
                "east": {
                  "uv": [
                    2,
                    15
                  ],
                  "uv_size": [
                    9,
                    8
                  ]
                },
                "west": {
                  "uv": [
                    2,
                    15
                  ],
                  "uv_size": [
                    9,
                    8
                  ]
                }
              }
            },
            {
              "origin": [
                0.1,
                8,
                -0.57157
              ],
              "size": [
                0,
                5,
                7
              ],
              "pivot": [
                0.1,
                8,
                0.1
              ],
              "rotation": [
                -180,
                45,
                180
              ],
              "uv": {
                "east": {
                  "uv": [
                    3,
                    10
                  ],
                  "uv_size": [
                    7,
                    5
                  ]
                },
                "west": {
                  "uv": [
                    3,
                    10
                  ],
                  "uv_size": [
                    7,
                    5
                  ]
                }
              }
            },
            {
              "origin": [
                -2.7284,
                8,
                -3.37157
              ],
              "size": [
                0,
                5,
                7
              ],
              "pivot": [
                0.1,
                8,
                0.1
              ],
              "rotation": [
                -180,
                -45,
                180
              ],
              "uv": {
                "east": {
                  "uv": [
                    3,
                    10
                  ],
                  "uv_size": [
                    7,
                    5
                  ]
                },
                "west": {
                  "uv": [
                    3,
                    10
                  ],
                  "uv_size": [
                    7,
                    5
                  ]
                }
              }
            },
            {
              "origin": [
                0.1,
                13,
                0.42843
              ],
              "size": [
                0,
                5,
                5
              ],
              "pivot": [
                0.1,
                8,
                0.1
              ],
              "rotation": [
                -180,
                45,
                180
              ],
              "uv": {
                "east": {
                  "uv": [
                    4,
                    5
                  ],
                  "uv_size": [
                    5,
                    5
                  ]
                },
                "west": {
                  "uv": [
                    4,
                    5
                  ],
                  "uv_size": [
                    5,
                    5
                  ]
                }
              }
            },
            {
              "origin": [
                -2.7284,
                13,
                -2.37157
              ],
              "size": [
                0,
                5,
                5
              ],
              "pivot": [
                0.1,
                8,
                0.1
              ],
              "rotation": [
                -180,
                -45,
                180
              ],
              "uv": {
                "east": {
                  "uv": [
                    4,
                    5
                  ],
                  "uv_size": [
                    5,
                    5
                  ]
                },
                "west": {
                  "uv": [
                    4,
                    5
                  ],
                  "uv_size": [
                    5,
                    5
                  ]
                }
              }
            },
            {
              "origin": [
                0.1,
                18,
                1.42843
              ],
              "size": [
                0,
                3,
                3
              ],
              "pivot": [
                0.1,
                8,
                0.1
              ],
              "rotation": [
                -180,
                45,
                180
              ],
              "uv": {
                "east": {
                  "uv": [
                    5,
                    2
                  ],
                  "uv_size": [
                    3,
                    3
                  ]
                },
                "west": {
                  "uv": [
                    5,
                    2
                  ],
                  "uv_size": [
                    3,
                    3
                  ]
                }
              }
            },
            {
              "origin": [
                -2.7284,
                18,
                -1.37157
              ],
              "size": [
                0,
                3,
                3
              ],
              "pivot": [
                0.1,
                8,
                0.1
              ],
              "rotation": [
                -180,
                -45,
                180
              ],
              "uv": {
                "east": {
                  "uv": [
                    5,
                    2
                  ],
                  "uv_size": [
                    3,
                    3
                  ]
                },
                "west": {
                  "uv": [
                    5,
                    2
                  ],
                  "uv_size": [
                    3,
                    3
                  ]
                }
              }
            },
            {
              "origin": [
                0.1,
                21,
                2.42843
              ],
              "size": [
                0,
                2,
                1
              ],
              "pivot": [
                0.1,
                8,
                0.1
              ],
              "rotation": [
                -180,
                45,
                180
              ],
              "uv": {
                "east": {
                  "uv": [
                    6,
                    0
                  ],
                  "uv_size": [
                    1,
                    2
                  ]
                },
                "west": {
                  "uv": [
                    6,
                    0
                  ],
                  "uv_size": [
                    1,
                    2
                  ]
                }
              }
            },
            {
              "origin": [
                -2.7284,
                21,
                -0.37157
              ],
              "size": [
                0,
                2,
                1
              ],
              "pivot": [
                0.1,
                8,
                0.1
              ],
              "rotation": [
                -180,
                -45,
                180
              ],
              "uv": {
                "east": {
                  "uv": [
                    6,
                    0
                  ],
                  "uv_size": [
                    1,
                    2
                  ]
                },
                "west": {
                  "uv": [
                    6,
                    0
                  ],
                  "uv_size": [
                    1,
                    2
                  ]
                }
              }
            }
          ]
        }
      ]
    }
  ]
}