{
  "minecraft:geometry": [
    {
      "description": {
        "identifier": "geometry.hive.sonic.sh.plant.bush",
        "texture_width": 32,
        "texture_height": 32,
        "visible_bounds_width": 4,
        "visible_bounds_height": 5,
        "visible_bounds_offset": [
          0,
          1.5,
          0
        ]
      },
      "bones": [
        {
          "name": "root",
          "pivot": [
            0,
            0,
            0
          ]
        },
        {
          "name": "bone",
          "parent": "root",
          "pivot": [
            0,
            0,
            0
          ],
          "cubes": [
            {
              "origin": [
                0,
                0,
                -7
              ],
              "size": [
                0,
                8,
                14
              ],
              "pivot": [
                0,
                0,
                0
              ],
              "rotation": [
                0,
                -45,
                0
              ],
              "uv": {
                "north": {
                  "uv": [
                    0,
                    0
                  ],
                  "uv_size": [
                    0,
                    1
                  ]
                },
                "south": {
                  "uv": [
                    0,
                    0
                  ],
                  "uv_size": [
                    0,
                    1
                  ]
                },
                "west": {
                  "uv": [
                    0,
                    24
                  ],
                  "uv_size": [
                    14,
                    8
                  ]
                },
                "up": {
                  "uv": [
                    12,
                    32
                  ],
                  "uv_size": [
                    -12,
                    -12
                  ]
                },
                "down": {
                  "uv": [
                    0,
                    12
                  ],
                  "uv_size": [
                    0,
                    -12
                  ]
                }
              }
            },
            {
              "origin": [
                0,
                0,
                -7
              ],
              "size": [
                0,
                8,
                14
              ],
              "pivot": [
                0,
                0,
                0
              ],
              "rotation": [
                0,
                45,
                0
              ],
              "uv": {
                "north": {
                  "uv": [
                    0,
                    0
                  ],
                  "uv_size": [
                    0,
                    1
                  ]
                },
                "south": {
                  "uv": [
                    0,
                    0
                  ],
                  "uv_size": [
                    0,
                    1
                  ]
                },
                "west": {
                  "uv": [
                    0,
                    24
                  ],
                  "uv_size": [
                    14,
                    8
                  ]
                },
                "up": {
                  "uv": [
                    12,
                    32
                  ],
                  "uv_size": [
                    -12,
                    -12
                  ]
                },
                "down": {
                  "uv": [
                    0,
                    12
                  ],
                  "uv_size": [
                    0,
                    -12
                  ]
                }
              }
            },
            {
              "origin": [
                -4.99316,
                5.86873,
                -14.4476
              ],
              "size": [
                8,
                0,
                10
              ],
              "pivot": [
                0,
                0,
                0
              ],
              "rotation": [
                15,
                32.5,
                0
              ],
              "uv": {
                "north": {
                  "uv": [
                    24,
                    0
                  ],
                  "uv_size": [
                    8,
                    10
                  ]
                },
                "east": {
                  "uv": [
                    0,
                    0
                  ],
                  "uv_size": [
                    8,
                    0
                  ]
                },
                "south": {
                  "uv": [
                    0,
                    0
                  ],
                  "uv_size": [
                    7,
                    0
                  ]
                },
                "west": {
                  "uv": [
                    0,
                    0
                  ],
                  "uv_size": [
                    8,
                    0
                  ]
                },
                "up": {
                  "uv": [
                    32,
                    10
                  ],
                  "uv_size": [
                    -8,
                    -10
                  ]
                }
              }
            },
            {
              "origin": [
                -6.04703,
                5.81448,
                4.24512
              ],
              "size": [
                8,
                0,
                10
              ],
              "pivot": [
                0,
                0,
                0
              ],
              "rotation": [
                -15,
                -35,
                0
              ],
              "uv": {
                "north": {
                  "uv": [
                    7,
                    0
                  ],
                  "uv_size": [
                    -7,
                    0
                  ]
                },
                "east": {
                  "uv": [
                    8,
                    0
                  ],
                  "uv_size": [
                    -8,
                    0
                  ]
                },
                "south": {
                  "uv": [
                    32,
                    0
                  ],
                  "uv_size": [
                    -8,
                    10
                  ]
                },
                "west": {
                  "uv": [
                    8,
                    0
                  ],
                  "uv_size": [
                    -8,
                    0
                  ]
                },
                "up": {
                  "uv": [
                    23,
                    0
                  ],
                  "uv_size": [
                    -8,
                    10
                  ]
                }
              }
            },
            {
              "origin": [
                -5.53046,
                5.65045,
                -13.63295
              ],
              "size": [
                8,
                0,
                10
              ],
              "pivot": [
                0,
                0,
                0
              ],
              "rotation": [
                15,
                -57.5,
                0
              ],
              "uv": {
                "north": {
                  "uv": [
                    32,
                    0
                  ],
                  "uv_size": [
                    -8,
                    10
                  ]
                },
                "east": {
                  "uv": [
                    8,
                    0
                  ],
                  "uv_size": [
                    -8,
                    0
                  ]
                },
                "south": {
                  "uv": [
                    7,
                    0
                  ],
                  "uv_size": [
                    -7,
                    0
                  ]
                },
                "west": {
                  "uv": [
                    8,
                    0
                  ],
                  "uv_size": [
                    -8,
                    0
                  ]
                },
                "up": {
                  "uv": [
                    24,
                    10
                  ],
                  "uv_size": [
                    8,
                    -10
                  ]
                }
              }
            },
            {
              "origin": [
                -2.33544,
                5.8387,
                4.33552
              ],
              "size": [
                8,
                0,
                10
              ],
              "pivot": [
                0,
                0,
                0
              ],
              "rotation": [
                -15,
                27.5,
                0
              ],
              "uv": {
                "north": {
                  "uv": [
                    0,
                    0
                  ],
                  "uv_size": [
                    7,
                    0
                  ]
                },
                "east": {
                  "uv": [
                    0,
                    0
                  ],
                  "uv_size": [
                    8,
                    0
                  ]
                },
                "south": {
                  "uv": [
                    24,
                    0
                  ],
                  "uv_size": [
                    8,
                    10
                  ]
                },
                "west": {
                  "uv": [
                    0,
                    0
                  ],
                  "uv_size": [
                    8,
                    0
                  ]
                },
                "up": {
                  "uv": [
                    15,
                    0
                  ],
                  "uv_size": [
                    8,
                    10
                  ]
                }
              }
            },
            {
              "origin": [
                -3.84733,
                9.21197,
                -9.15168
              ],
              "size": [
                8,
                0,
                10
              ],
              "pivot": [
                0,
                0,
                0
              ],
              "rotation": [
                15,
                2.5,
                0
              ],
              "uv": {
                "north": {
                  "uv": [
                    24,
                    0
                  ],
                  "uv_size": [
                    8,
                    10
                  ]
                },
                "east": {
                  "uv": [
                    0,
                    0
                  ],
                  "uv_size": [
                    8,
                    0
                  ]
                },
                "south": {
                  "uv": [
                    0,
                    0
                  ],
                  "uv_size": [
                    7,
                    0
                  ]
                },
                "west": {
                  "uv": [
                    0,
                    0
                  ],
                  "uv_size": [
                    8,
                    0
                  ]
                },
                "up": {
                  "uv": [
                    23,
                    10
                  ],
                  "uv_size": [
                    -8,
                    -10
                  ]
                }
              }
            },
            {
              "origin": [
                -3.43564,
                8.74897,
                -1.03075
              ],
              "size": [
                8,
                0,
                10
              ],
              "pivot": [
                0,
                0,
                0
              ],
              "rotation": [
                -15,
                -10,
                0
              ],
              "uv": {
                "north": {
                  "uv": [
                    7,
                    0
                  ],
                  "uv_size": [
                    -7,
                    0
                  ]
                },
                "east": {
                  "uv": [
                    8,
                    0
                  ],
                  "uv_size": [
                    -8,
                    0
                  ]
                },
                "south": {
                  "uv": [
                    32,
                    0
                  ],
                  "uv_size": [
                    -8,
                    10
                  ]
                },
                "west": {
                  "uv": [
                    8,
                    0
                  ],
                  "uv_size": [
                    -8,
                    0
                  ]
                },
                "up": {
                  "uv": [
                    32,
                    0
                  ],
                  "uv_size": [
                    -8,
                    10
                  ]
                }
              }
            },
            {
              "origin": [
                -4.32817,
                7.11254,
                -11.36215
              ],
              "size": [
                8,
                0,
                10
              ],
              "pivot": [
                0,
                0,
                0
              ],
              "rotation": [
                15,
                -105,
                0
              ],
              "uv": {
                "north": {
                  "uv": [
                    24,
                    0
                  ],
                  "uv_size": [
                    8,
                    10
                  ]
                },
                "east": {
                  "uv": [
                    0,
                    0
                  ],
                  "uv_size": [
                    8,
                    0
                  ]
                },
                "south": {
                  "uv": [
                    0,
                    0
                  ],
                  "uv_size": [
                    7,
                    0
                  ]
                },
                "west": {
                  "uv": [
                    0,
                    0
                  ],
                  "uv_size": [
                    8,
                    0
                  ]
                },
                "up": {
                  "uv": [
                    32,
                    10
                  ],
                  "uv_size": [
                    -8,
                    -10
                  ]
                }
              }
            },
            {
              "origin": [
                -2.3206,
                7.77016,
                -11.08436
              ],
              "size": [
                8,
                0,
                10
              ],
              "pivot": [
                0,
                0,
                0
              ],
              "rotation": [
                15,
                100,
                0
              ],
              "uv": {
                "north": {
                  "uv": [
                    32,
                    0
                  ],
                  "uv_size": [
                    -8,
                    10
                  ]
                },
                "east": {
                  "uv": [
                    8,
                    0
                  ],
                  "uv_size": [
                    -8,
                    0
                  ]
                },
                "south": {
                  "uv": [
                    7,
                    0
                  ],
                  "uv_size": [
                    -7,
                    0
                  ]
                },
                "west": {
                  "uv": [
                    8,
                    0
                  ],
                  "uv_size": [
                    -8,
                    0
                  ]
                },
                "up": {
                  "uv": [
                    15,
                    10
                  ],
                  "uv_size": [
                    8,
                    -10
                  ]
                }
              }
            }
          ]
        }
      ]
    }
  ],
  "format_version": "1.12.0"
}