{
  "minecraft:geometry": [
    {
      "description": {
        "identifier": "geometry.hive.sonic.sh.plant.caladium",
        "texture_width": 32,
        "texture_height": 32,
        "visible_bounds_width": 4,
        "visible_bounds_height": 5,
        "visible_bounds_offset": [
          0,
          1.5,
          0
        ]
      },
      "bones": [
        {
          "name": "root",
          "pivot": [
            0,
            0,
            0
          ]
        },
        {
          "name": "bone",
          "parent": "root",
          "pivot": [
            0,
            0,
            0
          ],
          "cubes": [
            {
              "origin": [
                -6.55378,
                11.77237,
                -11.67664
              ],
              "size": [
                12,
                0,
                15
              ],
              "pivot": [
                0,
                0,
                0
              ],
              "rotation": [
                22.5,
                -52.5,
                0
              ],
              "uv": {
                "north": {
                  "uv": [
                    15,
                    15
                  ],
                  "uv_size": [
                    12,
                    0
                  ]
                },
                "east": {
                  "uv": [
                    0,
                    15
                  ],
                  "uv_size": [
                    15,
                    0
                  ]
                },
                "south": {
                  "uv": [
                    42,
                    15
                  ],
                  "uv_size": [
                    12,
                    0
                  ]
                },
                "west": {
                  "uv": [
                    27,
                    15
                  ],
                  "uv_size": [
                    15,
                    0
                  ]
                },
                "up": {
                  "uv": [
                    0,
                    15
                  ],
                  "uv_size": [
                    12,
                    -15
                  ]
                }
              }
            },
            {
              "origin": [
                -4.69979,
                17.75569,
                -2.39213
              ],
              "size": [
                10,
                0,
                13
              ],
              "pivot": [
                0,
                0,
                0
              ],
              "rotation": [
                32.5,
                7.5,
                0
              ],
              "uv": {
                "north": {
                  "uv": [
                    13,
                    43
                  ],
                  "uv_size": [
                    10,
                    0
                  ]
                },
                "east": {
                  "uv": [
                    0,
                    43
                  ],
                  "uv_size": [
                    13,
                    0
                  ]
                },
                "south": {
                  "uv": [
                    36,
                    43
                  ],
                  "uv_size": [
                    10,
                    0
                  ]
                },
                "west": {
                  "uv": [
                    23,
                    43
                  ],
                  "uv_size": [
                    13,
                    0
                  ]
                },
                "up": {
                  "uv": [
                    13,
                    13
                  ],
                  "uv_size": [
                    10,
                    -13
                  ]
                }
              }
            },
            {
              "origin": [
                -4.26961,
                16.73177,
                -9.21973
              ],
              "size": [
                10,
                0,
                13
              ],
              "pivot": [
                0,
                0,
                0
              ],
              "rotation": [
                -30,
                7.5,
                0
              ],
              "uv": {
                "north": {
                  "uv": [
                    13,
                    43
                  ],
                  "uv_size": [
                    10,
                    0
                  ]
                },
                "east": {
                  "uv": [
                    0,
                    43
                  ],
                  "uv_size": [
                    13,
                    0
                  ]
                },
                "south": {
                  "uv": [
                    36,
                    43
                  ],
                  "uv_size": [
                    10,
                    0
                  ]
                },
                "west": {
                  "uv": [
                    23,
                    43
                  ],
                  "uv_size": [
                    13,
                    0
                  ]
                },
                "up": {
                  "uv": [
                    13,
                    0
                  ],
                  "uv_size": [
                    10,
                    13
                  ]
                }
              }
            },
            {
              "origin": [
                -3.77212,
                12.1857,
                -2.03148
              ],
              "size": [
                10,
                0,
                13
              ],
              "pivot": [
                0,
                0,
                0
              ],
              "rotation": [
                -35,
                35,
                0
              ],
              "uv": {
                "north": {
                  "uv": [
                    13,
                    43
                  ],
                  "uv_size": [
                    10,
                    0
                  ]
                },
                "east": {
                  "uv": [
                    0,
                    43
                  ],
                  "uv_size": [
                    13,
                    0
                  ]
                },
                "south": {
                  "uv": [
                    36,
                    43
                  ],
                  "uv_size": [
                    10,
                    0
                  ]
                },
                "west": {
                  "uv": [
                    23,
                    43
                  ],
                  "uv_size": [
                    13,
                    0
                  ]
                },
                "up": {
                  "uv": [
                    13,
                    0
                  ],
                  "uv_size": [
                    10,
                    13
                  ]
                }
              }
            },
            {
              "origin": [
                -3.35592,
                14.72816,
                -6.45782
              ],
              "size": [
                8,
                0,
                10
              ],
              "pivot": [
                0,
                0,
                0
              ],
              "rotation": [
                25,
                -82.5,
                0
              ],
              "uv": {
                "north": {
                  "uv": [
                    53,
                    40
                  ],
                  "uv_size": [
                    8,
                    0
                  ]
                },
                "east": {
                  "uv": [
                    43,
                    40
                  ],
                  "uv_size": [
                    10,
                    0
                  ]
                },
                "south": {
                  "uv": [
                    71,
                    40
                  ],
                  "uv_size": [
                    8,
                    0
                  ]
                },
                "west": {
                  "uv": [
                    61,
                    40
                  ],
                  "uv_size": [
                    10,
                    0
                  ]
                },
                "up": {
                  "uv": [
                    24,
                    10
                  ],
                  "uv_size": [
                    8,
                    -10
                  ]
                }
              }
            },
            {
              "origin": [
                -3.80027,
                8.06219,
                -11.09221
              ],
              "size": [
                8,
                0,
                10
              ],
              "pivot": [
                0,
                0,
                0
              ],
              "rotation": [
                25,
                -97.5,
                0
              ],
              "uv": {
                "north": {
                  "uv": [
                    53,
                    40
                  ],
                  "uv_size": [
                    8,
                    0
                  ]
                },
                "east": {
                  "uv": [
                    43,
                    40
                  ],
                  "uv_size": [
                    10,
                    0
                  ]
                },
                "south": {
                  "uv": [
                    71,
                    40
                  ],
                  "uv_size": [
                    8,
                    0
                  ]
                },
                "west": {
                  "uv": [
                    61,
                    40
                  ],
                  "uv_size": [
                    10,
                    0
                  ]
                },
                "up": {
                  "uv": [
                    24,
                    10
                  ],
                  "uv_size": [
                    8,
                    -10
                  ]
                }
              }
            },
            {
              "origin": [
                -3.78285,
                7.53049,
                -9.95198
              ],
              "size": [
                8,
                0,
                10
              ],
              "pivot": [
                0,
                0,
                0
              ],
              "rotation": [
                25,
                -177.5,
                0
              ],
              "uv": {
                "north": {
                  "uv": [
                    53,
                    40
                  ],
                  "uv_size": [
                    8,
                    0
                  ]
                },
                "east": {
                  "uv": [
                    43,
                    40
                  ],
                  "uv_size": [
                    10,
                    0
                  ]
                },
                "south": {
                  "uv": [
                    71,
                    40
                  ],
                  "uv_size": [
                    8,
                    0
                  ]
                },
                "west": {
                  "uv": [
                    61,
                    40
                  ],
                  "uv_size": [
                    10,
                    0
                  ]
                },
                "up": {
                  "uv": [
                    24,
                    10
                  ],
                  "uv_size": [
                    8,
                    -10
                  ]
                }
              }
            },
            {
              "origin": [
                -3.29022,
                15.33279,
                -4.61174
              ],
              "size": [
                8,
                0,
                10
              ],
              "pivot": [
                0,
                0,
                0
              ],
              "rotation": [
                -25,
                -100,
                0
              ],
              "uv": {
                "north": {
                  "uv": [
                    53,
                    40
                  ],
                  "uv_size": [
                    8,
                    0
                  ]
                },
                "east": {
                  "uv": [
                    43,
                    40
                  ],
                  "uv_size": [
                    10,
                    0
                  ]
                },
                "south": {
                  "uv": [
                    71,
                    40
                  ],
                  "uv_size": [
                    8,
                    0
                  ]
                },
                "west": {
                  "uv": [
                    61,
                    40
                  ],
                  "uv_size": [
                    10,
                    0
                  ]
                },
                "up": {
                  "uv": [
                    24,
                    0
                  ],
                  "uv_size": [
                    8,
                    10
                  ]
                }
              }
            },
            {
              "origin": [
                -5,
                10.9282,
                0.9282
              ],
              "size": [
                8,
                0,
                10
              ],
              "pivot": [
                0,
                0,
                0
              ],
              "rotation": [
                -30,
                180,
                0
              ],
              "uv": {
                "north": {
                  "uv": [
                    53,
                    40
                  ],
                  "uv_size": [
                    8,
                    0
                  ]
                },
                "east": {
                  "uv": [
                    43,
                    40
                  ],
                  "uv_size": [
                    10,
                    0
                  ]
                },
                "south": {
                  "uv": [
                    71,
                    40
                  ],
                  "uv_size": [
                    8,
                    0
                  ]
                },
                "west": {
                  "uv": [
                    61,
                    40
                  ],
                  "uv_size": [
                    10,
                    0
                  ]
                },
                "up": {
                  "uv": [
                    24,
                    0
                  ],
                  "uv_size": [
                    8,
                    10
                  ]
                },
                "down": {
                  "uv": [
                    61,
                    40
                  ],
                  "uv_size": [
                    8,
                    -10
                  ]
                }
              }
            },
            {
              "origin": [
                -5.81494,
                11.64558,
                -3.82926
              ],
              "size": [
                12,
                0,
                15
              ],
              "pivot": [
                0,
                0,
                0
              ],
              "rotation": [
                -30,
                -47.5,
                0
              ],
              "uv": {
                "north": {
                  "uv": [
                    15,
                    15
                  ],
                  "uv_size": [
                    12,
                    0
                  ]
                },
                "east": {
                  "uv": [
                    0,
                    15
                  ],
                  "uv_size": [
                    15,
                    0
                  ]
                },
                "south": {
                  "uv": [
                    42,
                    15
                  ],
                  "uv_size": [
                    12,
                    0
                  ]
                },
                "west": {
                  "uv": [
                    27,
                    15
                  ],
                  "uv_size": [
                    15,
                    0
                  ]
                },
                "up": {
                  "uv": [
                    0,
                    0
                  ],
                  "uv_size": [
                    12,
                    15
                  ]
                }
              }
            },
            {
              "origin": [
                -5.63023,
                9.04767,
                -13.05496
              ],
              "size": [
                12,
                0,
                15
              ],
              "pivot": [
                0,
                0,
                0
              ],
              "rotation": [
                27.5,
                50,
                0
              ],
              "uv": {
                "north": {
                  "uv": [
                    15,
                    15
                  ],
                  "uv_size": [
                    12,
                    0
                  ]
                },
                "east": {
                  "uv": [
                    0,
                    15
                  ],
                  "uv_size": [
                    15,
                    0
                  ]
                },
                "south": {
                  "uv": [
                    42,
                    15
                  ],
                  "uv_size": [
                    12,
                    0
                  ]
                },
                "west": {
                  "uv": [
                    27,
                    15
                  ],
                  "uv_size": [
                    15,
                    0
                  ]
                },
                "up": {
                  "uv": [
                    0,
                    15
                  ],
                  "uv_size": [
                    12,
                    -15
                  ]
                }
              }
            },
            {
              "origin": [
                -6,
                0,
                0
              ],
              "size": [
                12,
                19,
                0
              ],
              "pivot": [
                0,
                0,
                0
              ],
              "rotation": [
                0,
                -45,
                0
              ],
              "uv": {
                "north": {
                  "uv": [
                    20,
                    13
                  ],
                  "uv_size": [
                    12,
                    19
                  ]
                },
                "east": {
                  "uv": [
                    24,
                    53
                  ],
                  "uv_size": [
                    0,
                    18
                  ]
                },
                "west": {
                  "uv": [
                    36,
                    53
                  ],
                  "uv_size": [
                    0,
                    18
                  ]
                },
                "up": {
                  "uv": [
                    24,
                    53
                  ],
                  "uv_size": [
                    12,
                    0
                  ]
                },
                "down": {
                  "uv": [
                    36,
                    53
                  ],
                  "uv_size": [
                    12,
                    0
                  ]
                }
              }
            },
            {
              "origin": [
                0,
                0,
                -6
              ],
              "size": [
                0,
                19,
                12
              ],
              "pivot": [
                0,
                0,
                0
              ],
              "rotation": [
                0,
                -45,
                0
              ],
              "uv": {
                "north": {
                  "uv": [
                    12,
                    43
                  ],
                  "uv_size": [
                    0,
                    18
                  ]
                },
                "east": {
                  "uv": [
                    32,
                    13
                  ],
                  "uv_size": [
                    -12,
                    19
                  ]
                },
                "south": {
                  "uv": [
                    24,
                    43
                  ],
                  "uv_size": [
                    0,
                    18
                  ]
                },
                "up": {
                  "uv": [
                    12,
                    31
                  ],
                  "uv_size": [
                    0,
                    12
                  ]
                },
                "down": {
                  "uv": [
                    12,
                    43
                  ],
                  "uv_size": [
                    0,
                    -12
                  ]
                }
              }
            }
          ]
        }
      ]
    }
  ],
  "format_version": "1.12.0"
}