{
  "minecraft:geometry": [
    {
      "description": {
        "identifier": "geometry.hive.sonic.sh.plant.monstera",
        "texture_width": 32,
        "texture_height": 32,
        "visible_bounds_width": 4,
        "visible_bounds_height": 5,
        "visible_bounds_offset": [
          0,
          1.5,
          0
        ]
      },
      "bones": [
        {
          "name": "root",
          "pivot": [
            0,
            0,
            0
          ]
        },
        {
          "name": "bone",
          "parent": "root",
          "pivot": [
            0,
            0,
            0
          ],
          "cubes": [
            {
              "origin": [
                -5.36919,
                11.12495,
                -9.43295
              ],
              "size": [
                10,
                0,
                13
              ],
              "pivot": [
                0,
                0,
                0
              ],
              "rotation": [
                27.5,
                -52.5,
                0
              ],
              "uv": {
                "north": {
                  "uv": [
                    15,
                    15
                  ],
                  "uv_size": [
                    12,
                    0
                  ]
                },
                "east": {
                  "uv": [
                    0,
                    15
                  ],
                  "uv_size": [
                    15,
                    0
                  ]
                },
                "south": {
                  "uv": [
                    42,
                    15
                  ],
                  "uv_size": [
                    12,
                    0
                  ]
                },
                "west": {
                  "uv": [
                    27,
                    15
                  ],
                  "uv_size": [
                    15,
                    0
                  ]
                },
                "up": {
                  "uv": [
                    13,
                    13
                  ],
                  "uv_size": [
                    10,
                    -13
                  ]
                }
              }
            },
            {
              "origin": [
                -5.96084,
                17.34194,
                -2.21024
              ],
              "size": [
                12,
                0,
                15
              ],
              "pivot": [
                0,
                0,
                0
              ],
              "rotation": [
                37.5,
                7.5,
                0
              ],
              "uv": {
                "north": {
                  "uv": [
                    13,
                    43
                  ],
                  "uv_size": [
                    10,
                    0
                  ]
                },
                "east": {
                  "uv": [
                    0,
                    43
                  ],
                  "uv_size": [
                    13,
                    0
                  ]
                },
                "south": {
                  "uv": [
                    36,
                    43
                  ],
                  "uv_size": [
                    10,
                    0
                  ]
                },
                "west": {
                  "uv": [
                    23,
                    43
                  ],
                  "uv_size": [
                    13,
                    0
                  ]
                },
                "up": {
                  "uv": [
                    0,
                    15
                  ],
                  "uv_size": [
                    12,
                    -15
                  ]
                }
              }
            },
            {
              "origin": [
                -4.26961,
                16.73177,
                -9.21973
              ],
              "size": [
                10,
                0,
                13
              ],
              "pivot": [
                0,
                0,
                0
              ],
              "rotation": [
                -30,
                7.5,
                0
              ],
              "uv": {
                "north": {
                  "uv": [
                    13,
                    43
                  ],
                  "uv_size": [
                    10,
                    0
                  ]
                },
                "east": {
                  "uv": [
                    0,
                    43
                  ],
                  "uv_size": [
                    13,
                    0
                  ]
                },
                "south": {
                  "uv": [
                    36,
                    43
                  ],
                  "uv_size": [
                    10,
                    0
                  ]
                },
                "west": {
                  "uv": [
                    23,
                    43
                  ],
                  "uv_size": [
                    13,
                    0
                  ]
                },
                "up": {
                  "uv": [
                    13,
                    0
                  ],
                  "uv_size": [
                    10,
                    13
                  ]
                }
              }
            },
            {
              "origin": [
                -3.19854,
                11.71585,
                -2.70249
              ],
              "size": [
                10,
                0,
                13
              ],
              "pivot": [
                0,
                0,
                0
              ],
              "rotation": [
                -35,
                35,
                0
              ],
              "uv": {
                "north": {
                  "uv": [
                    13,
                    43
                  ],
                  "uv_size": [
                    10,
                    0
                  ]
                },
                "east": {
                  "uv": [
                    0,
                    43
                  ],
                  "uv_size": [
                    13,
                    0
                  ]
                },
                "south": {
                  "uv": [
                    36,
                    43
                  ],
                  "uv_size": [
                    10,
                    0
                  ]
                },
                "west": {
                  "uv": [
                    23,
                    43
                  ],
                  "uv_size": [
                    13,
                    0
                  ]
                },
                "up": {
                  "uv": [
                    13,
                    0
                  ],
                  "uv_size": [
                    10,
                    13
                  ]
                }
              }
            },
            {
              "origin": [
                -5.13935,
                11.99011,
                -5.02294
              ],
              "size": [
                12,
                0,
                15
              ],
              "pivot": [
                0,
                0,
                0
              ],
              "rotation": [
                -37.5,
                -47.5,
                0
              ],
              "uv": {
                "north": {
                  "uv": [
                    15,
                    15
                  ],
                  "uv_size": [
                    12,
                    0
                  ]
                },
                "east": {
                  "uv": [
                    0,
                    15
                  ],
                  "uv_size": [
                    15,
                    0
                  ]
                },
                "south": {
                  "uv": [
                    42,
                    15
                  ],
                  "uv_size": [
                    12,
                    0
                  ]
                },
                "west": {
                  "uv": [
                    27,
                    15
                  ],
                  "uv_size": [
                    15,
                    0
                  ]
                },
                "up": {
                  "uv": [
                    0,
                    0
                  ],
                  "uv_size": [
                    12,
                    15
                  ]
                }
              }
            },
            {
              "origin": [
                -4.63023,
                9.04767,
                -11.05496
              ],
              "size": [
                10,
                0,
                13
              ],
              "pivot": [
                0,
                0,
                0
              ],
              "rotation": [
                27.5,
                50,
                0
              ],
              "uv": {
                "north": {
                  "uv": [
                    15,
                    15
                  ],
                  "uv_size": [
                    12,
                    0
                  ]
                },
                "east": {
                  "uv": [
                    0,
                    15
                  ],
                  "uv_size": [
                    15,
                    0
                  ]
                },
                "south": {
                  "uv": [
                    42,
                    15
                  ],
                  "uv_size": [
                    12,
                    0
                  ]
                },
                "west": {
                  "uv": [
                    27,
                    15
                  ],
                  "uv_size": [
                    15,
                    0
                  ]
                },
                "up": {
                  "uv": [
                    13,
                    13
                  ],
                  "uv_size": [
                    10,
                    -13
                  ]
                }
              }
            },
            {
              "origin": [
                -6,
                0,
                0
              ],
              "size": [
                12,
                19,
                0
              ],
              "pivot": [
                0,
                0,
                0
              ],
              "rotation": [
                0,
                -45,
                0
              ],
              "uv": {
                "north": {
                  "uv": [
                    20,
                    13
                  ],
                  "uv_size": [
                    12,
                    19
                  ]
                },
                "east": {
                  "uv": [
                    24,
                    53
                  ],
                  "uv_size": [
                    0,
                    18
                  ]
                },
                "west": {
                  "uv": [
                    36,
                    53
                  ],
                  "uv_size": [
                    0,
                    18
                  ]
                },
                "up": {
                  "uv": [
                    24,
                    53
                  ],
                  "uv_size": [
                    12,
                    0
                  ]
                },
                "down": {
                  "uv": [
                    36,
                    53
                  ],
                  "uv_size": [
                    12,
                    0
                  ]
                }
              }
            },
            {
              "origin": [
                0,
                0,
                -6
              ],
              "size": [
                0,
                19,
                12
              ],
              "pivot": [
                0,
                0,
                0
              ],
              "rotation": [
                0,
                -45,
                0
              ],
              "uv": {
                "north": {
                  "uv": [
                    12,
                    43
                  ],
                  "uv_size": [
                    0,
                    18
                  ]
                },
                "east": {
                  "uv": [
                    32,
                    13
                  ],
                  "uv_size": [
                    -12,
                    19
                  ]
                },
                "south": {
                  "uv": [
                    24,
                    43
                  ],
                  "uv_size": [
                    0,
                    18
                  ]
                },
                "up": {
                  "uv": [
                    12,
                    31
                  ],
                  "uv_size": [
                    0,
                    12
                  ]
                },
                "down": {
                  "uv": [
                    12,
                    43
                  ],
                  "uv_size": [
                    0,
                    -12
                  ]
                }
              }
            }
          ]
        }
      ]
    }
  ],
  "format_version": "1.12.0"
}