{
  "format_version": "1.12.0",
  "minecraft:geometry": [
    {
      "description": {
        "identifier": "geometry.hive.sonic.pw.flower.large.ground",
        "texture_width": 32,
        "texture_height": 32,
        "visible_bounds_width": 6,
        "visible_bounds_height": 5,
        "visible_bounds_offset": [
          0,
          1.5,
          0
        ]
      },
      "bones": [
        {
          "name": "root",
          "pivot": [
            0,
            0,
            0
          ],
          "cubes": [
            {
              "origin": [
                0.88271,
                2.76233,
                -4.01881
              ],
              "size": [
                16,
                0,
                8
              ],
              "pivot": [
                0,
                0,
                0
              ],
              "rotation": [
                -21.25817,
                48.10636,
                -27.11837
              ],
              "uv": {
                "north": {
                  "uv": [
                    0,
                    0
                  ],
                  "uv_size": [
                    16,
                    0
                  ]
                },
                "east": {
                  "uv": [
                    0,
                    0
                  ],
                  "uv_size": [
                    8,
                    0
                  ]
                },
                "south": {
                  "uv": [
                    0,
                    0
                  ],
                  "uv_size": [
                    16,
                    0
                  ]
                },
                "west": {
                  "uv": [
                    0,
                    0
                  ],
                  "uv_size": [
                    8,
                    0
                  ]
                },
                "up": {
                  "uv": [
                    16,
                    32
                  ],
                  "uv_size": [
                    -16,
                    -8
                  ]
                }
              }
            },
            {
              "origin": [
                1.60707,
                5.94599,
                -1.55553
              ],
              "size": [
                8,
                0,
                3
              ],
              "pivot": [
                0,
                0,
                0
              ],
              "rotation": [
                -21.25817,
                48.10636,
                -27.11837
              ],
              "uv": {
                "north": {
                  "uv": [
                    0,
                    0
                  ],
                  "uv_size": [
                    16,
                    0
                  ]
                },
                "east": {
                  "uv": [
                    0,
                    0
                  ],
                  "uv_size": [
                    8,
                    0
                  ]
                },
                "south": {
                  "uv": [
                    0,
                    0
                  ],
                  "uv_size": [
                    16,
                    0
                  ]
                },
                "west": {
                  "uv": [
                    0,
                    0
                  ],
                  "uv_size": [
                    8,
                    0
                  ]
                },
                "up": {
                  "uv": [
                    8,
                    20
                  ],
                  "uv_size": [
                    -8,
                    3
                  ]
                }
              }
            },
            {
              "origin": [
                -16.88271,
                2.76233,
                -4.01881
              ],
              "size": [
                16,
                0,
                8
              ],
              "pivot": [
                0,
                0,
                0
              ],
              "rotation": [
                -29.55859,
                -56.74969,
                33.72019
              ],
              "uv": {
                "north": {
                  "uv": [
                    16,
                    0
                  ],
                  "uv_size": [
                    16,
                    0
                  ]
                },
                "east": {
                  "uv": [
                    8,
                    0
                  ],
                  "uv_size": [
                    8,
                    0
                  ]
                },
                "south": {
                  "uv": [
                    16,
                    0
                  ],
                  "uv_size": [
                    16,
                    0
                  ]
                },
                "west": {
                  "uv": [
                    8,
                    0
                  ],
                  "uv_size": [
                    8,
                    0
                  ]
                },
                "up": {
                  "uv": [
                    0,
                    32
                  ],
                  "uv_size": [
                    16,
                    -8
                  ]
                }
              }
            },
            {
              "origin": [
                -10.13554,
                5.77665,
                -1.6229
              ],
              "size": [
                8,
                0,
                3
              ],
              "pivot": [
                0,
                0,
                0
              ],
              "rotation": [
                -29.55859,
                -56.74969,
                33.72019
              ],
              "uv": {
                "north": {
                  "uv": [
                    16,
                    0
                  ],
                  "uv_size": [
                    16,
                    0
                  ]
                },
                "east": {
                  "uv": [
                    8,
                    0
                  ],
                  "uv_size": [
                    8,
                    0
                  ]
                },
                "south": {
                  "uv": [
                    16,
                    0
                  ],
                  "uv_size": [
                    16,
                    0
                  ]
                },
                "west": {
                  "uv": [
                    8,
                    0
                  ],
                  "uv_size": [
                    8,
                    0
                  ]
                },
                "up": {
                  "uv": [
                    0,
                    23
                  ],
                  "uv_size": [
                    8,
                    -3
                  ]
                }
              }
            },
            {
              "origin": [
                0.93204,
                2.74607,
                -3.98063
              ],
              "size": [
                16,
                0,
                8
              ],
              "pivot": [
                0,
                0,
                0
              ],
              "rotation": [
                9.38009,
                -24.68815,
                -20.7154
              ],
              "uv": {
                "north": {
                  "uv": [
                    0,
                    0
                  ],
                  "uv_size": [
                    16,
                    0
                  ]
                },
                "east": {
                  "uv": [
                    0,
                    0
                  ],
                  "uv_size": [
                    8,
                    0
                  ]
                },
                "south": {
                  "uv": [
                    0,
                    0
                  ],
                  "uv_size": [
                    16,
                    0
                  ]
                },
                "west": {
                  "uv": [
                    0,
                    0
                  ],
                  "uv_size": [
                    8,
                    0
                  ]
                },
                "up": {
                  "uv": [
                    16,
                    32
                  ],
                  "uv_size": [
                    -16,
                    -8
                  ]
                }
              }
            },
            {
              "origin": [
                2.14758,
                5.76224,
                -1.4931
              ],
              "size": [
                8,
                0,
                3
              ],
              "pivot": [
                0,
                0,
                0
              ],
              "rotation": [
                9.38009,
                -24.68815,
                -20.7154
              ],
              "uv": {
                "north": {
                  "uv": [
                    0,
                    0
                  ],
                  "uv_size": [
                    16,
                    0
                  ]
                },
                "east": {
                  "uv": [
                    0,
                    0
                  ],
                  "uv_size": [
                    8,
                    0
                  ]
                },
                "south": {
                  "uv": [
                    0,
                    0
                  ],
                  "uv_size": [
                    16,
                    0
                  ]
                },
                "west": {
                  "uv": [
                    0,
                    0
                  ],
                  "uv_size": [
                    8,
                    0
                  ]
                },
                "up": {
                  "uv": [
                    8,
                    20
                  ],
                  "uv_size": [
                    -8,
                    3
                  ]
                }
              }
            },
            {
              "origin": [
                -16.93204,
                2.74607,
                -3.98063
              ],
              "size": [
                16,
                0,
                8
              ],
              "pivot": [
                0,
                0,
                0
              ],
              "rotation": [
                5.72909,
                15.29318,
                19.46266
              ],
              "uv": {
                "north": {
                  "uv": [
                    16,
                    0
                  ],
                  "uv_size": [
                    16,
                    0
                  ]
                },
                "east": {
                  "uv": [
                    8,
                    0
                  ],
                  "uv_size": [
                    8,
                    0
                  ]
                },
                "south": {
                  "uv": [
                    16,
                    0
                  ],
                  "uv_size": [
                    16,
                    0
                  ]
                },
                "west": {
                  "uv": [
                    8,
                    0
                  ],
                  "uv_size": [
                    8,
                    0
                  ]
                },
                "up": {
                  "uv": [
                    0,
                    32
                  ],
                  "uv_size": [
                    16,
                    -8
                  ]
                }
              }
            },
            {
              "origin": [
                -10.14758,
                5.76224,
                -1.4931
              ],
              "size": [
                8,
                0,
                3
              ],
              "pivot": [
                0,
                0,
                0
              ],
              "rotation": [
                5.72909,
                15.29318,
                19.46266
              ],
              "uv": {
                "north": {
                  "uv": [
                    16,
                    0
                  ],
                  "uv_size": [
                    16,
                    0
                  ]
                },
                "east": {
                  "uv": [
                    8,
                    0
                  ],
                  "uv_size": [
                    8,
                    0
                  ]
                },
                "south": {
                  "uv": [
                    16,
                    0
                  ],
                  "uv_size": [
                    16,
                    0
                  ]
                },
                "west": {
                  "uv": [
                    8,
                    0
                  ],
                  "uv_size": [
                    8,
                    0
                  ]
                },
                "up": {
                  "uv": [
                    0,
                    23
                  ],
                  "uv_size": [
                    8,
                    -3
                  ]
                }
              }
            },
            {
              "origin": [
                -3.96471,
                6.15,
                -4.00154
              ],
              "size": [
                8,
                0,
                8
              ],
              "pivot": [
                0,
                0,
                0
              ],
              "rotation": [
                0,
                -5,
                0
              ],
              "uv": {
                "north": {
                  "uv": [
                    0,
                    0
                  ],
                  "uv_size": [
                    8,
                    0
                  ]
                },
                "east": {
                  "uv": [
                    0,
                    0
                  ],
                  "uv_size": [
                    8,
                    0
                  ]
                },
                "south": {
                  "uv": [
                    0,
                    0
                  ],
                  "uv_size": [
                    8,
                    0
                  ]
                },
                "west": {
                  "uv": [
                    0,
                    0
                  ],
                  "uv_size": [
                    8,
                    0
                  ]
                },
                "up": {
                  "uv": [
                    9,
                    9
                  ],
                  "uv_size": [
                    -8,
                    -8
                  ]
                }
              }
            },
            {
              "origin": [
                -4,
                2.67434,
                1.16112
              ],
              "size": [
                8,
                0,
                16
              ],
              "pivot": [
                0,
                0,
                0
              ],
              "rotation": [
                20,
                -5,
                0
              ],
              "uv": {
                "north": {
                  "uv": [
                    0,
                    0
                  ],
                  "uv_size": [
                    8,
                    0
                  ]
                },
                "east": {
                  "uv": [
                    0,
                    0
                  ],
                  "uv_size": [
                    16,
                    0
                  ]
                },
                "south": {
                  "uv": [
                    0,
                    0
                  ],
                  "uv_size": [
                    8,
                    0
                  ]
                },
                "west": {
                  "uv": [
                    0,
                    0
                  ],
                  "uv_size": [
                    16,
                    0
                  ]
                },
                "up": {
                  "uv": [
                    32,
                    32
                  ],
                  "uv_size": [
                    -8,
                    -16
                  ]
                }
              }
            },
            {
              "origin": [
                -1.5,
                5.72834,
                2.27268
              ],
              "size": [
                3,
                0,
                8
              ],
              "pivot": [
                0,
                0,
                0
              ],
              "rotation": [
                20,
                -5,
                0
              ],
              "uv": {
                "north": {
                  "uv": [
                    0,
                    0
                  ],
                  "uv_size": [
                    8,
                    0
                  ]
                },
                "east": {
                  "uv": [
                    0,
                    0
                  ],
                  "uv_size": [
                    16,
                    0
                  ]
                },
                "south": {
                  "uv": [
                    0,
                    0
                  ],
                  "uv_size": [
                    8,
                    0
                  ]
                },
                "west": {
                  "uv": [
                    0,
                    0
                  ],
                  "uv_size": [
                    16,
                    0
                  ]
                },
                "up": {
                  "uv": [
                    13,
                    23
                  ],
                  "uv_size": [
                    -3,
                    -8
                  ]
                }
              }
            },
            {
              "origin": [
                -3,
                0.1,
                0
              ],
              "size": [
                6,
                6,
                0
              ],
              "pivot": [
                0,
                0,
                0
              ],
              "rotation": [
                -180,
                50,
                180
              ],
              "uv": {
                "north": {
                  "uv": [
                    10,
                    0
                  ],
                  "uv_size": [
                    6,
                    6
                  ]
                },
                "east": {
                  "uv": [
                    0,
                    0
                  ],
                  "uv_size": [
                    0,
                    3
                  ]
                },
                "west": {
                  "uv": [
                    0,
                    0
                  ],
                  "uv_size": [
                    0,
                    3
                  ]
                },
                "up": {
                  "uv": [
                    23,
                    3
                  ],
                  "uv_size": [
                    -5,
                    -3
                  ]
                },
                "down": {
                  "uv": [
                    5,
                    0
                  ],
                  "uv_size": [
                    -5,
                    0
                  ]
                }
              }
            },
            {
              "origin": [
                -3,
                0.1,
                0
              ],
              "size": [
                6,
                6,
                0
              ],
              "pivot": [
                0,
                0,
                0
              ],
              "rotation": [
                0,
                40,
                0
              ],
              "uv": {
                "north": {
                  "uv": [
                    10,
                    0
                  ],
                  "uv_size": [
                    6,
                    6
                  ]
                },
                "east": {
                  "uv": [
                    0,
                    0
                  ],
                  "uv_size": [
                    0,
                    3
                  ]
                },
                "west": {
                  "uv": [
                    0,
                    0
                  ],
                  "uv_size": [
                    0,
                    3
                  ]
                },
                "up": {
                  "uv": [
                    23,
                    3
                  ],
                  "uv_size": [
                    -5,
                    -3
                  ]
                },
                "down": {
                  "uv": [
                    5,
                    0
                  ],
                  "uv_size": [
                    -5,
                    0
                  ]
                }
              }
            },
            {
              "origin": [
                -3.38359,
                -1.22659,
                4.45592
              ],
              "size": [
                8,
                0,
                10
              ],
              "pivot": [
                0,
                0.1,
                0
              ],
              "rotation": [
                27.5,
                -42.5,
                0
              ],
              "uv": {
                "north": {
                  "uv": [
                    0,
                    0
                  ],
                  "uv_size": [
                    7,
                    0
                  ]
                },
                "east": {
                  "uv": [
                    0,
                    0
                  ],
                  "uv_size": [
                    8,
                    0
                  ]
                },
                "south": {
                  "uv": [
                    24,
                    10
                  ],
                  "uv_size": [
                    8,
                    -10
                  ]
                },
                "west": {
                  "uv": [
                    0,
                    0
                  ],
                  "uv_size": [
                    8,
                    0
                  ]
                },
                "up": {
                  "uv": [
                    24,
                    0
                  ],
                  "uv_size": [
                    8,
                    10
                  ]
                }
              }
            },
            {
              "origin": [
                -4.13648,
                -1.26441,
                4.52857
              ],
              "size": [
                8,
                0,
                10
              ],
              "pivot": [
                0,
                0.1,
                0
              ],
              "rotation": [
                27.5,
                30,
                0
              ],
              "uv": {
                "north": {
                  "uv": [
                    7,
                    0
                  ],
                  "uv_size": [
                    -7,
                    0
                  ]
                },
                "east": {
                  "uv": [
                    8,
                    0
                  ],
                  "uv_size": [
                    -8,
                    0
                  ]
                },
                "south": {
                  "uv": [
                    32,
                    10
                  ],
                  "uv_size": [
                    -8,
                    -10
                  ]
                },
                "west": {
                  "uv": [
                    8,
                    0
                  ],
                  "uv_size": [
                    -8,
                    0
                  ]
                },
                "up": {
                  "uv": [
                    32,
                    0
                  ],
                  "uv_size": [
                    -8,
                    10
                  ]
                }
              }
            },
            {
              "origin": [
                -4.42011,
                -0.65225,
                -13.35262
              ],
              "size": [
                8,
                0,
                10
              ],
              "pivot": [
                0,
                0.1,
                0
              ],
              "rotation": [
                -27.5,
                65,
                0
              ],
              "uv": {
                "north": {
                  "uv": [
                    32,
                    10
                  ],
                  "uv_size": [
                    -8,
                    -10
                  ]
                },
                "east": {
                  "uv": [
                    8,
                    0
                  ],
                  "uv_size": [
                    -8,
                    0
                  ]
                },
                "south": {
                  "uv": [
                    7,
                    0
                  ],
                  "uv_size": [
                    -7,
                    0
                  ]
                },
                "west": {
                  "uv": [
                    8,
                    0
                  ],
                  "uv_size": [
                    -8,
                    0
                  ]
                },
                "up": {
                  "uv": [
                    24,
                    10
                  ],
                  "uv_size": [
                    8,
                    -10
                  ]
                }
              }
            },
            {
              "origin": [
                -3.74369,
                -0.67977,
                -13.40551
              ],
              "size": [
                8,
                0,
                10
              ],
              "pivot": [
                0,
                0.1,
                0
              ],
              "rotation": [
                -27.5,
                -75,
                0
              ],
              "uv": {
                "north": {
                  "uv": [
                    24,
                    10
                  ],
                  "uv_size": [
                    8,
                    -10
                  ]
                },
                "east": {
                  "uv": [
                    0,
                    0
                  ],
                  "uv_size": [
                    8,
                    0
                  ]
                },
                "south": {
                  "uv": [
                    0,
                    0
                  ],
                  "uv_size": [
                    7,
                    0
                  ]
                },
                "west": {
                  "uv": [
                    0,
                    0
                  ],
                  "uv_size": [
                    8,
                    0
                  ]
                },
                "up": {
                  "uv": [
                    32,
                    10
                  ],
                  "uv_size": [
                    -8,
                    -10
                  ]
                }
              }
            },
            {
              "origin": [
                -4.20655,
                -1.1522,
                -14.41302
              ],
              "size": [
                8,
                0,
                10
              ],
              "pivot": [
                0,
                0.1,
                0
              ],
              "rotation": [
                -27.5,
                -6,
                0
              ],
              "uv": {
                "north": {
                  "uv": [
                    32,
                    10
                  ],
                  "uv_size": [
                    -8,
                    -10
                  ]
                },
                "east": {
                  "uv": [
                    8,
                    0
                  ],
                  "uv_size": [
                    -8,
                    0
                  ]
                },
                "south": {
                  "uv": [
                    7,
                    0
                  ],
                  "uv_size": [
                    -7,
                    0
                  ]
                },
                "west": {
                  "uv": [
                    8,
                    0
                  ],
                  "uv_size": [
                    -8,
                    0
                  ]
                },
                "up": {
                  "uv": [
                    24,
                    10
                  ],
                  "uv_size": [
                    8,
                    -10
                  ]
                }
              }
            }
          ]
        }
      ]
    }
  ]
}