{
  "format_version": "1.12.0",
  "minecraft:geometry": [
    {
      "description": {
        "identifier": "geometry.hive.sonic.pw.flower.hanging",
        "texture_width": 32,
        "texture_height": 32,
        "visible_bounds_width": 6,
        "visible_bounds_height": 5,
        "visible_bounds_offset": [
          0,
          1.5,
          0
        ]
      },
      "bones": [
        {
          "name": "root",
          "pivot": [
            0,
            0,
            0
          ]
        },
        {
          "name": "bone",
          "parent": "root",
          "pivot": [
            0,
            0,
            0
          ],
          "cubes": [
            {
              "origin": [
                -6,
                -8,
                0
              ],
              "size": [
                12,
                24,
                0
              ],
              "pivot": [
                0,
                0,
                0
              ],
              "rotation": [
                180,
                45,
                -180
              ],
              "uv": {
                "north": {
                  "uv": [
                    0,
                    24
                  ],
                  "uv_size": [
                    12,
                    -24
                  ]
                },
                "east": {
                  "uv": [
                    0,
                    24
                  ],
                  "uv_size": [
                    0,
                    -24
                  ]
                },
                "west": {
                  "uv": [
                    0,
                    24
                  ],
                  "uv_size": [
                    0,
                    -24
                  ]
                },
                "up": {
                  "uv": [
                    0,
                    0
                  ],
                  "uv_size": [
                    12,
                    0
                  ]
                },
                "down": {
                  "uv": [
                    0,
                    0
                  ],
                  "uv_size": [
                    12,
                    0
                  ]
                }
              }
            },
            {
              "origin": [
                -6,
                -8,
                0
              ],
              "size": [
                12,
                24,
                0
              ],
              "pivot": [
                0,
                0,
                0
              ],
              "rotation": [
                0,
                45,
                0
              ],
              "uv": {
                "north": {
                  "uv": [
                    12,
                    24
                  ],
                  "uv_size": [
                    -12,
                    -24
                  ]
                },
                "east": {
                  "uv": [
                    22,
                    57
                  ],
                  "uv_size": [
                    0,
                    -24
                  ]
                },
                "west": {
                  "uv": [
                    23,
                    57
                  ],
                  "uv_size": [
                    0,
                    -24
                  ]
                },
                "up": {
                  "uv": [
                    35,
                    1
                  ],
                  "uv_size": [
                    12,
                    0
                  ]
                },
                "down": {
                  "uv": [
                    35,
                    0
                  ],
                  "uv_size": [
                    12,
                    0
                  ]
                }
              }
            },
            {
              "origin": [
                -5,
                8,
                -5
              ],
              "size": [
                10,
                6,
                10
              ],
              "uv": {
                "north": {
                  "uv": [
                    1,
                    32
                  ],
                  "uv_size": [
                    10,
                    -6
                  ]
                },
                "east": {
                  "uv": [
                    1,
                    32
                  ],
                  "uv_size": [
                    10,
                    -6
                  ]
                },
                "south": {
                  "uv": [
                    1,
                    32
                  ],
                  "uv_size": [
                    10,
                    -6
                  ]
                },
                "west": {
                  "uv": [
                    1,
                    32
                  ],
                  "uv_size": [
                    10,
                    -6
                  ]
                },
                "up": {
                  "uv": [
                    13,
                    10
                  ],
                  "uv_size": [
                    10,
                    10
                  ]
                },
                "down": {
                  "uv": [
                    13,
                    10
                  ],
                  "uv_size": [
                    10,
                    -10
                  ]
                }
              }
            },
            {
              "origin": [
                -5,
                -5.86263,
                7.91249
              ],
              "size": [
                10,
                11,
                0
              ],
              "pivot": [
                0,
                0,
                0
              ],
              "rotation": [
                25,
                0,
                0
              ],
              "uv": {
                "east": {
                  "uv": [
                    0,
                    8
                  ],
                  "uv_size": [
                    0,
                    -8
                  ]
                },
                "south": {
                  "uv": [
                    13,
                    32
                  ],
                  "uv_size": [
                    10,
                    -11
                  ]
                },
                "west": {
                  "uv": [
                    0,
                    8
                  ],
                  "uv_size": [
                    0,
                    -8
                  ]
                },
                "up": {
                  "uv": [
                    10,
                    0
                  ],
                  "uv_size": [
                    -10,
                    0
                  ]
                },
                "down": {
                  "uv": [
                    10,
                    0
                  ],
                  "uv_size": [
                    -10,
                    0
                  ]
                }
              }
            },
            {
              "origin": [
                -5,
                -5.86263,
                -7.91249
              ],
              "size": [
                10,
                11,
                0
              ],
              "pivot": [
                0,
                0,
                0
              ],
              "rotation": [
                -25,
                0,
                0
              ],
              "uv": {
                "north": {
                  "uv": [
                    23,
                    32
                  ],
                  "uv_size": [
                    -10,
                    -11
                  ]
                },
                "east": {
                  "uv": [
                    0,
                    8
                  ],
                  "uv_size": [
                    0,
                    -8
                  ]
                },
                "west": {
                  "uv": [
                    0,
                    8
                  ],
                  "uv_size": [
                    0,
                    -8
                  ]
                },
                "up": {
                  "uv": [
                    10,
                    0
                  ],
                  "uv_size": [
                    -10,
                    0
                  ]
                },
                "down": {
                  "uv": [
                    10,
                    0
                  ],
                  "uv_size": [
                    -10,
                    0
                  ]
                }
              }
            },
            {
              "origin": [
                7.91249,
                -5.86263,
                -5
              ],
              "size": [
                0,
                11,
                10
              ],
              "pivot": [
                0,
                0,
                0
              ],
              "rotation": [
                0,
                0,
                -25
              ],
              "uv": {
                "north": {
                  "uv": [
                    0,
                    8
                  ],
                  "uv_size": [
                    0,
                    -8
                  ]
                },
                "south": {
                  "uv": [
                    0,
                    8
                  ],
                  "uv_size": [
                    0,
                    -8
                  ]
                },
                "west": {
                  "uv": [
                    23,
                    32
                  ],
                  "uv_size": [
                    -10,
                    -11
                  ]
                },
                "up": {
                  "uv": [
                    0,
                    0
                  ],
                  "uv_size": [
                    0,
                    10
                  ]
                },
                "down": {
                  "uv": [
                    0,
                    10
                  ],
                  "uv_size": [
                    0,
                    -10
                  ]
                }
              }
            },
            {
              "origin": [
                -7.91249,
                -5.86263,
                -5
              ],
              "size": [
                0,
                11,
                10
              ],
              "pivot": [
                0,
                0,
                0
              ],
              "rotation": [
                0,
                0,
                25
              ],
              "uv": {
                "north": {
                  "uv": [
                    0,
                    8
                  ],
                  "uv_size": [
                    0,
                    -8
                  ]
                },
                "east": {
                  "uv": [
                    13,
                    32
                  ],
                  "uv_size": [
                    10,
                    -11
                  ]
                },
                "south": {
                  "uv": [
                    0,
                    8
                  ],
                  "uv_size": [
                    0,
                    -8
                  ]
                },
                "up": {
                  "uv": [
                    0,
                    0
                  ],
                  "uv_size": [
                    0,
                    10
                  ]
                },
                "down": {
                  "uv": [
                    0,
                    10
                  ],
                  "uv_size": [
                    0,
                    -10
                  ]
                }
              }
            }
          ]
        }
      ]
    }
  ]
}