{
  "format_version": "1.12.0",
  "minecraft:geometry": [
    {
      "description": {
        "identifier": "geometry.hive.sonic.pw.flower.large.wall",
        "texture_width": 32,
        "texture_height": 32,
        "visible_bounds_width": 6,
        "visible_bounds_height": 5,
        "visible_bounds_offset": [
          0,
          1.5,
          0
        ]
      },
      "bones": [
        {
          "name": "root",
          "pivot": [
            0,
            0,
            0
          ]
        },
        {
          "name": "bone",
          "parent": "root",
          "pivot": [
            0,
            0,
            0
          ],
          "cubes": [
            {
              "origin": [
                -7.55397,
                -3.01443,
                -9.01484
              ],
              "size": [
                16,
                0,
                8
              ],
              "pivot": [
                0,
                0,
                0
              ],
              "rotation": [
                -89.60981,
                -17.72091,
                51.39498
              ],
              "uv": {
                "north": {
                  "uv": [
                    16,
                    0
                  ],
                  "uv_size": [
                    -16,
                    0
                  ]
                },
                "east": {
                  "uv": [
                    8,
                    0
                  ],
                  "uv_size": [
                    -8,
                    0
                  ]
                },
                "south": {
                  "uv": [
                    16,
                    0
                  ],
                  "uv_size": [
                    -16,
                    0
                  ]
                },
                "west": {
                  "uv": [
                    8,
                    0
                  ],
                  "uv_size": [
                    -8,
                    0
                  ]
                },
                "up": {
                  "uv": [
                    16,
                    24
                  ],
                  "uv_size": [
                    -16,
                    8
                  ]
                }
              }
            },
            {
              "origin": [
                -6.82961,
                0.16923,
                -6.47812
              ],
              "size": [
                8,
                0,
                3
              ],
              "pivot": [
                0,
                0,
                0
              ],
              "rotation": [
                -89.60981,
                -17.72091,
                51.39498
              ],
              "uv": {
                "north": {
                  "uv": [
                    16,
                    0
                  ],
                  "uv_size": [
                    -16,
                    0
                  ]
                },
                "east": {
                  "uv": [
                    8,
                    0
                  ],
                  "uv_size": [
                    -8,
                    0
                  ]
                },
                "south": {
                  "uv": [
                    16,
                    0
                  ],
                  "uv_size": [
                    -16,
                    0
                  ]
                },
                "west": {
                  "uv": [
                    8,
                    0
                  ],
                  "uv_size": [
                    -8,
                    0
                  ]
                },
                "up": {
                  "uv": [
                    8,
                    20
                  ],
                  "uv_size": [
                    -8,
                    3
                  ]
                }
              }
            },
            {
              "origin": [
                -7.71085,
                -2.78742,
                -7.85184
              ],
              "size": [
                16,
                0,
                8
              ],
              "pivot": [
                0,
                0,
                0
              ],
              "rotation": [
                -89.60981,
                17.72091,
                -61.39498
              ],
              "uv": {
                "north": {
                  "uv": [
                    32,
                    0
                  ],
                  "uv_size": [
                    -16,
                    0
                  ]
                },
                "east": {
                  "uv": [
                    16,
                    0
                  ],
                  "uv_size": [
                    -8,
                    0
                  ]
                },
                "south": {
                  "uv": [
                    32,
                    0
                  ],
                  "uv_size": [
                    -16,
                    0
                  ]
                },
                "west": {
                  "uv": [
                    16,
                    0
                  ],
                  "uv_size": [
                    -8,
                    0
                  ]
                },
                "up": {
                  "uv": [
                    0,
                    24
                  ],
                  "uv_size": [
                    16,
                    8
                  ]
                }
              }
            },
            {
              "origin": [
                -0.96369,
                0.2269,
                -5.24775
              ],
              "size": [
                8,
                0,
                3
              ],
              "pivot": [
                0,
                0,
                0
              ],
              "rotation": [
                -89.60981,
                17.72091,
                -61.39498
              ],
              "uv": {
                "north": {
                  "uv": [
                    32,
                    0
                  ],
                  "uv_size": [
                    -16,
                    0
                  ]
                },
                "east": {
                  "uv": [
                    16,
                    0
                  ],
                  "uv_size": [
                    -8,
                    0
                  ]
                },
                "south": {
                  "uv": [
                    32,
                    0
                  ],
                  "uv_size": [
                    -16,
                    0
                  ]
                },
                "west": {
                  "uv": [
                    16,
                    0
                  ],
                  "uv_size": [
                    -8,
                    0
                  ]
                },
                "up": {
                  "uv": [
                    0,
                    23
                  ],
                  "uv_size": [
                    8,
                    -3
                  ]
                }
              }
            },
            {
              "origin": [
                1.64746,
                -6.1046,
                -11.13674
              ],
              "size": [
                16,
                0,
                8
              ],
              "pivot": [
                0,
                0,
                0
              ],
              "rotation": [
                -90.40403,
                -18.74724,
                -26.17283
              ],
              "uv": {
                "north": {
                  "uv": [
                    16,
                    0
                  ],
                  "uv_size": [
                    -16,
                    0
                  ]
                },
                "east": {
                  "uv": [
                    8,
                    0
                  ],
                  "uv_size": [
                    -8,
                    0
                  ]
                },
                "south": {
                  "uv": [
                    16,
                    0
                  ],
                  "uv_size": [
                    -16,
                    0
                  ]
                },
                "west": {
                  "uv": [
                    8,
                    0
                  ],
                  "uv_size": [
                    -8,
                    0
                  ]
                },
                "up": {
                  "uv": [
                    16,
                    32
                  ],
                  "uv_size": [
                    -16,
                    -8
                  ]
                }
              }
            },
            {
              "origin": [
                2.863,
                -3.08843,
                -8.62427
              ],
              "size": [
                8,
                0,
                3
              ],
              "pivot": [
                0,
                0,
                0
              ],
              "rotation": [
                -90.40403,
                -18.74724,
                -26.17283
              ],
              "uv": {
                "north": {
                  "uv": [
                    16,
                    0
                  ],
                  "uv_size": [
                    -16,
                    0
                  ]
                },
                "east": {
                  "uv": [
                    8,
                    0
                  ],
                  "uv_size": [
                    -8,
                    0
                  ]
                },
                "south": {
                  "uv": [
                    16,
                    0
                  ],
                  "uv_size": [
                    -16,
                    0
                  ]
                },
                "west": {
                  "uv": [
                    8,
                    0
                  ],
                  "uv_size": [
                    -8,
                    0
                  ]
                },
                "up": {
                  "uv": [
                    8,
                    20
                  ],
                  "uv_size": [
                    -8,
                    3
                  ]
                }
              }
            },
            {
              "origin": [
                -16.41609,
                -5.69024,
                -11.64334
              ],
              "size": [
                16,
                0,
                8
              ],
              "pivot": [
                0,
                0,
                0
              ],
              "rotation": [
                -90.40403,
                18.74724,
                16.17283
              ],
              "uv": {
                "north": {
                  "uv": [
                    32,
                    0
                  ],
                  "uv_size": [
                    -16,
                    0
                  ]
                },
                "east": {
                  "uv": [
                    16,
                    0
                  ],
                  "uv_size": [
                    -8,
                    0
                  ]
                },
                "south": {
                  "uv": [
                    32,
                    0
                  ],
                  "uv_size": [
                    -16,
                    0
                  ]
                },
                "west": {
                  "uv": [
                    16,
                    0
                  ],
                  "uv_size": [
                    -8,
                    0
                  ]
                },
                "up": {
                  "uv": [
                    0,
                    32
                  ],
                  "uv_size": [
                    16,
                    -8
                  ]
                }
              }
            },
            {
              "origin": [
                -9.63163,
                -2.67407,
                -9.13087
              ],
              "size": [
                8,
                0,
                3
              ],
              "pivot": [
                0,
                0,
                0
              ],
              "rotation": [
                -90.40403,
                18.74724,
                16.17283
              ],
              "uv": {
                "north": {
                  "uv": [
                    32,
                    0
                  ],
                  "uv_size": [
                    -16,
                    0
                  ]
                },
                "east": {
                  "uv": [
                    16,
                    0
                  ],
                  "uv_size": [
                    -8,
                    0
                  ]
                },
                "south": {
                  "uv": [
                    32,
                    0
                  ],
                  "uv_size": [
                    -16,
                    0
                  ]
                },
                "west": {
                  "uv": [
                    16,
                    0
                  ],
                  "uv_size": [
                    -8,
                    0
                  ]
                },
                "up": {
                  "uv": [
                    0,
                    23
                  ],
                  "uv_size": [
                    8,
                    -3
                  ]
                }
              }
            },
            {
              "origin": [
                -3.30275,
                -1.95,
                -11.96956
              ],
              "size": [
                8,
                0,
                8
              ],
              "pivot": [
                0,
                0,
                0
              ],
              "rotation": [
                -90,
                0,
                -5
              ],
              "uv": {
                "north": {
                  "uv": [
                    8,
                    0
                  ],
                  "uv_size": [
                    -8,
                    0
                  ]
                },
                "east": {
                  "uv": [
                    8,
                    0
                  ],
                  "uv_size": [
                    -8,
                    0
                  ]
                },
                "south": {
                  "uv": [
                    8,
                    0
                  ],
                  "uv_size": [
                    -8,
                    0
                  ]
                },
                "west": {
                  "uv": [
                    8,
                    0
                  ],
                  "uv_size": [
                    -8,
                    0
                  ]
                },
                "up": {
                  "uv": [
                    9,
                    1
                  ],
                  "uv_size": [
                    -8,
                    8
                  ]
                }
              }
            },
            {
              "origin": [
                -3.30275,
                -7.6573,
                -21.85756
              ],
              "size": [
                8,
                0,
                16
              ],
              "pivot": [
                0,
                0,
                0
              ],
              "rotation": [
                -110,
                0,
                -5
              ],
              "uv": {
                "north": {
                  "uv": [
                    8,
                    0
                  ],
                  "uv_size": [
                    -8,
                    0
                  ]
                },
                "east": {
                  "uv": [
                    16,
                    0
                  ],
                  "uv_size": [
                    -16,
                    0
                  ]
                },
                "south": {
                  "uv": [
                    8,
                    0
                  ],
                  "uv_size": [
                    -8,
                    0
                  ]
                },
                "west": {
                  "uv": [
                    16,
                    0
                  ],
                  "uv_size": [
                    -16,
                    0
                  ]
                },
                "up": {
                  "uv": [
                    24,
                    16
                  ],
                  "uv_size": [
                    8,
                    16
                  ]
                }
              }
            },
            {
              "origin": [
                -0.80275,
                -4.6033,
                -14.96913
              ],
              "size": [
                3,
                0,
                8
              ],
              "pivot": [
                0,
                0,
                0
              ],
              "rotation": [
                -110,
                0,
                -5
              ],
              "uv": {
                "north": {
                  "uv": [
                    8,
                    0
                  ],
                  "uv_size": [
                    -8,
                    0
                  ]
                },
                "east": {
                  "uv": [
                    16,
                    0
                  ],
                  "uv_size": [
                    -16,
                    0
                  ]
                },
                "south": {
                  "uv": [
                    8,
                    0
                  ],
                  "uv_size": [
                    -8,
                    0
                  ]
                },
                "west": {
                  "uv": [
                    16,
                    0
                  ],
                  "uv_size": [
                    -16,
                    0
                  ]
                },
                "up": {
                  "uv": [
                    13,
                    15
                  ],
                  "uv_size": [
                    -3,
                    8
                  ]
                }
              }
            },
            {
              "origin": [
                -9.12492,
                -8,
                5.13401
              ],
              "size": [
                6,
                6,
                0
              ],
              "pivot": [
                0,
                0,
                0
              ],
              "rotation": [
                -90,
                0,
                130
              ],
              "uv": {
                "east": {
                  "uv": [
                    0,
                    0
                  ],
                  "uv_size": [
                    0,
                    3
                  ]
                },
                "south": {
                  "uv": [
                    16,
                    0
                  ],
                  "uv_size": [
                    -6,
                    6
                  ]
                },
                "west": {
                  "uv": [
                    0,
                    0
                  ],
                  "uv_size": [
                    0,
                    3
                  ]
                },
                "up": {
                  "uv": [
                    23,
                    0
                  ],
                  "uv_size": [
                    -5,
                    3
                  ]
                },
                "down": {
                  "uv": [
                    5,
                    0
                  ],
                  "uv_size": [
                    -5,
                    0
                  ]
                }
              }
            },
            {
              "origin": [
                -8.13887,
                -8,
                -6.12978
              ],
              "size": [
                6,
                6,
                0
              ],
              "pivot": [
                0,
                0,
                0
              ],
              "rotation": [
                -90,
                0,
                40
              ],
              "uv": {
                "east": {
                  "uv": [
                    0,
                    0
                  ],
                  "uv_size": [
                    0,
                    3
                  ]
                },
                "south": {
                  "uv": [
                    16,
                    0
                  ],
                  "uv_size": [
                    -6,
                    6
                  ]
                },
                "west": {
                  "uv": [
                    0,
                    0
                  ],
                  "uv_size": [
                    0,
                    3
                  ]
                },
                "up": {
                  "uv": [
                    23,
                    0
                  ],
                  "uv_size": [
                    -5,
                    3
                  ]
                },
                "down": {
                  "uv": [
                    5,
                    0
                  ],
                  "uv_size": [
                    -5,
                    0
                  ]
                }
              }
            },
            {
              "origin": [
                1.78266,
                -11.11919,
                -15.41436
              ],
              "size": [
                8,
                0,
                10
              ],
              "pivot": [
                0,
                0,
                0
              ],
              "rotation": [
                -117.5,
                0,
                -42.5
              ],
              "uv": {
                "north": {
                  "uv": [
                    32,
                    10
                  ],
                  "uv_size": [
                    -8,
                    -10
                  ]
                },
                "east": {
                  "uv": [
                    8,
                    0
                  ],
                  "uv_size": [
                    -8,
                    0
                  ]
                },
                "south": {
                  "uv": [
                    7,
                    0
                  ],
                  "uv_size": [
                    -7,
                    0
                  ]
                },
                "west": {
                  "uv": [
                    8,
                    0
                  ],
                  "uv_size": [
                    -8,
                    0
                  ]
                },
                "up": {
                  "uv": [
                    32,
                    10
                  ],
                  "uv_size": [
                    -8,
                    -10
                  ]
                }
              }
            },
            {
              "origin": [
                3.64275,
                -7.05517,
                -2.39256
              ],
              "size": [
                8,
                0,
                10
              ],
              "pivot": [
                0,
                0,
                0
              ],
              "rotation": [
                -62.5,
                0,
                -75
              ],
              "uv": {
                "north": {
                  "uv": [
                    7,
                    0
                  ],
                  "uv_size": [
                    -7,
                    0
                  ]
                },
                "east": {
                  "uv": [
                    8,
                    0
                  ],
                  "uv_size": [
                    -8,
                    0
                  ]
                },
                "south": {
                  "uv": [
                    32,
                    10
                  ],
                  "uv_size": [
                    -8,
                    -10
                  ]
                },
                "west": {
                  "uv": [
                    8,
                    0
                  ],
                  "uv_size": [
                    -8,
                    0
                  ]
                },
                "up": {
                  "uv": [
                    32,
                    0
                  ],
                  "uv_size": [
                    -8,
                    10
                  ]
                }
              }
            },
            {
              "origin": [
                -11.35065,
                -6.44927,
                -3.55649
              ],
              "size": [
                8,
                0,
                10
              ],
              "pivot": [
                0,
                0,
                0
              ],
              "rotation": [
                -62.5,
                0,
                65
              ],
              "uv": {
                "north": {
                  "uv": [
                    0,
                    0
                  ],
                  "uv_size": [
                    7,
                    0
                  ]
                },
                "east": {
                  "uv": [
                    0,
                    0
                  ],
                  "uv_size": [
                    8,
                    0
                  ]
                },
                "south": {
                  "uv": [
                    24,
                    10
                  ],
                  "uv_size": [
                    8,
                    -10
                  ]
                },
                "west": {
                  "uv": [
                    0,
                    0
                  ],
                  "uv_size": [
                    8,
                    0
                  ]
                },
                "up": {
                  "uv": [
                    24,
                    0
                  ],
                  "uv_size": [
                    8,
                    10
                  ]
                }
              }
            },
            {
              "origin": [
                -7.95999,
                -11.61162,
                -16.36031
              ],
              "size": [
                8,
                0,
                10
              ],
              "pivot": [
                0,
                0,
                0
              ],
              "rotation": [
                -117.5,
                0,
                30
              ],
              "uv": {
                "north": {
                  "uv": [
                    24,
                    10
                  ],
                  "uv_size": [
                    8,
                    -10
                  ]
                },
                "east": {
                  "uv": [
                    0,
                    0
                  ],
                  "uv_size": [
                    8,
                    0
                  ]
                },
                "south": {
                  "uv": [
                    0,
                    0
                  ],
                  "uv_size": [
                    7,
                    0
                  ]
                },
                "west": {
                  "uv": [
                    0,
                    0
                  ],
                  "uv_size": [
                    8,
                    0
                  ]
                },
                "up": {
                  "uv": [
                    32,
                    10
                  ],
                  "uv_size": [
                    -8,
                    -10
                  ]
                }
              }
            },
            {
              "origin": [
                -3.40722,
                -4.92983,
                -6.4753
              ],
              "size": [
                8,
                0,
                10
              ],
              "pivot": [
                0,
                0,
                0
              ],
              "rotation": [
                -62.5,
                0,
                -6
              ],
              "uv": {
                "north": {
                  "uv": [
                    0,
                    0
                  ],
                  "uv_size": [
                    7,
                    0
                  ]
                },
                "east": {
                  "uv": [
                    0,
                    0
                  ],
                  "uv_size": [
                    8,
                    0
                  ]
                },
                "south": {
                  "uv": [
                    24,
                    10
                  ],
                  "uv_size": [
                    8,
                    -10
                  ]
                },
                "west": {
                  "uv": [
                    0,
                    0
                  ],
                  "uv_size": [
                    8,
                    0
                  ]
                },
                "up": {
                  "uv": [
                    32,
                    0
                  ],
                  "uv_size": [
                    -8,
                    10
                  ]
                }
              }
            }
          ]
        }
      ]
    }
  ]
}