{
  "format_version": "1.12.0",
  "minecraft:geometry": [
    {
      "description": {
        "identifier": "geometry.hive.sonic.pw.flower.grass",
        "texture_width": 16,
        "texture_height": 16,
        "visible_bounds_width": 5,
        "visible_bounds_height": 2,
        "visible_bounds_offset": [
          0,
          0,
          0
        ]
      },
      "bones": [
        {
          "name": "root",
          "pivot": [
            0,
            0,
            0
          ],
          "cubes": [
            {
              "origin": [
                -8,
                0,
                0
              ],
              "size": [
                16,
                7,
                0
              ],
              "pivot": [
                0,
                0,
                0
              ],
              "rotation": [
                0,
                -45,
                0
              ],
              "uv": {
                "north": {
                  "uv": [
                    0,
                    1
                  ],
                  "uv_size": [
                    16,
                    7
                  ]
                }
              }
            },
            {
              "origin": [
                0,
                0,
                -8
              ],
              "size": [
                0,
                7,
                16
              ],
              "pivot": [
                0,
                0,
                0
              ],
              "rotation": [
                0,
                -45,
                0
              ],
              "uv": {
                "east": {
                  "uv": [
                    0,
                    9
                  ],
                  "uv_size": [
                    16,
                    7
                  ]
                }
              }
            }
          ]
        }
      ]
    }
  ]
}