{
  "format_version": "1.12.0",
  "minecraft:geometry": [
    {
      "description": {
        "identifier": "geometry.hive.sonic.pw.light_sapling",
        "texture_width": 32,
        "texture_height": 32,
        "visible_bounds_width": 4,
        "visible_bounds_height": 5,
        "visible_bounds_offset": [
          0,
          1.5,
          0
        ]
      },
      "bones": [
        {
          "name": "root",
          "pivot": [
            0,
            0,
            0
          ]
        },
        {
          "name": "bone",
          "parent": "root",
          "pivot": [
            0,
            0,
            0
          ],
          "cubes": [
            {
              "origin": [
                -12,
                0,
                1
              ],
              "size": [
                28,
                24,
                0
              ],
              "pivot": [
                0,
                0,
                0
              ],
              "rotation": [
                0,
                45,
                0
              ],
              "uv": {
                "east": {
                  "uv": [
                    0,
                    0
                  ],
                  "uv_size": [
                    0,
                    24
                  ]
                },
                "south": {
                  "uv": [
                    30,
                    8
                  ],
                  "uv_size": [
                    -28,
                    24
                  ]
                },
                "west": {
                  "uv": [
                    0,
                    0
                  ],
                  "uv_size": [
                    0,
                    24
                  ]
                },
                "up": {
                  "uv": [
                    0,
                    0
                  ],
                  "uv_size": [
                    32,
                    0
                  ]
                },
                "down": {
                  "uv": [
                    0,
                    0
                  ],
                  "uv_size": [
                    32,
                    0
                  ]
                }
              }
            },
            {
              "origin": [
                2,
                0,
                -13
              ],
              "size": [
                0,
                24,
                28
              ],
              "pivot": [
                0,
                0,
                0
              ],
              "rotation": [
                0,
                45,
                0
              ],
              "uv": {
                "north": {
                  "uv": [
                    0,
                    0
                  ],
                  "uv_size": [
                    0,
                    16
                  ]
                },
                "east": {
                  "uv": [
                    30,
                    8
                  ],
                  "uv_size": [
                    -28,
                    24
                  ]
                },
                "south": {
                  "uv": [
                    0,
                    0
                  ],
                  "uv_size": [
                    0,
                    16
                  ]
                },
                "up": {
                  "uv": [
                    0,
                    16
                  ],
                  "uv_size": [
                    0,
                    -16
                  ]
                },
                "down": {
                  "uv": [
                    0,
                    0
                  ],
                  "uv_size": [
                    0,
                    16
                  ]
                }
              }
            }
          ]
        }
      ]
    }
  ]
}