{
  "format_version": "1.10.0",
  "particle_effect": {
    "description": {
      "identifier": "hive:balloon_burst",
      "basic_render_parameters": {
        "material": "particles_alpha",
        "texture": "textures/particle/particles"
      }
    },
    "components": {
      "minecraft:emitter_rate_instant": {
        "num_particles": 50
      },
      "minecraft:emitter_lifetime_once": {
        "active_time": 2
      },
      "minecraft:emitter_shape_point": {},
      "minecraft:particle_lifetime_expression": {
        "max_lifetime": 2
      },
      "minecraft:particle_initial_spin": {
        "rotation": "variable.particle_random_3*360",
        "rotation_rate": "variable.particle_random_2*40"
      },
      "minecraft:particle_initial_speed": 4,
      "minecraft:particle_motion_dynamic": {
        "linear_acceleration": [
          0,
          -4,
          0
        ],
        "linear_drag_coefficient": 2,
        "rotation_acceleration": "variable.particle_random_3*260"
      },
      "minecraft:particle_appearance_billboard": {
        "size": [
          "(1-(variable.particle_age/variable.particle_lifetime))*0.6",
          "(1-(variable.particle_age/variable.particle_lifetime))*0.3"
        ],
        "facing_camera_mode": "rotate_xyz",
        "uv": {
          "texture_width": 128,
          "texture_height": 128,
          "uv": [
            0,
            0
          ],
          "uv_size": [
            8,
            8
          ]
        }
      },
      "minecraft:particle_appearance_tinting": {
        "color": [
          "variable.particle_random_1 \u003c 0.33 ? 0.42 : (variable.particle_random_1 \u003c 0.66 ? 0.95 : 0.14)",
          "variable.particle_random_1 \u003c 0.33 ? 0.89 : (variable.particle_random_1 \u003c 0.66 ? 0.30 : 0.58)",
          "variable.particle_random_1 \u003c 0.33 ? 0.18 : (variable.particle_random_1 \u003c 0.66 ? 0.30 : 0.9)",
          1
        ]
      }
    }
  }
}