{
  "format_version": "1.10.0",
  "animation_controllers": {
    "controller.animation.hive.sonic.ghz.tree.punch": {
      "states": {
        "default": {
          "transitions": [
            {
              "punch": "query.variant \u003d\u003d 1"
            }
          ],
          "blend_transition": 0.2
        },
        "punch": {
          "animations": [
            "punchSpin"
          ],
          "transitions": [
            {
              "default": "query.all_animations_finished"
            }
          ],
          "blend_transition": 0.2
        }
      }
    },
    "controller.animation.hive.sonic.ghz.tree.idle": {
      "states": {
        "default": {
          "animations": [
            "idle"
          ]
        }
      }
    },
    "controller.animation.hive.sonic.ghz.tree.idleBreeze": {
      "states": {
        "default": {
          "transitions": [
            {
              "idleBreeze1": "variable.random \u003c 1.0 ? 1.0 : 0.0"
            },
            {
              "idleBreeze2": "variable.random \u003e 4.0 ? 1.0 : 0.0"
            }
          ],
          "blend_transition": 0.2
        },
        "idleBreeze1": {
          "animations": [
            "idleBreeze1"
          ],
          "transitions": [
            {
              "default": "query.all_animations_finished"
            }
          ],
          "blend_transition": 0.2
        },
        "idleBreeze2": {
          "animations": [
            "idleBreeze2"
          ],
          "transitions": [
            {
              "default": "query.all_animations_finished"
            }
          ],
          "blend_transition": 0.2
        }
      }
    }
  }
}