{
  "format_version": "1.10.0",
  "animation_controllers": {
    "controller.animation.hive.sonic.badnik.buzzbomber.idle": {
      "states": {
        "default": {
          "animations": [
            "idleWings",
            "idleBreathe",
            "idleFloat"
          ]
        }
      }
    },
    "controller.animation.hive.sonic.badnik.buzzbomber.fire": {
      "states": {
        "default": {
          "transitions": [
            {
              "fire": "query.is_baby"
            }
          ]
        },
        "fire": {
          "animations": [
            "fire"
          ],
          "transitions": [
            {
              "default": "query.all_animations_finished"
            }
          ]
        }
      }
    },
    "controller.animation.hive.sonic.badnik.buzzbomber.explode": {
      "states": {
        "default": {
          "transitions": [
            {
              "explode": "query.is_tamed"
            }
          ]
        },
        "explode": {
          "animations": [
            "explode"
          ]
        }
      }
    }
  }
}