{
  "format_version": "1.10.0",
  "animation_controllers": {
    "controller.animation.hive.sonic.badnik.chopper.general": {
      "states": {
        "default": {
          "animations": [
            "idleTurbulence",
            "bite",
            "rotate"
          ],
          "transitions": [
            {
              "explode": "query.is_tamed"
            }
          ]
        },
        "explode": {
          "animations": [
            "explode"
          ]
        }
      }
    },
    "controller.animation.hive.sonic.badnik.chopper.idle": {
      "states": {
        "default": {
          "transitions": [
            {
              "idle_blink": "math.random(0, 1000) \u003c 1.0 ? 1.0 : 0.0"
            }
          ],
          "blend_transition": 0.2
        },
        "idle_blink": {
          "animations": [
            "idleBlink"
          ],
          "transitions": [
            {
              "default": "query.all_animations_finished"
            }
          ],
          "blend_transition": 0.2
        }
      }
    },
    "controller.animation.hive.sonic.badnik.chopper.jump": {
      "states": {
        "default": {
          "transitions": [
            {
              "jump": "query.variant \u003d\u003d 1"
            }
          ],
          "blend_transition": 0.2
        },
        "jump": {
          "animations": [
            "fastWiggleSwim"
          ],
          "transitions": [
            {
              "jump2": "query.all_animations_finished"
            }
          ],
          "blend_transition": 0.2
        },
        "jump2": {
          "animations": [
            "fastSwim"
          ],
          "transitions": [
            {
              "default": "query.variant \u003d\u003d 0"
            }
          ],
          "blend_transition": 0.2
        }
      }
    }
  }
}