{
  "format_version": "1.10.0",
  "animation_controllers": {
    "controller.animation.hive.sonic.badnik.eggpawn.idle": {
      "states": {
        "default": {
          "animations": [
            "idleMechanical",
            "fireAimed"
          ]
        }
      }
    },
    "controller.animation.hive.sonic.badnik.eggpawn.fire": {
      "states": {
        "default": {
          "transitions": [
            {
              "fireLeft": "query.variant \u003d\u003d 1"
            },
            {
              "fireRight": "query.variant \u003d\u003d 2"
            }
          ]
        },
        "fireLeft": {
          "animations": [
            "fireLeft"
          ],
          "transitions": [
            {
              "default": "query.all_animations_finished"
            }
          ]
        },
        "fireRight": {
          "animations": [
            "fireRight"
          ],
          "transitions": [
            {
              "default": "query.all_animations_finished"
            }
          ]
        }
      }
    }
  }
}