{
  "format_version": "1.10.0",
  "animation_controllers": {
    "controller.animation.hive.sonic.badnik.golden": {
      "states": {
        "default": {
          "transitions": [
            {
              "golden": "query.is_charging"
            }
          ]
        },
        "golden": {
          "particle_effects": [
            {
              "effect": "golden",
              "locator": "golden"
            }
          ],
          "transitions": [
            {
              "default": "!query.is_charging"
            }
          ]
        }
      }
    }
  }
}