{
  "format_version": "1.10.0",
  "animation_controllers": {
    "controller.animation.hive.sonic.badnik.grabber.drop": {
      "states": {
        "default": {
          "animations": [
            "idle"
          ],
          "transitions": [
            {
              "drop": "query.is_tamed"
            }
          ],
          "blend_transition": 0.2
        },
        "drop": {
          "animations": [
            "drop"
          ],
          "blend_transition": 0.2,
          "transitions": [
            {
              "default": "!query.is_tamed"
            }
          ]
        }
      }
    },
    "controller.animation.hive.sonic.badnik.grabber.idle": {
      "states": {
        "default": {
          "transitions": [
            {
              "chooseIdle": "math.random_integer(0, 250) \u003d\u003d 1"
            }
          ]
        },
        "chooseIdle": {
          "transitions": [
            {
              "idleThreat": "variable.idleRandom \u003d\u003d 0"
            },
            {
              "idleBlink": "variable.idleRandom \u003d\u003d 1"
            },
            {
              "idleLookRight": "variable.idleRandom \u003d\u003d 2"
            },
            {
              "idleLookLeft": "variable.idleRandom \u003d\u003d 3"
            }
          ],
          "blend_transition": 0.2
        },
        "idleThreat": {
          "animations": [
            "idleThreat"
          ],
          "transitions": [
            {
              "default": "query.all_animations_finished"
            }
          ],
          "blend_transition": 0.2
        },
        "idleBlink": {
          "animations": [
            "idleBlink"
          ],
          "transitions": [
            {
              "default": "query.all_animations_finished"
            }
          ],
          "blend_transition": 0.2
        },
        "idleLookRight": {
          "animations": [
            "idleLookRight"
          ],
          "transitions": [
            {
              "default": "query.all_animations_finished"
            }
          ],
          "blend_transition": 0.2
        },
        "idleLookLeft": {
          "animations": [
            "idleLookLeft"
          ],
          "transitions": [
            {
              "default": "query.all_animations_finished"
            }
          ],
          "blend_transition": 0.2
        }
      }
    }
  }
}