{
  "format_version": "1.10.0",
  "animation_controllers": {
    "controller.animation.hive.sonic.badnik.motobug.move": {
      "states": {
        "default": {
          "animations": [
            "idle",
            {
              "walk": "query.modified_move_speed"
            },
            {
              "walkWheel": "query.modified_move_speed"
            }
          ],
          "particle_effects": [
            {
              "effect": "exhaust",
              "locator": "leftexhaust"
            },
            {
              "effect": "exhaust",
              "locator": "rightexhaust"
            }
          ]
        }
      }
    },
    "controller.animation.hive.sonic.badnik.motobug.idle": {
      "states": {
        "default": {
          "transitions": [
            {
              "idle_look": "query.variant \u003d\u003d 1"
            },
            {
              "idle_blink": "query.variant \u003d\u003d 2"
            },
            {
              "explode": "query.is_tamed"
            }
          ],
          "blend_transition": 0.2
        },
        "idle_look": {
          "animations": [
            "idleLook1"
          ],
          "transitions": [
            {
              "default": "query.all_animations_finished"
            }
          ],
          "blend_transition": 0.2
        },
        "idle_blink": {
          "animations": [
            "idleBlink"
          ],
          "transitions": [
            {
              "default": "query.all_animations_finished"
            }
          ],
          "blend_transition": 0.2
        },
        "explode": {
          "animations": [
            "explode"
          ]
        }
      }
    },
    "controller.animation.hive.sonic.badnik.motobug.boost": {
      "states": {
        "default": {
          "transitions": [
            {
              "boost": "query.variant \u003d\u003d 3"
            }
          ],
          "blend_transition": 0.2
        },
        "boost": {
          "animations": [
            "boost"
          ],
          "particle_effects": [
            {
              "effect": "boost",
              "locator": "leftexhaust"
            },
            {
              "effect": "boost",
              "locator": "rightexhaust"
            }
          ],
          "transitions": [
            {
              "default": "query.all_animations_finished"
            }
          ],
          "blend_transition": 0.2
        }
      }
    }
  }
}