{
  "format_version": "1.10.0",
  "animation_controllers": {
    "controller.animation.hive.sonic.badnik.spinner.blink": {
      "states": {
        "default": {
          "transitions": [
            {
              "blink": "math.random_integer(0, 400) \u003d\u003d 1"
            }
          ]
        },
        "blink": {
          "animations": [
            "idleBlink"
          ],
          "blend_transition": 0.2,
          "transitions": [
            {
              "default": "query.all_animations_finished"
            }
          ]
        }
      }
    },
    "controller.animation.hive.sonic.badnik.spinner.idle": {
      "states": {
        "default": {
          "animations": [
            "idleSpin",
            "idleFloat",
            "idleVibrate"
          ],
          "transitions": [
            {
              "explode": "query.is_tamed"
            }
          ]
        },
        "explode": {
          "animations": [
            "explode"
          ]
        }
      }
    }
  }
}