{
  "format_version": "1.10.0",
  "animation_controllers": {
    "controller.animation.hive.sonic.badnik.spiny.breathe": {
      "states": {
        "default": {
          "animations": [
            "idleBreathe",
            "rotate"
          ]
        }
      }
    },
    "controller.animation.hive.sonic.badnik.spiny.fire": {
      "states": {
        "default": {
          "transitions": [
            {
              "fire": "query.is_tamed"
            }
          ]
        },
        "fire": {
          "animations": [
            "fire"
          ],
          "transitions": [
            {
              "default": "query.all_animations_finished"
            }
          ]
        }
      }
    },
    "controller.animation.hive.sonic.badnik.spiny.idle": {
      "states": {
        "default": {
          "transitions": [
            {
              "chooseIdle": "math.random_integer(0, 500) \u003d\u003d 1"
            }
          ]
        },
        "chooseIdle": {
          "transitions": [
            {
              "idleLegs1": "variable.idleRandom \u003d\u003d 0"
            },
            {
              "idleLegs2": "variable.idleRandom \u003d\u003d 1"
            },
            {
              "idleLookLeft": "variable.idleRandom \u003d\u003d 2"
            },
            {
              "idleLookRight": "variable.idleRandom \u003d\u003d 3"
            },
            {
              "idleLook": "variable.idleRandom \u003d\u003d 4"
            },
            {
              "idleBlink": "variable.idleRandom \u003d\u003d 5"
            }
          ],
          "blend_transition": 0.2
        },
        "idleLegs1": {
          "animations": [
            "idleLegs1"
          ],
          "transitions": [
            {
              "default": "query.all_animations_finished"
            }
          ],
          "blend_transition": 0.2
        },
        "idleLegs2": {
          "animations": [
            "idleLegs2"
          ],
          "transitions": [
            {
              "default": "query.all_animations_finished"
            }
          ],
          "blend_transition": 0.2
        },
        "idleLookLeft": {
          "animations": [
            "idleLookLeft"
          ],
          "transitions": [
            {
              "default": "query.all_animations_finished"
            }
          ],
          "blend_transition": 0.2
        },
        "idleLookRight": {
          "animations": [
            "idleLookRight"
          ],
          "transitions": [
            {
              "default": "query.all_animations_finished"
            }
          ],
          "blend_transition": 0.2
        },
        "idleLook": {
          "animations": [
            "idleLook"
          ],
          "transitions": [
            {
              "default": "query.all_animations_finished"
            }
          ],
          "blend_transition": 0.2
        },
        "idleBlink": {
          "animations": [
            "idleLook"
          ],
          "transitions": [
            {
              "default": "query.all_animations_finished"
            }
          ],
          "blend_transition": 0.2
        }
      }
    }
  }
}