{
  "format_version": "1.8.0",
  "minecraft:client_entity": {
    "description": {
      "identifier": "hive:energy_orb",
      "materials": {
        "default": "slime_outer"
      },
      "textures": {
        "default": "textures/entity/hive/sonic/projectile/energy_orb"
      },
      "geometry": {
        "default": "geometry.hive.sonic.projectile.energy_orb"
      },
      "animations": {
        "spin": "animation.hive.sonic.projectile.energy_orb.spin"
      },
      "animation_controllers": [
        {
          "energy_orb": "controller.animation.hive.sonic.projectile.energy_orb"
        }
      ],
      "render_controllers": [
        "controller.render.hive.sonic.default"
      ]
    }
  }
}