{
  "format_version": "1.8.0",
  "minecraft:client_entity": {
    "description": {
      "identifier": "hive:rocket",
      "materials": {
        "default": "entity_alphatest"
      },
      "textures": {
        "default": "textures/entity/hive/sonic/projectile/rocket"
      },
      "geometry": {
        "default": "geometry.hive.sonic.projectile.rocket"
      },
      "animations": {
        "spawn": "animation.hive.sonic.projectile.rocket.spawn",
        "idle": "animation.hive.sonic.projectile.rocket.idle",
        "despawn": "animation.hive.sonic.projectile.rocket.despawn"
      },
      "animation_controllers": [
        {
          "rocket": "controller.animation.hive.sonic.projectile.rocket"
        }
      ],
      "particle_effects": {
        "exhaust": "hive:exhaust_trail"
      },
      "render_controllers": [
        "controller.render.hive.sonic.default"
      ]
    }
  }
}