{
  "format_version": "1.8.0",
  "animations": {
    "animation.hive.sonic.badnik.chopper.idleBlink": {
      "animation_length": 0.84,
      "bones": {
        "rightEye": {
          "scale": {
            "0.0": [
              1,
              1,
              1
            ],
            "0.12": [
              1,
              0.9,
              1
            ],
            "0.24": [
              1,
              0.6,
              1
            ],
            "0.28": [
              1,
              0.2,
              1
            ],
            "0.36": [
              1,
              0.8,
              1
            ],
            "0.48": [
              1,
              0.9438,
              1
            ],
            "0.68": [
              1,
              1,
              1
            ]
          }
        },
        "leftEye": {
          "scale": {
            "0.16": [
              1,
              1,
              1
            ],
            "0.28": [
              1,
              0.9,
              1
            ],
            "0.4": [
              1,
              0.6,
              1
            ],
            "0.44": [
              1,
              0.2,
              1
            ],
            "0.52": [
              1,
              0.8,
              1
            ],
            "0.64": [
              1,
              0.9438,
              1
            ],
            "0.84": [
              1,
              1,
              1
            ]
          }
        }
      }
    },
    "animation.hive.sonic.badnik.chopper.idleTurbulence": {
      "loop": true,
      "animation_length": 5,
      "bones": {
        "bob": {
          "rotation": {
            "0.0": [
              0,
              0,
              0
            ],
            "0.88": [
              3.89,
              0,
              -3.89
            ],
            "1.16": [
              4.42,
              0,
              -4.42
            ],
            "1.6": [
              5,
              0,
              -5
            ],
            "2.16": [
              4.27,
              0,
              -4.27
            ],
            "2.32": [
              3.81,
              0,
              -3.81
            ],
            "2.96": [
              -0.74,
              0,
              0.74
            ],
            "3.12": [
              -1.25,
              0,
              1.25
            ],
            "3.64": [
              -2.19,
              0,
              2.19
            ],
            "4.08": [
              -2.5,
              0,
              2.5
            ],
            "4.36": [
              -2.31,
              0,
              2.31
            ],
            "5.0": [
              0,
              0,
              0
            ]
          },
          "position": {
            "0.0": [
              0,
              0,
              0
            ],
            "0.96": [
              0,
              0.82,
              0
            ],
            "1.36": [
              0,
              1,
              0
            ],
            "1.84": [
              0,
              0.85,
              0
            ],
            "2.84": [
              0,
              -0.64,
              0
            ],
            "3.4": [
              0,
              -1,
              0
            ],
            "3.72": [
              0,
              -0.87,
              0
            ],
            "5.0": [
              0,
              0,
              0
            ]
          }
        },
        "mouth": {
          "rotation": {
            "0.0": [
              0,
              0,
              0
            ],
            "1.84": [
              -5,
              0,
              0
            ],
            "5.0": [
              0,
              0,
              0
            ]
          }
        }
      }
    },
    "animation.hive.sonic.badnik.chopper.slowSwim": {
      "loop": true,
      "animation_length": 1.96,
      "bones": {
        "body": {
          "rotation": {
            "0.0": [
              0,
              0,
              0
            ],
            "0.2": [
              0.78,
              0,
              0
            ],
            "0.36": [
              1.87,
              0,
              0
            ],
            "0.56": [
              2.32,
              0,
              0
            ],
            "0.84": [
              1.86,
              0,
              0
            ],
            "1.12": [
              0.36,
              0,
              0
            ],
            "1.4": [
              -1.89,
              0,
              0
            ],
            "1.6": [
              -2.5,
              0,
              0
            ],
            "1.76": [
              -1.79,
              0,
              0
            ],
            "1.96": [
              0,
              0,
              0
            ]
          },
          "position": {
            "0.0": [
              0,
              0,
              0
            ],
            "0.2": [
              0,
              -0.15,
              0
            ],
            "0.48": [
              0,
              -1.19,
              0
            ],
            "0.64": [
              0,
              -1.31,
              0
            ],
            "0.88": [
              0,
              -1.375,
              0
            ],
            "1.12": [
              0,
              -1.31,
              0
            ],
            "1.28": [
              0,
              -1.19,
              0
            ],
            "1.56": [
              0,
              -0.15,
              0
            ],
            "1.72": [
              0,
              -0.03,
              0
            ],
            "1.96": [
              0,
              0,
              0
            ]
          }
        },
        "mouth": {
          "rotation": {
            "0.0": [
              0,
              0,
              0
            ],
            "0.2": [
              -2.5,
              0,
              0
            ],
            "0.4": [
              -10,
              0,
              0
            ],
            "0.52": [
              -12.5,
              0,
              0
            ],
            "0.92": [
              -15,
              0,
              0
            ],
            "1.2": [
              -11.11,
              0,
              0
            ],
            "1.56": [
              0.03,
              0,
              0
            ],
            "1.72": [
              2.5,
              0,
              0
            ],
            "1.8": [
              2.08,
              0,
              0
            ],
            "1.96": [
              0,
              0,
              0
            ]
          }
        },
        "rightFin": {
          "rotation": {
            "0.0": [
              0,
              22,
              0
            ],
            "0.2": [
              0,
              22,
              2.5
            ],
            "0.36": [
              0,
              22,
              40
            ],
            "0.52": [
              0,
              22,
              50
            ],
            "0.68": [
              0,
              22,
              52
            ],
            "0.8": [
              0,
              22,
              52.5
            ],
            "0.96": [
              0,
              22,
              52.5
            ],
            "1.16": [
              0,
              22,
              48.3
            ],
            "1.24": [
              0,
              22,
              43.47
            ],
            "1.44": [
              0,
              22,
              13.28
            ],
            "1.72": [
              0,
              22,
              3.06
            ],
            "1.96": [
              0,
              22,
              0
            ]
          }
        },
        "leftFin": {
          "rotation": {
            "0.0": [
              0,
              -22,
              0
            ],
            "0.2": [
              0,
              -22,
              -2.5
            ],
            "0.36": [
              0,
              -22,
              -40
            ],
            "0.52": [
              0,
              -22,
              -50
            ],
            "0.68": [
              0,
              -22,
              -52
            ],
            "0.8": [
              0,
              -22,
              -52.5
            ],
            "0.96": [
              0,
              -22,
              -52.5
            ],
            "1.16": [
              0,
              -22,
              -48.3
            ],
            "1.24": [
              0,
              -22,
              -43.47
            ],
            "1.44": [
              0,
              -22,
              -13.28
            ],
            "1.72": [
              0,
              -22,
              -3.06
            ],
            "1.96": [
              0,
              -22,
              0
            ]
          }
        },
        "topFin": {
          "rotation": {
            "0.0": [
              -5.17,
              0,
              0
            ],
            "0.2": [
              -1.55,
              0,
              0
            ],
            "0.4": [
              0,
              0,
              0
            ],
            "0.96": [
              0,
              0,
              0
            ],
            "1.28": [
              -1.92,
              0,
              0
            ],
            "1.48": [
              -7.69,
              0,
              0
            ],
            "1.64": [
              -10,
              0,
              0
            ],
            "1.84": [
              -8.19,
              0,
              0
            ],
            "1.96": [
              -5.17,
              0,
              0
            ]
          }
        },
        "tail": {
          "rotation": {
            "0.0": [
              0,
              0,
              0
            ],
            "0.32": [
              1.82,
              0,
              0
            ],
            "0.52": [
              2.5,
              0,
              0
            ],
            "0.72": [
              1.71,
              0,
              0
            ],
            "1.08": [
              -1.83,
              0,
              0
            ],
            "1.44": [
              -2.5,
              0,
              0
            ],
            "1.96": [
              0,
              0,
              0
            ]
          }
        },
        "tail2": {
          "rotation": {
            "0.0": [
              0,
              -10,
              0
            ],
            "0.08": [
              0,
              -9.73,
              0
            ],
            "0.24": [
              0,
              -8.4,
              0
            ],
            "0.36": [
              0,
              -5.49,
              0
            ],
            "0.6": [
              0,
              4.47,
              0
            ],
            "0.72": [
              0,
              6.13,
              0
            ],
            "1.0": [
              0,
              10,
              0
            ],
            "1.24": [
              0,
              7.5,
              0
            ],
            "1.68": [
              0,
              -7.08,
              0
            ],
            "1.96": [
              0,
              -10,
              0
            ]
          }
        },
        "tail3": {
          "rotation": {
            "0.0": [
              0,
              -27.73,
              0
            ],
            "0.16": [
              0,
              -26.4,
              0
            ],
            "0.28": [
              0,
              -23.49,
              0
            ],
            "0.6": [
              0,
              26.47,
              0
            ],
            "0.72": [
              0,
              28.13,
              0
            ],
            "1.0": [
              0,
              32,
              0
            ],
            "1.24": [
              0,
              29.5,
              0
            ],
            "1.6": [
              0,
              -25.08,
              0
            ],
            "1.96": [
              0,
              -28,
              0
            ]
          }
        }
      }
    },
    "animation.hive.sonic.badnik.chopper.fastSwim": {
      "loop": true,
      "animation_length": 1.04,
      "bones": {
        "body": {
          "rotation": {
            "0.0": [
              0,
              0,
              0
            ],
            "0.12": [
              0.78,
              0,
              0
            ],
            "0.2": [
              1.87,
              0,
              0
            ],
            "0.28": [
              2.32,
              0,
              0
            ],
            "0.44": [
              1.86,
              0,
              0
            ],
            "0.6": [
              0.36,
              0,
              0
            ],
            "0.76": [
              -1.89,
              0,
              0
            ],
            "0.84": [
              -2.5,
              0,
              0
            ],
            "0.92": [
              -1.79,
              0,
              0
            ],
            "1.04": [
              0,
              0,
              0
            ]
          },
          "position": {
            "0.0": [
              0,
              0,
              0
            ],
            "0.12": [
              0,
              -0.15,
              0
            ],
            "0.16": [
              0,
              -0.635,
              0
            ],
            "0.24": [
              0,
              -1.815,
              0
            ],
            "0.32": [
              0,
              -2.31,
              0
            ],
            "0.48": [
              0,
              -2.375,
              0
            ],
            "0.6": [
              0,
              -2.31,
              0
            ],
            "0.68": [
              0,
              -1.69,
              0
            ],
            "0.84": [
              0,
              -0.3,
              0
            ],
            "0.92": [
              0,
              -0.105,
              0
            ],
            "1.04": [
              0,
              0,
              0
            ]
          }
        },
        "mouth": {
          "rotation": {
            "0.0": [
              0,
              0,
              0
            ],
            "0.12": [
              -2.5,
              0,
              0
            ],
            "0.2": [
              -10,
              0,
              0
            ],
            "0.28": [
              -12.5,
              0,
              0
            ],
            "0.48": [
              -15,
              0,
              0
            ],
            "0.64": [
              -11.11,
              0,
              0
            ],
            "0.84": [
              0.03,
              0,
              0
            ],
            "0.92": [
              2.5,
              0,
              0
            ],
            "0.96": [
              2.08,
              0,
              0
            ],
            "1.04": [
              0,
              0,
              0
            ]
          }
        },
        "rightFin": {
          "rotation": {
            "0.0": [
              0,
              22,
              0
            ],
            "0.12": [
              0,
              22,
              2.5
            ],
            "0.2": [
              0,
              22,
              40
            ],
            "0.28": [
              0,
              22,
              50
            ],
            "0.36": [
              0,
              22,
              52
            ],
            "0.44": [
              0,
              22,
              52.5
            ],
            "0.52": [
              0,
              22,
              52.5
            ],
            "0.6": [
              0,
              22,
              48.3
            ],
            "0.64": [
              0,
              22,
              43.47
            ],
            "0.76": [
              0,
              22,
              13.28
            ],
            "0.92": [
              0,
              22,
              3.06
            ],
            "1.04": [
              0,
              22,
              0
            ]
          }
        },
        "leftFin": {
          "rotation": {
            "0.0": [
              0,
              -22,
              0
            ],
            "0.12": [
              0,
              -22,
              -2.5
            ],
            "0.2": [
              0,
              -22,
              -40
            ],
            "0.28": [
              0,
              -22,
              -50
            ],
            "0.36": [
              0,
              -22,
              -52
            ],
            "0.44": [
              0,
              -22,
              -52.5
            ],
            "0.52": [
              0,
              -22,
              -52.5
            ],
            "0.6": [
              0,
              -22,
              -48.3
            ],
            "0.64": [
              0,
              -22,
              -43.47
            ],
            "0.76": [
              0,
              -22,
              -13.28
            ],
            "0.92": [
              0,
              -22,
              -3.06
            ],
            "1.04": [
              0,
              -22,
              0
            ]
          }
        },
        "topFin": {
          "rotation": {
            "0.0": [
              -5.17,
              0,
              0
            ],
            "0.12": [
              -1.55,
              0,
              0
            ],
            "0.2": [
              0,
              0,
              0
            ],
            "0.52": [
              0,
              0,
              0
            ],
            "0.68": [
              -1.92,
              0,
              0
            ],
            "0.8": [
              -7.69,
              0,
              0
            ],
            "0.88": [
              -10,
              0,
              0
            ],
            "0.96": [
              -8.19,
              0,
              0
            ],
            "1.04": [
              -5.17,
              0,
              0
            ]
          }
        },
        "tail": {
          "rotation": {
            "0.0": [
              0,
              0,
              0
            ],
            "0.16": [
              1.82,
              0,
              0
            ],
            "0.28": [
              2.5,
              0,
              0
            ],
            "0.4": [
              1.71,
              0,
              0
            ],
            "0.56": [
              -1.83,
              0,
              0
            ],
            "0.76": [
              -2.5,
              0,
              0
            ],
            "1.04": [
              0,
              0,
              0
            ]
          }
        },
        "tail2": {
          "rotation": {
            "0.0": [
              0,
              -10,
              0
            ],
            "0.04": [
              0,
              -9.73,
              0
            ],
            "0.12": [
              0,
              -8.4,
              0
            ],
            "0.2": [
              0,
              -5.49,
              0
            ],
            "0.32": [
              0,
              4.47,
              0
            ],
            "0.4": [
              0,
              6.13,
              0
            ],
            "0.52": [
              0,
              10,
              0
            ],
            "0.64": [
              0,
              7.5,
              0
            ],
            "0.88": [
              0,
              -7.08,
              0
            ],
            "1.04": [
              0,
              -10,
              0
            ]
          }
        },
        "tail3": {
          "rotation": {
            "0.0": [
              0,
              -27.73,
              0
            ],
            "0.08": [
              0,
              -26.4,
              0
            ],
            "0.16": [
              0,
              -23.49,
              0
            ],
            "0.32": [
              0,
              26.47,
              0
            ],
            "0.4": [
              0,
              28.13,
              0
            ],
            "0.52": [
              0,
              32,
              0
            ],
            "0.64": [
              0,
              29.5,
              0
            ],
            "0.84": [
              0,
              -25.08,
              0
            ],
            "1.04": [
              0,
              -28,
              0
            ]
          }
        }
      }
    },
    "animation.hive.sonic.badnik.chopper.fastWiggleSwim": {
      "animation_length": 2.72,
      "bones": {
        "body": {
          "scale": {
            "0.0": [
              1,
              1,
              1
            ],
            "0.04": [
              1,
              0.9,
              0.9667
            ],
            "0.08": [
              1,
              0.8,
              0.8
            ],
            "0.2": [
              1,
              1,
              1.1
            ],
            "0.28": [
              1,
              1.0667,
              1.1667
            ],
            "0.36": [
              1,
              1.1,
              1.2
            ],
            "0.56": [
              1,
              1.0813,
              1.1625
            ],
            "0.84": [
              1,
              1.0148,
              1.0295
            ],
            "1.0": [
              1,
              1,
              1
            ]
          }
        },
        "rightEye": {
          "rotation": {
            "0.0": [
              0,
              0,
              0
            ],
            "0.08": [
              15,
              0,
              0
            ],
            "1.96": [
              15,
              0,
              0
            ],
            "2.68": [
              0,
              0,
              0
            ]
          },
          "scale": {
            "0.0": [
              1,
              1,
              1
            ],
            "0.08": [
              1,
              0.8,
              1
            ],
            "1.96": [
              1,
              0.8,
              1
            ],
            "2.68": [
              1,
              1,
              1
            ]
          }
        },
        "leftEye": {
          "rotation": {
            "0.0": [
              0,
              0,
              0
            ],
            "0.08": [
              15,
              0,
              0
            ]
          },
          "scale": {
            "0.0": [
              1,
              1,
              1
            ],
            "0.08": [
              1,
              0.8,
              1
            ]
          }
        },
        "rightFin": {
          "rotation": {
            "0.0": [
              0,
              0,
              0
            ],
            "0.08": [
              0,
              -40,
              0
            ],
            "0.12": [
              0,
              -26.67,
              0
            ],
            "0.16": [
              0,
              0,
              0
            ],
            "0.2": [
              0,
              40,
              0
            ],
            "1.96": [
              0,
              40,
              0
            ],
            "2.36": [
              0,
              8.89,
              0
            ],
            "2.68": [
              0,
              0,
              0
            ]
          },
          "scale": {
            "0.08": [
              1,
              1,
              1
            ],
            "0.12": [
              1,
              1,
              1.8667
            ],
            "0.16": [
              1,
              1,
              3.6
            ],
            "0.2": [
              1,
              1,
              1
            ],
            "1.96": [
              1,
              1,
              1
            ],
            "2.36": [
              1,
              1,
              1
            ],
            "2.68": [
              1,
              1,
              1
            ]
          }
        },
        "topFin": {
          "rotation": {
            "0.04": [
              0,
              0,
              0
            ],
            "0.2": [
              -20,
              0,
              0
            ],
            "0.52": [
              -14.74,
              0,
              0
            ],
            "1.96": [
              -2.68,
              0,
              0
            ],
            "2.48": [
              0,
              0,
              0
            ]
          }
        },
        "tail": {
          "rotation": {
            "0.0": [
              0,
              0,
              0
            ],
            "0.08": [
              0,
              7.5,
              0
            ],
            "0.12": [
              0,
              -12.5,
              0
            ],
            "0.16": [
              0,
              7.5,
              0
            ],
            "0.2": [
              0,
              -12.5,
              0
            ],
            "0.24": [
              0,
              7.5,
              0
            ],
            "0.28": [
              0,
              -12.5,
              0
            ],
            "0.32": [
              0,
              7.5,
              0
            ],
            "0.36": [
              0,
              -12.5,
              0
            ],
            "0.4": [
              0,
              7.5,
              0
            ],
            "0.44": [
              0,
              -12.5,
              0
            ],
            "0.48": [
              0,
              7.5,
              0
            ],
            "0.52": [
              0,
              -12.5,
              0
            ],
            "0.56": [
              0,
              7.5,
              0
            ],
            "0.6": [
              0,
              -12.5,
              0
            ],
            "0.64": [
              0,
              7.5,
              0
            ],
            "0.68": [
              0,
              -12.5,
              0
            ],
            "0.72": [
              0,
              7.5,
              0
            ],
            "0.76": [
              0,
              -12.5,
              0
            ],
            "0.8": [
              0,
              7.5,
              0
            ],
            "0.84": [
              0,
              -12.5,
              0
            ],
            "0.88": [
              0,
              7.5,
              0
            ],
            "0.92": [
              0,
              -12.5,
              0
            ],
            "0.96": [
              0,
              7.5,
              0
            ],
            "1.0": [
              0,
              -12.5,
              0
            ],
            "1.04": [
              0,
              -12.5,
              0
            ],
            "1.08": [
              0,
              7.5,
              0
            ],
            "1.12": [
              0,
              -12.5,
              0
            ],
            "1.16": [
              0,
              7.5,
              0
            ],
            "1.2": [
              0,
              -12.5,
              0
            ],
            "1.24": [
              0,
              7.5,
              0
            ],
            "1.28": [
              0,
              -12.5,
              0
            ],
            "1.32": [
              0,
              7.5,
              0
            ],
            "1.36": [
              0,
              -12.5,
              0
            ],
            "1.4": [
              0,
              -12.5,
              0
            ],
            "1.44": [
              0,
              7.5,
              0
            ],
            "1.48": [
              0,
              -12.5,
              0
            ],
            "1.52": [
              0,
              7.5,
              0
            ],
            "1.56": [
              0,
              -12.5,
              0
            ],
            "1.6": [
              0,
              7.5,
              0
            ],
            "1.64": [
              0,
              -12.5,
              0
            ],
            "1.68": [
              0,
              7.5,
              0
            ],
            "1.72": [
              0,
              -12.5,
              0
            ],
            "1.76": [
              0,
              -12.5,
              0
            ],
            "1.84": [
              0,
              7.5,
              0
            ],
            "1.92": [
              0,
              -12.5,
              0
            ],
            "2.0": [
              0,
              7.5,
              0
            ],
            "2.08": [
              0,
              -12.5,
              0
            ],
            "2.24": [
              0,
              7.5,
              0
            ],
            "2.36": [
              0,
              -12.5,
              0
            ],
            "2.52": [
              0,
              7.5,
              0
            ],
            "2.68": [
              0,
              0,
              0
            ]
          }
        },
        "tail2": {
          "rotation": {
            "0.0": [
              0,
              0,
              0
            ],
            "0.08": [
              0,
              12.5,
              0
            ],
            "0.12": [
              0,
              -10,
              0
            ],
            "0.16": [
              0,
              12.5,
              0
            ],
            "0.2": [
              0,
              -10,
              0
            ],
            "0.24": [
              0,
              12.5,
              0
            ],
            "0.28": [
              0,
              -10,
              0
            ],
            "0.32": [
              0,
              12.5,
              0
            ],
            "0.36": [
              0,
              -10,
              0
            ],
            "0.4": [
              0,
              12.5,
              0
            ],
            "0.44": [
              0,
              -10,
              0
            ],
            "0.48": [
              0,
              12.5,
              0
            ],
            "0.52": [
              0,
              -10,
              0
            ],
            "0.56": [
              0,
              12.5,
              0
            ],
            "0.6": [
              0,
              -10,
              0
            ],
            "0.64": [
              0,
              12.5,
              0
            ],
            "0.68": [
              0,
              -10,
              0
            ],
            "0.72": [
              0,
              12.5,
              0
            ],
            "0.76": [
              0,
              -10,
              0
            ],
            "0.8": [
              0,
              12.5,
              0
            ],
            "0.84": [
              0,
              -10,
              0
            ],
            "0.88": [
              0,
              12.5,
              0
            ],
            "0.92": [
              0,
              -10,
              0
            ],
            "0.96": [
              0,
              12.5,
              0
            ],
            "1.04": [
              0,
              -10,
              0
            ],
            "1.08": [
              0,
              12.5,
              0
            ],
            "1.12": [
              0,
              -10,
              0
            ],
            "1.16": [
              0,
              12.5,
              0
            ],
            "1.2": [
              0,
              -10,
              0
            ],
            "1.24": [
              0,
              12.5,
              0
            ],
            "1.28": [
              0,
              -10,
              0
            ],
            "1.32": [
              0,
              12.5,
              0
            ],
            "1.4": [
              0,
              -10,
              0
            ],
            "1.44": [
              0,
              12.5,
              0
            ],
            "1.48": [
              0,
              -10,
              0
            ],
            "1.52": [
              0,
              12.5,
              0
            ],
            "1.56": [
              0,
              -10,
              0
            ],
            "1.6": [
              0,
              12.5,
              0
            ],
            "1.64": [
              0,
              -10,
              0
            ],
            "1.68": [
              0,
              12.5,
              0
            ],
            "1.76": [
              0,
              -10,
              0
            ],
            "1.84": [
              0,
              12.5,
              0
            ],
            "1.92": [
              0,
              -10,
              0
            ],
            "2.0": [
              0,
              12.5,
              0
            ],
            "2.08": [
              0,
              -10,
              0
            ],
            "2.24": [
              0,
              12.5,
              0
            ],
            "2.36": [
              0,
              -10,
              0
            ],
            "2.52": [
              0,
              0,
              0
            ]
          }
        },
        "bob": {
          "rotation": {
            "0.0": [
              0,
              0,
              0
            ],
            "0.08": [
              5,
              -2.5,
              0
            ],
            "0.12": [
              5,
              2.5,
              0
            ],
            "0.16": [
              5,
              -2.5,
              0
            ],
            "0.2": [
              5,
              2.5,
              0
            ],
            "0.24": [
              5,
              -2.5,
              0
            ],
            "0.28": [
              5,
              2.5,
              0
            ],
            "0.32": [
              5,
              -2.5,
              0
            ],
            "0.36": [
              5,
              2.5,
              0
            ],
            "0.4": [
              5,
              -2.5,
              0
            ],
            "0.44": [
              5,
              2.5,
              0
            ],
            "0.48": [
              5,
              -2.5,
              0
            ],
            "0.52": [
              5,
              2.5,
              0
            ],
            "0.56": [
              5,
              -2.5,
              0
            ],
            "0.6": [
              5,
              2.5,
              0
            ],
            "0.64": [
              5,
              -2.5,
              0
            ],
            "0.68": [
              5,
              2.5,
              0
            ],
            "0.72": [
              5,
              -2.5,
              0
            ],
            "0.76": [
              5,
              2.5,
              0
            ],
            "0.8": [
              5,
              -2.5,
              0
            ],
            "0.84": [
              5,
              2.5,
              0
            ],
            "0.88": [
              5,
              -2.5,
              0
            ],
            "0.92": [
              5,
              2.5,
              0
            ],
            "0.96": [
              5,
              -2.5,
              0
            ],
            "1.0": [
              5,
              2.5,
              0
            ],
            "1.04": [
              5,
              2.5,
              0
            ],
            "1.08": [
              5,
              -2.5,
              0
            ],
            "1.12": [
              5,
              2.5,
              0
            ],
            "1.16": [
              5,
              -2.5,
              0
            ],
            "1.2": [
              5,
              2.5,
              0
            ],
            "1.24": [
              5,
              -2.5,
              0
            ],
            "1.28": [
              5,
              2.5,
              0
            ],
            "1.32": [
              5,
              -2.5,
              0
            ],
            "1.36": [
              5,
              2.5,
              0
            ],
            "1.4": [
              5,
              2.5,
              0
            ],
            "1.44": [
              5,
              -2.5,
              0
            ],
            "1.48": [
              5,
              2.5,
              0
            ],
            "1.52": [
              5,
              -2.5,
              0
            ],
            "1.56": [
              5,
              2.5,
              0
            ],
            "1.6": [
              5,
              -2.5,
              0
            ],
            "1.64": [
              5,
              2.5,
              0
            ],
            "1.68": [
              5,
              -2.5,
              0
            ],
            "1.72": [
              5,
              2.5,
              0
            ],
            "1.76": [
              5,
              2.5,
              0
            ],
            "1.84": [
              4.95,
              -2.5,
              0
            ],
            "1.92": [
              4.825,
              2.5,
              0
            ],
            "2.0": [
              4.575,
              -2.5,
              0
            ],
            "2.08": [
              4,
              2.5,
              0
            ],
            "2.24": [
              2,
              -2.5,
              0
            ],
            "2.36": [
              1,
              2.5,
              0
            ],
            "2.52": [
              0.4,
              -2.5,
              0
            ],
            "2.68": [
              0,
              0,
              0
            ]
          }
        }
      }
    },
    "animation.hive.sonic.badnik.chopper.bite": {
      "loop": true,
      "animation_length": 0.48,
      "bones": {
        "bob": {
          "rotation": {
            "0.04": [
              0,
              0,
              0
            ],
            "0.12": [
              -0.56,
              0,
              0
            ],
            "0.24": [
              -1.67,
              0,
              0
            ],
            "0.4": [
              -2.5,
              0,
              0
            ],
            "0.48": [
              0,
              0,
              0
            ]
          }
        },
        "head": {
          "rotation": {
            "0.0": [
              0,
              0,
              0
            ],
            "0.04": [
              -0.72,
              0,
              0
            ],
            "0.12": [
              -4.29,
              0,
              0
            ],
            "0.4": [
              -5,
              0,
              0
            ],
            "0.44": [
              0,
              0,
              0
            ],
            "0.48": [
              0,
              0,
              0
            ]
          },
          "position": {
            "0.0": [
              0,
              0,
              0
            ],
            "0.44": [
              0,
              0,
              0
            ],
            "0.48": [
              0,
              0,
              0
            ]
          },
          "scale": {
            "0.0": [
              1,
              1,
              1
            ],
            "0.04": [
              1,
              1.025,
              1
            ],
            "0.08": [
              0.99,
              1.075,
              1
            ],
            "0.44": [
              0.99,
              1.1,
              1
            ],
            "0.48": [
              1,
              1,
              1
            ]
          }
        },
        "rightEye": {
          "scale": {
            "0.0": [
              1,
              1,
              1
            ],
            "0.04": [
              1,
              0.9,
              1
            ],
            "0.4": [
              1,
              0.9,
              1
            ],
            "0.44": [
              1,
              1.2,
              1
            ],
            "0.48": [
              1,
              1,
              1
            ]
          }
        },
        "mouth": {
          "rotation": {
            "0.0": [
              0,
              0,
              0
            ],
            "0.04": [
              7.14,
              0,
              0
            ],
            "0.12": [
              42.86,
              0,
              0
            ],
            "0.4": [
              50,
              0,
              0
            ],
            "0.44": [
              0,
              0,
              0
            ],
            "0.48": [
              -20,
              0,
              0
            ]
          },
          "position": {
            "0.4": [
              0,
              0,
              0
            ],
            "0.44": [
              0,
              1,
              -0.75
            ],
            "0.48": [
              0,
              0,
              0
            ]
          },
          "scale": {
            "0.4": [
              1,
              1,
              1
            ],
            "0.44": [
              1,
              1.8,
              1
            ],
            "0.48": [
              1,
              1,
              1
            ]
          }
        },
        "topFin": {
          "position": {
            "0.0": [
              0,
              -0.5,
              0
            ],
            "0.04": [
              0,
              -0.25,
              0
            ],
            "0.2": [
              0,
              0,
              0
            ],
            "0.4": [
              0,
              0,
              0
            ],
            "0.48": [
              0,
              -0.5,
              0
            ]
          }
        }
      }
    },
    "animation.hive.sonic.badnik.chopper.rotate": {
      "loop": true,
      "bones": {
        "root": {
          "rotation": [
            "query.body_x_rotation",
            0,
            0
          ]
        }
      }
    },
    "animation.hive.sonic.badnik.chopper.explode": {
      "loop": "hold_on_last_frame",
      "animation_length": 1.2,
      "bones": {
        "body": {
          "position": {
            "0.0": [
              0,
              0,
              0
            ],
            "0.32": [
              0,
              3.04,
              0
            ],
            "0.52": [
              0,
              3.93,
              0
            ],
            "0.76": [
              0,
              4.47,
              0
            ],
            "1.0": [
              0,
              2,
              0
            ]
          },
          "scale": {
            "0.0": [
              1,
              1,
              1
            ],
            "0.04": [
              1,
              0.7,
              1
            ],
            "0.08": [
              1,
              1,
              1
            ]
          }
        },
        "bob": {
          "rotation": {
            "0.04": [
              0,
              0,
              0
            ],
            "0.16": [
              0,
              -10.5,
              -18
            ],
            "0.28": [
              0,
              -13.5,
              -23.14
            ],
            "0.44": [
              0,
              -15.79,
              -27.06
            ],
            "0.56": [
              0,
              -16.64,
              -28.53
            ],
            "0.8": [
              0,
              -17.5,
              -30
            ]
          },
          "position": {
            "0.04": [
              0,
              0,
              0
            ],
            "0.16": [
              0,
              1.8,
              0
            ],
            "0.28": [
              0,
              2.31,
              0
            ],
            "0.44": [
              0,
              2.7,
              0
            ],
            "0.56": [
              0,
              2.85,
              0
            ],
            "0.8": [
              0,
              3,
              0
            ]
          },
          "scale": {
            "0.68": [
              1,
              1,
              1
            ],
            "0.8": [
              0.7692,
              0.7692,
              0.7692
            ],
            "0.92": [
              0.3077,
              0.3077,
              0.3077
            ],
            "0.96": [
              0,
              0,
              0
            ]
          }
        },
        "head": {
          "rotation": {
            "0.04": [
              0,
              0,
              0
            ],
            "0.08": [
              0,
              0,
              0
            ],
            "0.56": [
              -42.5,
              -17.5,
              0
            ],
            "1.16": [
              -72.5,
              -17.5,
              20
            ]
          },
          "position": {
            "0.04": [
              0,
              0,
              0
            ],
            "0.36": [
              0,
              2.26,
              -2.53
            ],
            "0.56": [
              0,
              2,
              -4
            ],
            "0.88": [
              0,
              0.82,
              -5.09
            ],
            "1.16": [
              0,
              -1,
              -6
            ]
          },
          "scale": {
            "0.08": [
              1,
              1,
              1
            ],
            "0.32": [
              1,
              1,
              1
            ],
            "0.6": [
              0.7742,
              0.7742,
              0.7742
            ],
            "1.08": [
              0,
              0,
              0
            ]
          }
        },
        "leftEye": {
          "scale": {
            "0.0": [
              1,
              1,
              1
            ],
            "0.04": [
              1,
              1.5,
              1
            ],
            "0.08": [
              1,
              0.2,
              1
            ],
            "0.24": [
              1,
              1.1,
              1
            ]
          }
        },
        "mouth": {
          "rotation": {
            "0.0": [
              0,
              0,
              0
            ],
            "0.04": [
              -17.5,
              0,
              0
            ],
            "0.2": [
              15,
              0,
              0
            ]
          }
        },
        "rightFin": {
          "rotation": {
            "0.04": [
              0,
              0,
              0
            ],
            "0.68": [
              -47.5,
              -22.5,
              0
            ]
          },
          "position": {
            "0.04": [
              0,
              0,
              0
            ],
            "0.68": [
              -3,
              2,
              -3
            ]
          },
          "scale": {
            "0.16": [
              1,
              1,
              1
            ],
            "0.68": [
              0.8,
              1,
              0
            ]
          }
        },
        "leftFin": {
          "rotation": {
            "0.04": [
              0,
              0,
              0
            ],
            "0.68": [
              -85,
              -40,
              0
            ]
          },
          "position": {
            "0.04": [
              0,
              0,
              0
            ],
            "0.68": [
              8,
              0,
              8
            ]
          },
          "scale": {
            "0.04": [
              1,
              1,
              1
            ],
            "0.68": [
              1,
              1,
              0
            ]
          }
        },
        "topFin": {
          "rotation": {
            "0.04": [
              0,
              0,
              0
            ],
            "0.68": [
              60,
              0,
              0
            ]
          },
          "position": {
            "0.04": [
              0,
              0,
              0
            ],
            "0.68": [
              0,
              7,
              0
            ]
          },
          "scale": {
            "0.08": [
              1,
              1,
              1
            ],
            "0.68": [
              1,
              0,
              0
            ]
          }
        },
        "tail": {
          "rotation": {
            "0.0": [
              0,
              0,
              0
            ],
            "0.04": [
              12.5,
              0,
              0
            ],
            "0.08": [
              -7.5,
              0,
              0
            ],
            "0.24": [
              -7.5,
              53.33,
              0
            ],
            "0.4": [
              -7.5,
              68.57,
              0
            ],
            "0.68": [
              -7.5,
              80,
              0
            ]
          },
          "position": {
            "0.0": [
              0,
              0,
              0
            ],
            "0.04": [
              0,
              0,
              0
            ],
            "0.24": [
              0,
              0,
              5
            ],
            "0.4": [
              0,
              0,
              6.14
            ],
            "0.68": [
              0,
              0,
              7
            ]
          },
          "scale": {
            "0.04": [
              1,
              1,
              1
            ],
            "0.24": [
              0.3293,
              0.3293,
              1
            ],
            "0.68": [
              0,
              0,
              1
            ]
          }
        }
      }
    }
  }
}