{
  "format_version": "1.8.0",
  "animations": {
    "animation.hive.sonic.badnik.grabber.idle": {
      "loop": true,
      "animation_length": 3.44,
      "bones": {
        "rotation": {
          "rotation": {
            "0.0": [
              0,
              0,
              2.5
            ],
            "0.28": [
              0,
              0,
              2.2
            ],
            "0.52": [
              0,
              0,
              1.38
            ],
            "0.76": [
              0,
              0,
              0.06
            ],
            "1.0": [
              0,
              0,
              -1.355
            ],
            "1.24": [
              0,
              0,
              -2.13
            ],
            "1.56": [
              0,
              0,
              -2.5
            ],
            "1.84": [
              0,
              0,
              -2.475
            ],
            "2.16": [
              0,
              0,
              -2.13
            ],
            "2.4": [
              0,
              0,
              -1.355
            ],
            "2.64": [
              0,
              0,
              0.06
            ],
            "2.88": [
              0,
              0,
              1.38
            ],
            "3.12": [
              0,
              0,
              2.2
            ],
            "3.28": [
              0,
              0,
              2.37
            ],
            "3.44": [
              0,
              0,
              2.5
            ]
          }
        },
        "head": {
          "rotation": {
            "0.24": [
              0,
              0,
              0
            ],
            "0.88": [
              0,
              -0.36,
              1
            ],
            "1.36": [
              0,
              -1.22,
              1.86
            ],
            "1.72": [
              0,
              -1.86,
              2.125
            ],
            "2.08": [
              0,
              -1.46,
              1.92
            ],
            "3.0": [
              0,
              -0.44,
              0.305
            ],
            "3.4": [
              0,
              0,
              0
            ]
          }
        },
        "LeftLegs": {
          "rotation": {
            "0.0": [
              0,
              0,
              0
            ],
            "0.48": [
              0,
              0,
              0.6
            ],
            "0.96": [
              0,
              0,
              2.8
            ],
            "1.92": [
              0,
              0,
              0.41
            ],
            "2.84": [
              0,
              0,
              -2.4
            ],
            "3.44": [
              0,
              0,
              0
            ]
          }
        },
        "leftleg1Top": {
          "rotation": {
            "0.0": [
              0,
              0,
              0
            ],
            "0.88": [
              0,
              0,
              2.5
            ],
            "1.12": [
              0,
              0,
              1.12
            ],
            "1.64": [
              0,
              0,
              -4.06
            ],
            "2.16": [
              0,
              0,
              -5
            ],
            "2.84": [
              0,
              0,
              -1.15
            ],
            "3.44": [
              0,
              0,
              0
            ]
          }
        },
        "bone": {
          "rotation": {
            "0.0": [
              0,
              0,
              0
            ],
            "0.88": [
              0,
              0,
              2.5
            ],
            "1.36": [
              0,
              0,
              2.23
            ],
            "3.44": [
              0,
              0,
              0
            ]
          }
        },
        "bone2": {
          "rotation": {
            "0.0": [
              0,
              0,
              0.59
            ],
            "0.88": [
              0,
              0,
              0
            ],
            "1.08": [
              0,
              0,
              4.46
            ],
            "2.2": [
              0,
              0,
              2.87
            ],
            "2.92": [
              0,
              0,
              -1.7
            ],
            "3.44": [
              0,
              0,
              0.59
            ]
          }
        },
        "leftleg2Top": {
          "rotation": {
            "0.0": [
              0,
              0,
              0
            ],
            "0.88": [
              0,
              0,
              2.5
            ],
            "1.12": [
              0,
              0,
              1.12
            ],
            "1.64": [
              0,
              0,
              -4.06
            ],
            "2.16": [
              0,
              0,
              -5
            ],
            "2.84": [
              0,
              0,
              -1.15
            ],
            "3.44": [
              0,
              0,
              0
            ]
          }
        },
        "bone3": {
          "rotation": {
            "0.0": [
              0,
              0,
              0
            ],
            "0.88": [
              0,
              0,
              2.5
            ],
            "1.36": [
              0,
              0,
              2.23
            ],
            "3.44": [
              0,
              0,
              0
            ]
          }
        },
        "bone4": {
          "rotation": {
            "0.0": [
              0,
              0,
              0.59
            ],
            "0.88": [
              0,
              0,
              0
            ],
            "1.08": [
              0,
              0,
              4.46
            ],
            "2.2": [
              0,
              0,
              2.87
            ],
            "2.92": [
              0,
              0,
              -1.7
            ],
            "3.44": [
              0,
              0,
              0.59
            ]
          }
        },
        "leftleg3Top": {
          "rotation": {
            "0.0": [
              0,
              0,
              0
            ],
            "0.88": [
              0,
              0,
              2.5
            ],
            "1.12": [
              0,
              0,
              1.12
            ],
            "1.64": [
              0,
              0,
              -4.06
            ],
            "2.16": [
              0,
              0,
              -5
            ],
            "2.84": [
              0,
              0,
              -1.15
            ],
            "3.44": [
              0,
              0,
              0
            ]
          }
        },
        "bone5": {
          "rotation": {
            "0.0": [
              0,
              0,
              0
            ],
            "0.88": [
              0,
              0,
              2.5
            ],
            "1.36": [
              0,
              0,
              2.23
            ],
            "3.44": [
              0,
              0,
              0
            ]
          }
        },
        "bone6": {
          "rotation": {
            "0.0": [
              0,
              0,
              0.59
            ],
            "0.88": [
              0,
              0,
              0
            ],
            "1.08": [
              0,
              0,
              4.46
            ],
            "2.2": [
              0,
              0,
              2.87
            ],
            "2.92": [
              0,
              0,
              -1.7
            ],
            "3.44": [
              0,
              0,
              0.59
            ]
          }
        },
        "leftleg4Top": {
          "rotation": {
            "0.0": [
              0,
              0,
              0
            ],
            "0.88": [
              0,
              0,
              2.5
            ],
            "1.12": [
              0,
              0,
              1.12
            ],
            "1.64": [
              0,
              0,
              -4.06
            ],
            "2.16": [
              0,
              0,
              -5
            ],
            "2.84": [
              0,
              0,
              -1.15
            ],
            "3.44": [
              0,
              0,
              0
            ]
          }
        },
        "bone7": {
          "rotation": {
            "0.0": [
              0,
              0,
              0
            ],
            "0.88": [
              0,
              0,
              2.5
            ],
            "1.36": [
              0,
              0,
              2.23
            ],
            "3.44": [
              0,
              0,
              0
            ]
          }
        },
        "bone8": {
          "rotation": {
            "0.0": [
              0,
              0,
              0.59
            ],
            "0.88": [
              0,
              0,
              0
            ],
            "1.08": [
              0,
              0,
              4.46
            ],
            "2.2": [
              0,
              0,
              2.87
            ],
            "2.92": [
              0,
              0,
              -1.7
            ],
            "3.44": [
              0,
              0,
              0.59
            ]
          }
        },
        "RightLegs": {
          "rotation": {
            "0.0": [
              0,
              0,
              0
            ],
            "0.28": [
              0,
              0,
              0.6
            ],
            "0.76": [
              0,
              0,
              2.8
            ],
            "1.72": [
              0,
              0,
              0.41
            ],
            "2.64": [
              0,
              0,
              -2.4
            ],
            "3.44": [
              0,
              0,
              0
            ]
          }
        },
        "rightleg1Top": {
          "rotation": {
            "0.0": [
              0,
              0,
              0
            ],
            "0.88": [
              0,
              0,
              2.5
            ],
            "1.12": [
              0,
              0,
              1.12
            ],
            "1.64": [
              0,
              0,
              -4.06
            ],
            "2.16": [
              0,
              0,
              -5
            ],
            "2.84": [
              0,
              0,
              -1.15
            ],
            "3.44": [
              0,
              0,
              0
            ]
          }
        },
        "bone9": {
          "rotation": {
            "0.0": [
              0,
              0,
              0
            ],
            "0.88": [
              0,
              0,
              2.5
            ],
            "1.36": [
              0,
              0,
              2.23
            ],
            "3.44": [
              0,
              0,
              0
            ]
          }
        },
        "bone10": {
          "rotation": {
            "0.0": [
              0,
              0,
              0.59
            ],
            "0.88": [
              0,
              0,
              0
            ],
            "1.08": [
              0,
              0,
              4.46
            ],
            "2.2": [
              0,
              0,
              2.87
            ],
            "2.92": [
              0,
              0,
              -1.7
            ],
            "3.44": [
              0,
              0,
              0.59
            ]
          }
        },
        "rightleg2Top": {
          "rotation": {
            "0.0": [
              0,
              0,
              0
            ],
            "0.88": [
              0,
              0,
              2.5
            ],
            "1.12": [
              0,
              0,
              1.12
            ],
            "1.64": [
              0,
              0,
              -4.06
            ],
            "2.16": [
              0,
              0,
              -5
            ],
            "2.84": [
              0,
              0,
              -1.15
            ],
            "3.44": [
              0,
              0,
              0
            ]
          }
        },
        "bone11": {
          "rotation": {
            "0.0": [
              0,
              0,
              0
            ],
            "0.88": [
              0,
              0,
              2.5
            ],
            "1.36": [
              0,
              0,
              2.23
            ],
            "3.44": [
              0,
              0,
              0
            ]
          }
        },
        "bone12": {
          "rotation": {
            "0.0": [
              0,
              0,
              0.59
            ],
            "0.88": [
              0,
              0,
              0
            ],
            "1.08": [
              0,
              0,
              4.46
            ],
            "2.2": [
              0,
              0,
              2.87
            ],
            "2.92": [
              0,
              0,
              -1.7
            ],
            "3.44": [
              0,
              0,
              0.59
            ]
          }
        },
        "rightleg3Top": {
          "rotation": {
            "0.0": [
              0,
              0,
              0
            ],
            "0.88": [
              0,
              0,
              2.5
            ],
            "1.12": [
              0,
              0,
              1.12
            ],
            "1.64": [
              0,
              0,
              -4.06
            ],
            "2.16": [
              0,
              0,
              -5
            ],
            "2.84": [
              0,
              0,
              -1.15
            ],
            "3.44": [
              0,
              0,
              0
            ]
          }
        },
        "bone13": {
          "rotation": {
            "0.0": [
              0,
              0,
              0
            ],
            "0.88": [
              0,
              0,
              2.5
            ],
            "1.36": [
              0,
              0,
              2.23
            ],
            "3.44": [
              0,
              0,
              0
            ]
          }
        },
        "bone14": {
          "rotation": {
            "0.0": [
              0,
              0,
              0.59
            ],
            "0.88": [
              0,
              0,
              0
            ],
            "1.08": [
              0,
              0,
              4.46
            ],
            "2.2": [
              0,
              0,
              2.87
            ],
            "2.92": [
              0,
              0,
              -1.7
            ],
            "3.44": [
              0,
              0,
              0.59
            ]
          }
        },
        "rightleg4Top": {
          "rotation": {
            "0.0": [
              0,
              0,
              0
            ],
            "0.88": [
              0,
              0,
              2.5
            ],
            "1.12": [
              0,
              0,
              1.12
            ],
            "1.64": [
              0,
              0,
              -4.06
            ],
            "2.16": [
              0,
              0,
              -5
            ],
            "2.84": [
              0,
              0,
              -1.15
            ],
            "3.44": [
              0,
              0,
              0
            ]
          }
        },
        "bone15": {
          "rotation": {
            "0.0": [
              0,
              0,
              0
            ],
            "0.88": [
              0,
              0,
              2.5
            ],
            "1.36": [
              0,
              0,
              2.23
            ],
            "3.44": [
              0,
              0,
              0
            ]
          }
        },
        "bone16": {
          "rotation": {
            "0.0": [
              0,
              0,
              0.59
            ],
            "0.88": [
              0,
              0,
              0
            ],
            "1.08": [
              0,
              0,
              4.46
            ],
            "2.2": [
              0,
              0,
              2.87
            ],
            "2.92": [
              0,
              0,
              -1.7
            ],
            "3.44": [
              0,
              0,
              0.59
            ]
          }
        }
      }
    },
    "animation.hive.sonic.badnik.grabber.idle.threat": {
      "animation_length": 2,
      "bones": {
        "rotation": {
          "position": {
            "0.0": [
              0,
              0,
              0
            ],
            "0.12": [
              0,
              0.04,
              0
            ],
            "0.32": [
              0,
              0.175,
              0
            ],
            "0.52": [
              0,
              -0.5,
              0
            ],
            "0.56": [
              0,
              -0.3,
              0
            ],
            "0.64": [
              0,
              -0.425,
              0
            ],
            "0.72": [
              0,
              -0.38,
              0
            ],
            "0.84": [
              0,
              -0.36,
              0
            ],
            "1.08": [
              0,
              -0.36,
              0
            ],
            "1.36": [
              0,
              -0.28,
              0
            ],
            "1.76": [
              0,
              0.05,
              0
            ],
            "1.84": [
              0,
              0,
              0
            ],
            "1.92": [
              0,
              0.03,
              0
            ],
            "2.0": [
              0,
              0,
              0
            ]
          }
        },
        "RightLegs": {
          "rotation": {
            "0.0": [
              0,
              0,
              0
            ],
            "0.32": [
              0,
              0,
              2.5
            ],
            "0.4": [
              0,
              0,
              5
            ],
            "0.48": [
              0,
              0,
              10
            ],
            "0.6": [
              0,
              0,
              -2.5
            ],
            "0.84": [
              0,
              0,
              0
            ],
            "1.0": [
              0,
              0,
              -0.83
            ],
            "1.28": [
              0,
              0,
              0
            ]
          }
        },
        "bone9": {
          "rotation": {
            "0.48": [
              0,
              0,
              0
            ],
            "0.52": [
              0,
              0,
              10
            ],
            "0.6": [
              0,
              0,
              -5
            ],
            "0.72": [
              0,
              0,
              -12.5
            ],
            "0.96": [
              0,
              0,
              -7.5
            ],
            "1.6": [
              0,
              0,
              -1.36
            ],
            "1.88": [
              0,
              0,
              0
            ]
          }
        },
        "bone10": {
          "rotation": {
            "0.52": [
              0,
              0,
              0
            ],
            "0.56": [
              0,
              0,
              32.5
            ],
            "0.64": [
              0,
              0,
              -12.5
            ],
            "0.72": [
              0,
              0,
              -22.5
            ],
            "0.84": [
              0,
              0,
              -30
            ],
            "1.28": [
              0,
              0,
              -7.2
            ],
            "1.6": [
              0,
              0,
              -2.06
            ],
            "1.96": [
              0,
              0,
              0
            ]
          }
        },
        "head": {
          "rotation": {
            "0.4": [
              0,
              0,
              0
            ],
            "0.52": [
              0,
              0,
              2.5
            ],
            "0.6": [
              0,
              0,
              -2.5
            ],
            "0.68": [
              0,
              0,
              -0.83
            ],
            "0.8": [
              0,
              0,
              0
            ]
          }
        },
        "eye_left": {
          "scale": {
            "0.36": [
              1,
              1,
              1
            ],
            "0.56": [
              1,
              0.9,
              1
            ],
            "0.64": [
              1,
              0.975,
              1
            ],
            "0.88": [
              1,
              1,
              1
            ]
          }
        },
        "eye_right": {
          "scale": {
            "0.4": [
              1,
              1,
              1
            ],
            "0.6": [
              1,
              0.9,
              1
            ],
            "0.68": [
              1,
              0.975,
              1
            ],
            "0.92": [
              1,
              1,
              1
            ]
          }
        },
        "mouth": {
          "scale": {
            "0.48": [
              1,
              1,
              1
            ],
            "0.64": [
              1,
              0.8,
              1
            ],
            "0.76": [
              1,
              0.925,
              1
            ],
            "0.96": [
              1,
              1,
              1
            ]
          }
        },
        "bone": {
          "rotation": {
            "0.4": [
              0,
              0,
              0
            ],
            "0.44": [
              0,
              0,
              -10
            ],
            "0.52": [
              0,
              0,
              5
            ],
            "0.64": [
              0,
              0,
              12.5
            ],
            "0.88": [
              0,
              0,
              7.5
            ],
            "1.52": [
              0,
              0,
              1.36
            ],
            "1.8": [
              0,
              0,
              0
            ]
          }
        },
        "bone2": {
          "rotation": {
            "0.44": [
              0,
              0,
              0
            ],
            "0.48": [
              0,
              0,
              -32.5
            ],
            "0.56": [
              0,
              0,
              12.5
            ],
            "0.64": [
              0,
              0,
              22.5
            ],
            "0.76": [
              0,
              0,
              30
            ],
            "1.2": [
              0,
              0,
              7.2
            ],
            "1.52": [
              0,
              0,
              2.06
            ],
            "1.88": [
              0,
              0,
              0
            ]
          }
        }
      }
    },
    "animation.hive.sonic.badnik.grabber.idle.blink": {
      "animation_length": 0.76,
      "bones": {
        "rotation": {
          "rotation": {
            "0.04": [
              0,
              0,
              0
            ],
            "0.12": [
              0.33,
              0,
              0
            ],
            "0.16": [
              0.42,
              0,
              0
            ],
            "0.24": [
              0.5,
              0,
              0
            ],
            "0.48": [
              0.14,
              0,
              0
            ],
            "0.76": [
              0,
              0,
              0
            ]
          }
        },
        "head": {
          "rotation": {
            "0.08": [
              0,
              0,
              0
            ],
            "0.16": [
              2.5,
              0,
              0
            ],
            "0.28": [
              0.62,
              0,
              0
            ],
            "0.44": [
              0,
              0,
              0
            ]
          }
        },
        "eye_left": {
          "scale": {
            "0.04": [
              1,
              1,
              1
            ],
            "0.08": [
              1,
              0.95,
              1
            ],
            "0.16": [
              1,
              0.4,
              1
            ],
            "0.28": [
              1,
              0.95,
              1
            ],
            "0.4": [
              1,
              0.9786,
              1
            ],
            "0.56": [
              1,
              1,
              1
            ]
          }
        },
        "eye_right": {
          "scale": {
            "0.0": [
              1,
              1,
              1
            ],
            "0.04": [
              1,
              0.95,
              1
            ],
            "0.12": [
              1,
              0.4,
              1
            ],
            "0.24": [
              1,
              0.95,
              1
            ],
            "0.36": [
              1,
              0.9786,
              1
            ],
            "0.52": [
              1,
              1,
              1
            ]
          }
        },
        "mouth": {
          "scale": {
            "0.08": [
              1,
              1,
              1
            ],
            "0.16": [
              1,
              0.9,
              1
            ],
            "0.24": [
              1,
              0.9667,
              1
            ],
            "0.32": [
              1,
              1,
              1
            ]
          }
        }
      }
    },
    "animation.hive.sonic.badnik.grabber.idle.look.right": {
      "animation_length": 2.88,
      "bones": {
        "head": {
          "rotation": {
            "0.0": [
              0,
              0,
              0
            ],
            "0.12": [
              0,
              2.5,
              0
            ],
            "0.16": [
              0,
              3.75,
              0
            ],
            "0.32": [
              0,
              4.5,
              0
            ],
            "0.56": [
              0,
              5,
              0
            ],
            "1.36": [
              0,
              5,
              0
            ],
            "1.48": [
              0,
              4.25,
              0
            ],
            "1.64": [
              0,
              3.75,
              0
            ],
            "2.52": [
              0,
              3.75,
              0
            ],
            "2.6": [
              0,
              2.92,
              0
            ],
            "2.68": [
              0,
              1.25,
              0
            ],
            "2.88": [
              0,
              0,
              0
            ]
          }
        },
        "leftPupil": {
          "position": {
            "0.0": [
              0,
              0,
              0
            ],
            "0.08": [
              -0.07,
              0,
              0
            ],
            "0.16": [
              -0.52,
              0,
              0
            ],
            "0.28": [
              -0.75,
              0,
              0
            ],
            "1.36": [
              -0.75,
              0,
              0
            ],
            "1.4": [
              -0.73,
              0,
              0
            ],
            "1.48": [
              -0.66,
              0,
              0
            ],
            "1.56": [
              -0.625,
              0,
              0
            ],
            "2.52": [
              -0.62,
              0,
              0
            ],
            "2.6": [
              -0.5,
              0,
              0
            ],
            "2.68": [
              -0.19,
              0,
              0
            ],
            "2.88": [
              0,
              0,
              0
            ]
          }
        },
        "rightPupil": {
          "position": {
            "0.0": [
              0,
              0,
              0
            ],
            "0.08": [
              -0.07,
              0,
              0
            ],
            "0.16": [
              -0.52,
              0,
              0
            ],
            "0.28": [
              -0.75,
              0,
              0
            ],
            "1.36": [
              -0.75,
              0,
              0
            ],
            "1.4": [
              -0.73,
              0,
              0
            ],
            "1.48": [
              -0.66,
              0,
              0
            ],
            "1.56": [
              -0.625,
              0,
              0
            ],
            "2.52": [
              -0.62,
              0,
              0
            ],
            "2.6": [
              -0.5,
              0,
              0
            ],
            "2.68": [
              -0.19,
              0,
              0
            ],
            "2.88": [
              0,
              0,
              0
            ]
          }
        },
        "mouth": {
          "rotation": {
            "0.04": [
              0,
              0,
              0
            ],
            "0.16": [
              0,
              0,
              -1.67
            ],
            "0.24": [
              0,
              0,
              -2.5
            ],
            "2.56": [
              0,
              0,
              -2.5
            ],
            "2.68": [
              0,
              0,
              0
            ]
          },
          "scale": {
            "0.04": [
              1,
              1,
              1
            ],
            "0.16": [
              1,
              0.9333,
              1
            ],
            "0.24": [
              1,
              0.9,
              1
            ],
            "2.56": [
              1,
              0.9,
              1
            ],
            "2.68": [
              1,
              1,
              1
            ]
          }
        }
      }
    },
    "animation.hive.sonic.badnik.grabber.idle.look.left": {
      "animation_length": 2.88,
      "bones": {
        "head": {
          "rotation": {
            "0.0": [
              0,
              0,
              0
            ],
            "0.12": [
              0,
              -2.5,
              0
            ],
            "0.16": [
              0,
              -3.75,
              0
            ],
            "0.32": [
              0,
              -4.5,
              0
            ],
            "0.56": [
              0,
              -5,
              0
            ],
            "1.36": [
              0,
              -5,
              0
            ],
            "1.48": [
              0,
              -4.25,
              0
            ],
            "1.64": [
              0,
              -3.75,
              0
            ],
            "2.52": [
              0,
              -3.75,
              0
            ],
            "2.6": [
              0,
              -2.92,
              0
            ],
            "2.68": [
              0,
              -1.25,
              0
            ],
            "2.88": [
              0,
              0,
              0
            ]
          }
        },
        "leftPupil": {
          "position": {
            "0.0": [
              0,
              0,
              0
            ],
            "0.08": [
              0.07,
              0,
              0
            ],
            "0.16": [
              0.52,
              0,
              0
            ],
            "0.28": [
              0.75,
              0,
              0
            ],
            "1.36": [
              0.75,
              0,
              0
            ],
            "1.4": [
              0.73,
              0,
              0
            ],
            "1.48": [
              0.66,
              0,
              0
            ],
            "1.56": [
              0.625,
              0,
              0
            ],
            "2.52": [
              0.62,
              0,
              0
            ],
            "2.6": [
              0.5,
              0,
              0
            ],
            "2.68": [
              0.19,
              0,
              0
            ],
            "2.88": [
              0,
              0,
              0
            ]
          }
        },
        "rightPupil": {
          "position": {
            "0.0": [
              0,
              0,
              0
            ],
            "0.08": [
              0.07,
              0,
              0
            ],
            "0.16": [
              0.52,
              0,
              0
            ],
            "0.28": [
              0.75,
              0,
              0
            ],
            "1.36": [
              0.75,
              0,
              0
            ],
            "1.4": [
              0.73,
              0,
              0
            ],
            "1.48": [
              0.66,
              0,
              0
            ],
            "1.56": [
              0.625,
              0,
              0
            ],
            "2.52": [
              0.62,
              0,
              0
            ],
            "2.6": [
              0.5,
              0,
              0
            ],
            "2.68": [
              0.19,
              0,
              0
            ],
            "2.88": [
              0,
              0,
              0
            ]
          }
        },
        "mouth": {
          "rotation": {
            "0.04": [
              0,
              0,
              0
            ],
            "0.16": [
              0,
              0,
              1.67
            ],
            "0.24": [
              0,
              0,
              2.5
            ],
            "2.56": [
              0,
              0,
              2.5
            ],
            "2.68": [
              0,
              0,
              0
            ]
          },
          "scale": {
            "0.04": [
              1,
              1,
              1
            ],
            "0.16": [
              1,
              0.9333,
              1
            ],
            "0.24": [
              1,
              0.9,
              1
            ],
            "2.56": [
              1,
              0.9,
              1
            ],
            "2.68": [
              1,
              1,
              1
            ]
          }
        }
      }
    },
    "animation.hive.sonic.badnik.grabber.drop": {
      "loop": "hold_on_last_frame",
      "animation_length": 5.84,
      "bones": {
        "dropPositionMultiplier": {
          "position": {
            "0.52": [
              0,
              0,
              0
            ],
            "0.56": [
              0,
              -0.325,
              0
            ],
            "0.72": [
              0,
              "-16 + ((query.variant * -16) + 16)",
              0
            ],
            "1.88": [
              0,
              "-16 + ((query.variant * -16) + 16)",
              0
            ],
            "1.96": [
              0,
              "-16.14 + ((query.variant * -16) + 16)",
              0
            ],
            "2.0": [
              0,
              "-16.275 + ((query.variant * -16) + 16)",
              0
            ],
            "2.04": [
              0,
              "-15.52 + ((query.variant * -16) + 16)",
              0
            ],
            "3.72": [
              0,
              0,
              0
            ]
          }
        },
        "rotation": {
          "rotation": {
            "0.0": [
              0,
              0,
              0
            ],
            "0.04": [
              0,
              0,
              -0.5
            ],
            "0.08": [
              0,
              0,
              0
            ],
            "0.12": [
              0,
              0,
              -0.5
            ],
            "0.16": [
              0,
              0,
              -0.5
            ],
            "0.2": [
              0,
              0,
              0
            ],
            "0.24": [
              0,
              0,
              -0.5
            ],
            "0.28": [
              0,
              0,
              -0.5
            ],
            "0.32": [
              0,
              0,
              0
            ],
            "0.36": [
              0,
              0,
              -0.5
            ],
            "0.4": [
              0,
              0,
              -0.825
            ],
            "0.44": [
              0,
              0,
              0.7
            ],
            "0.48": [
              0,
              0,
              0
            ],
            "0.56": [
              0,
              0,
              0
            ],
            "0.64": [
              -2.5,
              0,
              0
            ],
            "0.72": [
              -2.5,
              0,
              0
            ],
            "0.76": [
              7.5,
              0,
              0
            ],
            "0.88": [
              2.5,
              0,
              0
            ],
            "0.96": [
              3.5,
              0,
              0
            ],
            "1.08": [
              4.4,
              0,
              0
            ],
            "1.16": [
              4.6,
              0,
              0
            ],
            "1.24": [
              4.37,
              0,
              0
            ],
            "1.36": [
              4.26,
              0,
              0
            ],
            "2.0": [
              4.26,
              0,
              0
            ],
            "2.6": [
              1.69,
              0,
              0
            ],
            "2.92": [
              0.75,
              0,
              0
            ],
            "3.36": [
              0,
              0,
              0
            ]
          },
          "position": {
            "0.28": [
              0,
              0,
              0
            ],
            "0.32": [
              0,
              0.075,
              0
            ],
            "0.36": [
              0,
              -0.07,
              0
            ],
            "0.4": [
              0,
              0.075,
              0
            ],
            "0.44": [
              0,
              -0.07,
              0
            ],
            "0.48": [
              0,
              0.15,
              0
            ],
            "0.52": [
              0,
              0.1,
              0
            ],
            "0.56": [
              0,
              -0.62,
              0
            ],
            "0.72": [
              0,
              0,
              0
            ],
            "0.76": [
              0,
              0.6,
              0
            ],
            "0.8": [
              0,
              -0.145,
              0
            ],
            "0.84": [
              0,
              -0.145,
              0
            ],
            "0.92": [
              0,
              -0.05,
              0
            ],
            "1.08": [
              0,
              0,
              0
            ],
            "3.72": [
              0,
              0,
              0
            ],
            "3.76": [
              0,
              0.55,
              0
            ],
            "3.8": [
              0,
              -0.025,
              0
            ],
            "3.88": [
              0,
              0.205,
              0
            ],
            "4.0": [
              0,
              0,
              0
            ],
            "4.52": [
              0,
              0,
              0
            ],
            "4.6": [
              0,
              0.225,
              0
            ],
            "4.68": [
              0,
              0.08,
              0
            ],
            "4.76": [
              0,
              0.1,
              0
            ],
            "4.88": [
              0,
              0,
              0
            ]
          }
        },
        "head": {
          "rotation": {
            "0.52": [
              0,
              0,
              0
            ],
            "0.6": [
              -7.5,
              0,
              0
            ],
            "0.68": [
              -15,
              0,
              0
            ],
            "0.72": [
              -17.5,
              0,
              0
            ],
            "0.76": [
              -12.5,
              0,
              0
            ],
            "0.8": [
              17.5,
              0,
              0
            ],
            "0.92": [
              12.5,
              0,
              0
            ],
            "1.08": [
              15,
              0,
              0
            ],
            "1.24": [
              13.75,
              0,
              0
            ],
            "1.92": [
              13.75,
              0,
              0
            ],
            "2.0": [
              12.5,
              0,
              0
            ],
            "2.04": [
              20.25,
              0,
              0
            ],
            "2.12": [
              23.58,
              0,
              0
            ],
            "2.28": [
              25.25,
              0,
              0
            ],
            "3.76": [
              20.25,
              0,
              0
            ],
            "3.8": [
              17.75,
              0,
              0
            ],
            "3.84": [
              18.75,
              0,
              0
            ],
            "3.96": [
              18.75,
              0,
              0
            ],
            "4.52": [
              18.75,
              0,
              0
            ],
            "4.6": [
              20.81,
              0,
              0
            ],
            "4.72": [
              19.25,
              0,
              0
            ],
            "5.08": [
              19.25,
              0,
              0
            ],
            "5.52": [
              19.25,
              0,
              0
            ],
            "5.64": [
              -1.75,
              0,
              0
            ],
            "5.68": [
              1.25,
              0,
              0
            ],
            "5.72": [
              0.63,
              0,
              0
            ],
            "5.8": [
              0,
              0,
              0
            ]
          }
        },
        "eye_left": {
          "scale": {
            "0.52": [
              1,
              1,
              1
            ],
            "0.56": [
              1.1,
              1.1,
              1
            ],
            "0.6": [
              1.1,
              1.4,
              1
            ],
            "0.64": [
              1.1,
              1.4,
              1
            ],
            "0.76": [
              1,
              1,
              1
            ],
            "5.48": [
              1,
              1,
              1
            ],
            "5.56": [
              1,
              0.5,
              1
            ],
            "5.6": [
              1,
              0.9,
              1
            ],
            "5.64": [
              1,
              1,
              1
            ]
          }
        },
        "leftPupil": {
          "position": {
            "0.0": [
              0,
              0,
              0
            ],
            "0.04": [
              -0.04,
              -0.17,
              0
            ],
            "0.08": [
              -0.21,
              -0.83,
              0
            ],
            "0.2": [
              -0.25,
              -1,
              0
            ],
            "0.68": [
              -0.25,
              -1,
              0
            ],
            "0.8": [
              -0.1,
              -1,
              0
            ],
            "0.92": [
              -0.1,
              -0.75,
              0
            ],
            "1.04": [
              -0.1,
              -1,
              0
            ],
            "1.12": [
              -0.1,
              -0.92,
              0
            ],
            "5.52": [
              -0.1,
              -0.92,
              0
            ],
            "5.64": [
              0,
              0,
              0
            ]
          }
        },
        "eye_right": {
          "scale": {
            "0.52": [
              1,
              1,
              1
            ],
            "0.56": [
              1.1,
              1.1,
              1
            ],
            "0.6": [
              1.1,
              1.4,
              1
            ],
            "0.64": [
              1.1,
              1.4,
              1
            ],
            "0.76": [
              1,
              1,
              1
            ],
            "5.52": [
              1,
              1,
              1
            ],
            "5.6": [
              1,
              0.5,
              1
            ],
            "5.64": [
              1,
              0.9,
              1
            ],
            "5.68": [
              1,
              1,
              1
            ]
          }
        },
        "rightPupil": {
          "position": {
            "0.0": [
              0,
              0,
              0
            ],
            "0.04": [
              0.04,
              -0.17,
              0
            ],
            "0.08": [
              0.21,
              -0.83,
              0
            ],
            "0.2": [
              0.25,
              -1,
              0
            ],
            "0.68": [
              0.25,
              -1,
              0
            ],
            "0.8": [
              0.1,
              -1,
              0
            ],
            "0.92": [
              0.1,
              -0.75,
              0
            ],
            "1.04": [
              0.1,
              -1,
              0
            ],
            "1.12": [
              0.1,
              -0.92,
              0
            ],
            "5.52": [
              0.1,
              -0.92,
              0
            ],
            "5.64": [
              0,
              0,
              0
            ]
          }
        },
        "mouth": {
          "scale": {
            "0.6": [
              1,
              1,
              1
            ],
            "0.68": [
              1,
              1.8,
              1
            ],
            "0.72": [
              1,
              1.5,
              1
            ],
            "0.76": [
              1,
              1,
              1
            ]
          }
        },
        "LeftLegs": {
          "rotation": {
            "0.0": [
              0,
              0,
              0
            ],
            "0.52": [
              0,
              0,
              -15
            ],
            "0.6": [
              0,
              0,
              -35
            ],
            "0.68": [
              0,
              0,
              -47.5
            ],
            "0.72": [
              0,
              0,
              -72.5
            ],
            "0.76": [
              0,
              0,
              0
            ],
            "0.8": [
              0,
              0,
              5
            ],
            "0.88": [
              0,
              0,
              0
            ],
            "4.52": [
              0,
              0,
              0
            ],
            "4.6": [
              0,
              0,
              -20
            ],
            "4.68": [
              0,
              0,
              -17.5
            ],
            "4.8": [
              0,
              0,
              -19
            ],
            "4.92": [
              0,
              0,
              -19.75
            ],
            "5.52": [
              0,
              0,
              -19.75
            ],
            "5.64": [
              0,
              0,
              2.25
            ],
            "5.72": [
              0,
              0,
              -1
            ],
            "5.84": [
              0,
              0,
              0
            ]
          }
        },
        "leftleg1Top": {
          "rotation": {
            "0.68": [
              0,
              0,
              0
            ],
            "0.72": [
              0,
              0,
              0
            ],
            "0.76": [
              0,
              0,
              -7.5
            ],
            "0.8": [
              0,
              0,
              0
            ]
          },
          "position": {
            "0.72": [
              0,
              0,
              0
            ],
            "0.8": [
              0,
              0,
              0
            ]
          },
          "scale": {
            "0.72": [
              1,
              1,
              1
            ],
            "0.76": [
              0.7,
              4.4,
              1
            ],
            "0.8": [
              1,
              1,
              1
            ]
          }
        },
        "bone": {
          "rotation": {
            "0.6": [
              0,
              0,
              0
            ],
            "0.68": [
              0,
              0,
              -37.5
            ],
            "0.72": [
              0,
              0,
              -42.5
            ],
            "0.76": [
              0,
              0,
              -52.5
            ],
            "0.8": [
              0,
              0,
              0
            ]
          }
        },
        "bone2": {
          "rotation": {
            "0.68": [
              0,
              0,
              0
            ],
            "0.76": [
              0,
              0,
              102.5
            ],
            "0.8": [
              0,
              0,
              0
            ]
          }
        },
        "RightLegs": {
          "rotation": {
            "0.0": [
              0,
              0,
              0
            ],
            "0.52": [
              0,
              0,
              15
            ],
            "0.6": [
              0,
              0,
              35
            ],
            "0.68": [
              0,
              0,
              47.5
            ],
            "0.72": [
              0,
              0,
              72.5
            ],
            "0.76": [
              0,
              0,
              0
            ],
            "0.8": [
              0,
              0,
              -5
            ],
            "0.88": [
              0,
              0,
              0
            ],
            "4.52": [
              0,
              0,
              0
            ],
            "4.6": [
              0,
              0,
              20
            ],
            "4.68": [
              0,
              0,
              17.5
            ],
            "4.8": [
              0,
              0,
              19
            ],
            "4.92": [
              0,
              0,
              19.75
            ],
            "5.52": [
              0,
              0,
              19.75
            ],
            "5.64": [
              0,
              0,
              -2.25
            ],
            "5.72": [
              0,
              0,
              1
            ],
            "5.84": [
              0,
              0,
              0
            ]
          }
        },
        "rightleg1Top": {
          "rotation": {
            "0.68": [
              0,
              0,
              0
            ],
            "0.72": [
              0,
              0,
              0
            ],
            "0.76": [
              0,
              0,
              7.5
            ],
            "0.8": [
              0,
              0,
              0
            ]
          },
          "position": {
            "0.72": [
              0,
              0,
              0
            ],
            "0.8": [
              0,
              0,
              0
            ]
          },
          "scale": {
            "0.72": [
              1,
              1,
              1
            ],
            "0.76": [
              0.7,
              4.4,
              1
            ],
            "0.8": [
              1,
              1,
              1
            ]
          }
        },
        "bone9": {
          "rotation": {
            "0.6": [
              0,
              0,
              0
            ],
            "0.68": [
              0,
              0,
              37.5
            ],
            "0.72": [
              0,
              0,
              42.5
            ],
            "0.76": [
              0,
              0,
              52.5
            ],
            "0.8": [
              0,
              0,
              0
            ]
          }
        },
        "bone10": {
          "rotation": {
            "0.68": [
              0,
              0,
              0
            ],
            "0.76": [
              0,
              0,
              -102.5
            ],
            "0.8": [
              0,
              0,
              0
            ]
          }
        },
        "rear": {
          "rotation": {
            "0.52": [
              0,
              0,
              0
            ],
            "0.6": [
              5,
              0,
              0
            ],
            "0.64": [
              15,
              0,
              0
            ],
            "0.72": [
              15,
              0,
              0
            ],
            "0.8": [
              0,
              0,
              0
            ]
          }
        },
        "cable": {
          "scale": {
            "0.52": [
              1,
              1,
              1
            ],
            "0.72": [
              1,
              "query.variant + 0.2",
              1
            ],
            "0.8": [
              1,
              "query.variant + 0.2",
              1
            ],
            "0.88": [
              1,
              "query.variant + 0.2",
              1
            ],
            "2.08": [
              1,
              "query.variant + 0.2",
              1
            ],
            "3.88": [
              1,
              1,
              1
            ]
          }
        }
      }
    }
  }
}