{
  "format_version": "1.8.0",
  "animations": {
    "animation.hive.sonic.badnik.motobug.idle": {
      "loop": true,
      "animation_length": 0.16,
      "bones": {
        "body": {
          "position": {
            "0.0": [
              0,
              0,
              0
            ],
            "0.08": [
              0,
              -0.25,
              0
            ],
            "0.16": [
              0,
              0,
              0
            ]
          }
        },
        "antennas": {
          "rotation": {
            "0.0": [
              0,
              0,
              0
            ],
            "0.04": [
              -1.5,
              0,
              0
            ]
          }
        },
        "arms": {
          "rotation": {
            "0.0": [
              0,
              0,
              0
            ],
            "0.08": [
              -2.5,
              0,
              0
            ],
            "0.12": [
              0,
              0,
              0
            ]
          },
          "position": {
            "0.0": [
              0,
              0,
              0
            ],
            "0.08": [
              0,
              0.13,
              0
            ],
            "0.16": [
              0,
              0,
              0
            ]
          }
        },
        "rockets": {
          "rotation": {
            "0.0": [
              0,
              0,
              0
            ],
            "0.04": [
              -1.5,
              0,
              0
            ],
            "0.08": [
              0,
              0,
              0
            ],
            "0.12": [
              1.5,
              0,
              0
            ]
          },
          "position": {
            "0.0": [
              0,
              0,
              0
            ],
            "0.04": [
              0,
              0.13,
              0
            ],
            "0.08": [
              0,
              0.06,
              0
            ],
            "0.12": [
              0,
              -0.09,
              0
            ]
          }
        }
      }
    },
    "animation.hive.sonic.badnik.motobug.idleLook1": {
      "animation_length": 3.12,
      "bones": {
        "body": {
          "rotation": {
            "0.08": [
              0,
              0,
              0
            ],
            "0.2": [
              0,
              -1.88,
              -1.88
            ],
            "0.28": [
              0,
              -2.5,
              -2.5
            ],
            "1.48": [
              0,
              -2.5,
              -2.5
            ],
            "1.52": [
              0.36,
              -2.14,
              -2.14
            ],
            "1.56": [
              2.5,
              0,
              0
            ],
            "1.76": [
              2.14,
              -0.36,
              -0.36
            ],
            "2.72": [
              2.14,
              -0.36,
              -0.36
            ],
            "2.92": [
              0,
              0,
              0
            ]
          },
          "position": {
            "0.08": [
              0,
              0,
              0
            ],
            "0.2": [
              0,
              -0.63,
              0
            ],
            "0.28": [
              0,
              -0.5,
              0
            ],
            "2.72": [
              0,
              -0.5,
              0
            ],
            "2.92": [
              0,
              0,
              0
            ]
          }
        },
        "head": {
          "rotation": {
            "0.04": [
              0,
              0,
              0
            ],
            "0.12": [
              4,
              -7.5,
              -2.5
            ],
            "0.2": [
              1,
              -15,
              -5
            ],
            "0.32": [
              2.5,
              -15,
              -5
            ],
            "0.4": [
              1.75,
              -15,
              -5
            ],
            "0.48": [
              2,
              -15,
              -5
            ],
            "1.48": [
              2,
              -15,
              -5
            ],
            "1.56": [
              7,
              -12.5,
              -2.5
            ],
            "1.64": [
              6.25,
              -13,
              -3
            ],
            "2.68": [
              6.25,
              -13,
              -3
            ],
            "2.76": [
              8.75,
              -7.8,
              -1.8
            ],
            "2.84": [
              1.94,
              -1.73,
              -0.4
            ],
            "2.92": [
              0,
              0,
              0
            ]
          },
          "position": {
            "0.04": [
              0,
              0,
              0
            ],
            "0.2": [
              0,
              0,
              -1
            ],
            "2.68": [
              0,
              0,
              -1
            ],
            "2.72": [
              0,
              0,
              -0.9
            ],
            "2.8": [
              0,
              0,
              -0.3
            ],
            "2.92": [
              0,
              0,
              0
            ]
          },
          "scale": {
            "2.68": [
              1,
              1,
              1
            ],
            "2.76": [
              1,
              0.9,
              1
            ],
            "2.92": [
              1,
              1,
              1
            ]
          }
        },
        "eyes": {
          "scale": {
            "0.08": [
              1,
              1,
              1
            ],
            "0.12": [
              1,
              0.8,
              1
            ],
            "0.16": [
              1,
              0.7,
              1
            ],
            "0.24": [
              1,
              1.05,
              1
            ],
            "0.32": [
              1,
              1,
              1
            ],
            "2.68": [
              1,
              1,
              1
            ],
            "2.8": [
              1,
              0.8,
              1
            ],
            "2.92": [
              1,
              1.1,
              1
            ],
            "3.0": [
              1,
              1,
              1
            ]
          }
        },
        "antennas": {
          "rotation": {
            "0.04": [
              0,
              0,
              0
            ],
            "0.08": [
              -5,
              0,
              0
            ],
            "0.12": [
              -5,
              0,
              0
            ],
            "0.2": [
              10,
              0,
              0
            ],
            "0.28": [
              -7.5,
              0,
              0
            ],
            "0.36": [
              -2.5,
              0,
              0
            ],
            "0.44": [
              -5,
              0,
              0
            ],
            "1.48": [
              -5,
              0,
              0
            ],
            "1.52": [
              -10,
              0,
              0
            ],
            "1.6": [
              2.5,
              0,
              0
            ],
            "1.68": [
              -2.5,
              0,
              0
            ],
            "1.8": [
              0,
              0,
              0
            ],
            "2.72": [
              0,
              0,
              0
            ],
            "2.8": [
              5,
              0,
              0
            ],
            "3.0": [
              -0.4,
              0,
              0
            ],
            "3.12": [
              0,
              0,
              0
            ]
          }
        },
        "teeth": {
          "scale": {
            "0.08": [
              1,
              1,
              1
            ],
            "0.16": [
              1,
              0.8,
              1
            ],
            "0.28": [
              1,
              1.1,
              1
            ],
            "0.32": [
              1,
              1.05,
              1
            ],
            "0.4": [
              1,
              1,
              1
            ]
          }
        },
        "arms": {
          "position": {
            "0.04": [
              0,
              0,
              0
            ],
            "0.08": [
              0,
              -0.06,
              0
            ],
            "0.12": [
              0,
              -0.25,
              0
            ],
            "0.24": [
              0,
              0.25,
              0
            ],
            "0.36": [
              0,
              0,
              0
            ],
            "0.44": [
              0,
              0.08,
              0
            ],
            "1.48": [
              0,
              0.08,
              0
            ],
            "1.52": [
              0,
              -0.04,
              0
            ],
            "1.6": [
              0,
              -0.42,
              0
            ],
            "1.68": [
              0,
              -0.17,
              0
            ],
            "1.72": [
              0,
              -0.3,
              0
            ],
            "1.8": [
              0,
              -0.24,
              0
            ],
            "2.68": [
              0,
              -0.24,
              0
            ],
            "2.76": [
              0,
              -0.36,
              0
            ],
            "2.8": [
              0,
              -0.49,
              0
            ],
            "2.92": [
              0,
              0.1,
              0
            ],
            "3.0": [
              0,
              0,
              0
            ]
          }
        },
        "rockets": {
          "position": {
            "0.08": [
              0,
              0,
              0
            ],
            "0.12": [
              0,
              -0.25,
              0
            ],
            "0.24": [
              0,
              1,
              0
            ],
            "0.32": [
              0,
              0.75,
              0
            ],
            "0.4": [
              0,
              0.87,
              0
            ],
            "1.48": [
              0,
              0.87,
              0
            ],
            "1.56": [
              0,
              0.7,
              0
            ],
            "1.64": [
              0,
              0.37,
              0
            ],
            "1.76": [
              0,
              0.62,
              0
            ],
            "2.68": [
              0,
              0.62,
              0
            ],
            "2.84": [
              0,
              0,
              0
            ]
          }
        }
      }
    },
    "animation.hive.sonic.badnik.motobug.idleBlink": {
      "animation_length": 0.72,
      "bones": {
        "eyes": {
          "scale": {
            "0.0": [
              1,
              1,
              1
            ],
            "0.08": [
              1,
              0.975,
              1
            ],
            "0.12": [
              1,
              0.9,
              1
            ],
            "0.16": [
              1,
              0.2,
              1
            ],
            "0.24": [
              1,
              0.9,
              1
            ],
            "0.36": [
              1,
              1.05,
              1
            ],
            "0.44": [
              1,
              1,
              1
            ]
          }
        },
        "antennas": {
          "rotation": {
            "0.0": [
              0,
              0,
              0
            ],
            "0.04": [
              0,
              0,
              0
            ],
            "0.12": [
              5.83,
              0,
              0
            ],
            "0.16": [
              7.5,
              0,
              0
            ],
            "0.28": [
              -0.63,
              0,
              0
            ],
            "0.4": [
              -1.67,
              0,
              0
            ],
            "0.56": [
              -0.56,
              0,
              0
            ],
            "0.72": [
              0,
              0,
              0
            ]
          },
          "scale": 1
        },
        "arms": {
          "position": {
            "0.08": [
              0,
              0,
              0
            ],
            "0.12": [
              0,
              -0.04,
              0
            ],
            "0.2": [
              0,
              -0.25,
              0
            ],
            "0.4": [
              0,
              0.14,
              0
            ],
            "0.56": [
              0,
              0,
              0
            ]
          }
        }
      }
    },
    "animation.hive.sonic.badnik.motobug.walk": {
      "loop": true,
      "animation_length": 0.88,
      "bones": {
        "body": {
          "scale": {
            "0.0": [
              1,
              1,
              1
            ],
            "0.08": [
              1,
              0.95,
              1
            ],
            "0.16": [
              1,
              0.9833,
              1
            ],
            "0.32": [
              1,
              1,
              1
            ],
            "0.48": [
              1,
              1,
              1
            ],
            "0.6": [
              1,
              0.95,
              1
            ],
            "0.72": [
              1,
              1,
              1
            ]
          }
        },
        "head": {
          "rotation": {
            "0.0": [
              0,
              0,
              0
            ],
            "0.04": [
              -1,
              0,
              0
            ],
            "0.08": [
              -0.5,
              0,
              0
            ],
            "0.16": [
              1.25,
              0,
              0
            ],
            "0.28": [
              0.25,
              0,
              0
            ],
            "0.44": [
              -0.5,
              0,
              0
            ],
            "0.64": [
              0.16,
              0,
              0
            ],
            "0.84": [
              0,
              0,
              0
            ]
          }
        },
        "arms": {
          "rotation": {
            "0.08": [
              0,
              0,
              0
            ],
            "0.2": [
              9.75,
              0,
              0
            ],
            "0.32": [
              11,
              0,
              0
            ],
            "0.4": [
              11.25,
              0,
              0
            ],
            "0.48": [
              11,
              0,
              0
            ],
            "0.56": [
              9.75,
              0,
              0
            ],
            "0.72": [
              0,
              0,
              0
            ],
            "0.8": [
              -0.5,
              0,
              0
            ],
            "0.88": [
              0,
              0,
              0
            ]
          }
        },
        "rockets": {
          "scale": {
            "0.08": [
              1,
              1,
              1
            ],
            "0.12": [
              1,
              1.1,
              1
            ],
            "0.24": [
              1,
              1,
              1
            ],
            "0.32": [
              1,
              1.1,
              1
            ],
            "0.44": [
              1,
              1,
              1
            ]
          }
        }
      }
    },
    "animation.hive.sonic.badnik.motobug.boost": {
      "animation_length": 2.44,
      "bones": {
        "root": {
          "rotation": {
            "0.0": [
              0,
              0,
              0
            ],
            "0.08": [
              0.31,
              0,
              0
            ],
            "0.12": [
              2.5,
              0,
              0
            ],
            "0.16": [
              0,
              0,
              0
            ],
            "0.24": [
              -1.67,
              0,
              0
            ],
            "0.32": [
              -2.22,
              0,
              0
            ],
            "0.4": [
              -2.5,
              0,
              0
            ],
            "0.48": [
              -1.67,
              0,
              0
            ],
            "0.52": [
              0.62,
              0,
              0
            ],
            "0.6": [
              2,
              0,
              0
            ],
            "2.4": [
              3,
              0,
              0
            ]
          },
          "scale": {
            "0.0": [
              1,
              1,
              1
            ],
            "0.08": [
              1,
              0.9875,
              1
            ],
            "0.12": [
              1,
              0.9,
              1
            ],
            "0.2": [
              1,
              1.05,
              1
            ],
            "0.28": [
              1,
              1,
              1
            ]
          }
        },
        "body": {
          "position": {
            "0.16": [
              0,
              0,
              0
            ],
            "0.24": [
              0,
              0,
              0.75
            ],
            "0.28": [
              0,
              0,
              0.94
            ],
            "0.36": [
              0,
              0,
              1
            ],
            "0.48": [
              0,
              0,
              1
            ],
            "0.52": [
              0,
              0,
              0.56
            ],
            "0.6": [
              0,
              0,
              -2
            ],
            "2.4": [
              0,
              0,
              -2.25
            ]
          },
          "scale": {
            "0.16": [
              1,
              1,
              1
            ],
            "0.2": [
              1,
              1,
              0.92
            ],
            "0.44": [
              1,
              1,
              0.9
            ],
            "0.52": [
              1,
              1,
              1
            ]
          }
        },
        "head": {
          "rotation": {
            "0.08": [
              0,
              0,
              0
            ],
            "0.12": [
              -2.5,
              0,
              0
            ],
            "0.16": [
              10,
              0,
              0
            ],
            "0.2": [
              5,
              0,
              0
            ],
            "0.28": [
              1.67,
              0,
              0
            ],
            "0.4": [
              0,
              0,
              0
            ],
            "0.48": [
              -2.5,
              0,
              0
            ],
            "0.6": [
              3.33,
              0,
              0
            ],
            "0.64": [
              -0.28,
              0,
              0
            ],
            "0.68": [
              2.36,
              0,
              0
            ],
            "0.72": [
              -0.5,
              0,
              0
            ],
            "0.8": [
              1.36,
              0,
              0
            ],
            "0.88": [
              -0.5,
              0,
              0
            ],
            "0.96": [
              0.36,
              0,
              0
            ],
            "1.04": [
              -0.5,
              0,
              0
            ]
          },
          "scale": {
            "0.48": [
              1,
              1,
              1
            ],
            "0.56": [
              1,
              1,
              1.2
            ],
            "1.12": [
              1,
              1,
              1.2
            ]
          }
        },
        "eyes": {
          "rotation": {
            "0.08": [
              0,
              0,
              0
            ],
            "0.12": [
              5,
              0,
              0
            ],
            "0.24": [
              0,
              0,
              0
            ]
          },
          "position": {
            "0.08": [
              0,
              0,
              0
            ],
            "0.12": [
              0,
              -1,
              0
            ],
            "0.16": [
              0,
              0,
              0
            ],
            "0.24": [
              0,
              0,
              0
            ]
          },
          "scale": {
            "0.08": [
              1,
              1,
              1
            ],
            "0.12": [
              1,
              0.6,
              1
            ],
            "0.16": [
              1,
              0.4,
              1
            ],
            "0.24": [
              1,
              1,
              1
            ]
          }
        },
        "antennas": {
          "rotation": {
            "0.08": [
              0,
              0,
              0
            ],
            "0.16": [
              -5,
              0,
              0
            ],
            "0.2": [
              17.5,
              0,
              0
            ],
            "0.28": [
              5.83,
              0,
              0
            ],
            "0.4": [
              0,
              0,
              0
            ],
            "0.48": [
              -2.5,
              0,
              0
            ],
            "0.52": [
              -11.25,
              0,
              0
            ],
            "0.6": [
              2.5,
              0,
              0
            ],
            "0.72": [
              0,
              0,
              0
            ]
          }
        },
        "arms": {
          "rotation": {
            "0.44": [
              0,
              0,
              0
            ],
            "0.48": [
              7.58,
              0,
              0
            ],
            "0.56": [
              27.5,
              0,
              0
            ],
            "0.64": [
              30,
              0,
              0
            ],
            "0.68": [
              27.5,
              0,
              0
            ],
            "0.72": [
              30,
              0,
              0
            ],
            "0.76": [
              27.5,
              0,
              0
            ],
            "0.8": [
              30,
              0,
              0
            ],
            "0.84": [
              27.5,
              0,
              0
            ],
            "0.88": [
              30,
              0,
              0
            ],
            "0.92": [
              27.5,
              0,
              0
            ],
            "0.96": [
              30,
              0,
              0
            ],
            "1.0": [
              27.5,
              0,
              0
            ],
            "1.04": [
              30,
              0,
              0
            ],
            "1.08": [
              27.5,
              0,
              0
            ],
            "1.12": [
              30,
              0,
              0
            ],
            "1.16": [
              27.5,
              0,
              0
            ],
            "1.2": [
              30,
              0,
              0
            ],
            "1.24": [
              27.5,
              0,
              0
            ],
            "1.28": [
              30,
              0,
              0
            ],
            "1.32": [
              27.5,
              0,
              0
            ],
            "1.36": [
              30,
              0,
              0
            ],
            "1.4": [
              27.5,
              0,
              0
            ],
            "1.44": [
              30,
              0,
              0
            ],
            "1.48": [
              27.5,
              0,
              0
            ],
            "1.52": [
              30,
              0,
              0
            ],
            "1.56": [
              27.5,
              0,
              0
            ],
            "1.6": [
              30,
              0,
              0
            ],
            "1.64": [
              27.5,
              0,
              0
            ],
            "1.68": [
              30,
              0,
              0
            ],
            "1.72": [
              27.5,
              0,
              0
            ],
            "1.76": [
              30,
              0,
              0
            ],
            "1.8": [
              27.5,
              0,
              0
            ],
            "1.84": [
              30,
              0,
              0
            ],
            "1.88": [
              27.5,
              0,
              0
            ],
            "1.92": [
              30,
              0,
              0
            ],
            "1.96": [
              27.5,
              0,
              0
            ],
            "2.0": [
              30,
              0,
              0
            ],
            "2.04": [
              27.5,
              0,
              0
            ],
            "2.08": [
              30,
              0,
              0
            ],
            "2.12": [
              27.5,
              0,
              0
            ],
            "2.16": [
              30,
              0,
              0
            ],
            "2.2": [
              27.5,
              0,
              0
            ],
            "2.24": [
              30,
              0,
              0
            ],
            "2.28": [
              27.5,
              0,
              0
            ],
            "2.32": [
              30,
              0,
              0
            ],
            "2.36": [
              27.5,
              0,
              0
            ],
            "2.4": [
              30,
              0,
              0
            ]
          },
          "position": {
            "0.08": [
              0,
              0,
              0
            ],
            "0.12": [
              0,
              0,
              0
            ],
            "0.16": [
              0,
              -1,
              0
            ],
            "0.24": [
              0,
              -0.17,
              0
            ],
            "0.36": [
              0,
              0.14,
              0
            ],
            "0.52": [
              0,
              0.25,
              0
            ],
            "0.56": [
              0,
              0.2,
              0
            ],
            "0.6": [
              0,
              -0.06,
              0
            ],
            "0.68": [
              0,
              0,
              0
            ]
          }
        },
        "rockets": {
          "rotation": {
            "0.52": [
              0,
              0,
              0
            ],
            "0.56": [
              -2.5,
              0,
              0
            ],
            "0.6": [
              2.5,
              0,
              0
            ],
            "0.64": [
              -2.5,
              0,
              0
            ],
            "0.68": [
              2.5,
              0,
              0
            ],
            "0.72": [
              -2.5,
              0,
              0
            ],
            "0.76": [
              2.5,
              0,
              0
            ],
            "0.8": [
              -1.5,
              0,
              0
            ],
            "0.84": [
              1.5,
              0,
              0
            ],
            "0.88": [
              -1.5,
              0,
              0
            ],
            "0.92": [
              1.5,
              0,
              0
            ],
            "0.96": [
              -1.5,
              0,
              0
            ],
            "1.0": [
              1.5,
              0,
              0
            ],
            "1.04": [
              -1.5,
              0,
              0
            ],
            "1.08": [
              1.5,
              0,
              0
            ],
            "1.12": [
              -1.5,
              0,
              0
            ],
            "1.16": [
              1.5,
              0,
              0
            ],
            "1.2": [
              -1.5,
              0,
              0
            ],
            "1.24": [
              1.5,
              0,
              0
            ],
            "1.28": [
              -1.5,
              0,
              0
            ],
            "1.32": [
              1.5,
              0,
              0
            ],
            "1.36": [
              -1.5,
              0,
              0
            ],
            "1.4": [
              1.5,
              0,
              0
            ],
            "1.44": [
              -1.5,
              0,
              0
            ],
            "1.48": [
              1.5,
              0,
              0
            ],
            "1.52": [
              -1.5,
              0,
              0
            ],
            "1.56": [
              1.5,
              0,
              0
            ],
            "1.6": [
              -1.5,
              0,
              0
            ],
            "1.64": [
              1.5,
              0,
              0
            ],
            "1.68": [
              -1.5,
              0,
              0
            ],
            "1.72": [
              1.5,
              0,
              0
            ],
            "1.76": [
              -1.5,
              0,
              0
            ],
            "1.8": [
              1.5,
              0,
              0
            ],
            "1.84": [
              -1.5,
              0,
              0
            ],
            "1.88": [
              1.5,
              0,
              0
            ],
            "1.92": [
              -1.5,
              0,
              0
            ],
            "1.96": [
              1.5,
              0,
              0
            ],
            "2.0": [
              -1.5,
              0,
              0
            ],
            "2.04": [
              1.5,
              0,
              0
            ],
            "2.08": [
              -1.5,
              0,
              0
            ],
            "2.12": [
              1.5,
              0,
              0
            ],
            "2.16": [
              -1.5,
              0,
              0
            ],
            "2.2": [
              1.5,
              0,
              0
            ],
            "2.24": [
              -1.5,
              0,
              0
            ],
            "2.28": [
              1.5,
              0,
              0
            ],
            "2.32": [
              -1.5,
              0,
              0
            ],
            "2.36": [
              1.5,
              0,
              0
            ],
            "2.4": [
              -1.5,
              0,
              0
            ],
            "2.44": [
              1.5,
              0,
              0
            ]
          },
          "position": [
            0,
            0,
            0
          ],
          "scale": {
            "0.08": [
              1,
              0.8,
              0.8
            ],
            "0.12": [
              1,
              1.3,
              0.6
            ],
            "0.16": [
              1,
              1.4,
              0.5
            ],
            "0.44": [
              1,
              1.4,
              0.55
            ],
            "0.48": [
              1,
              1.4,
              0.6527
            ],
            "0.52": [
              1,
              1.4,
              1.2688
            ],
            "1.12": [
              1,
              1.4,
              1.3
            ]
          }
        }
      }
    },
    "animation.hive.sonic.badnik.motobug.walkWheel": {
      "loop": true,
      "anim_time_update": "query.modified_distance_moved",
      "bones": {
        "wheel": {
          "rotation": [
            "math.mod((query.anim_time * 50), 360)",
            0,
            0
          ]
        }
      }
    },
    "animation.hive.sonic.badnik.motobug.explode": {
      "loop": "hold_on_last_frame",
      "animation_length": 0.76,
      "bones": {
        "body": {
          "rotation": {
            "0.0": [
              0,
              0,
              0
            ],
            "0.04": [
              7.5,
              0,
              2.5
            ],
            "0.08": [
              -22.5,
              0,
              2.5
            ],
            "0.56": [
              -25,
              0,
              15
            ],
            "0.68": [
              -22.5,
              0,
              22.5
            ]
          },
          "position": {
            "0.0": [
              0,
              0,
              0
            ],
            "0.04": [
              0,
              -1,
              0
            ],
            "0.08": [
              0,
              3,
              0
            ],
            "0.4": [
              0,
              4.13,
              0.72
            ],
            "0.56": [
              0,
              3.425,
              1.075
            ],
            "0.68": [
              0.825,
              1.58,
              1.605
            ]
          },
          "scale": {
            "0.44": [
              1,
              1,
              1
            ],
            "0.56": [
              0.5714,
              0.5714,
              0.5714
            ],
            "0.64": [
              0,
              0,
              0
            ]
          }
        },
        "head": {
          "rotation": {
            "0.0": [
              0,
              0,
              0
            ],
            "0.04": [
              -7.5,
              0,
              0
            ],
            "0.08": [
              17.5,
              0,
              -5
            ],
            "0.44": [
              52.5,
              -2.5,
              -40
            ],
            "0.68": [
              82.5,
              17.5,
              -40
            ]
          },
          "position": {
            "0.08": [
              0,
              0,
              0
            ],
            "0.2": [
              -2,
              1,
              -4.5
            ],
            "0.44": [
              -4,
              -2,
              -9
            ],
            "0.68": [
              -4,
              -6,
              -12
            ]
          },
          "scale": {
            "0.08": [
              1,
              1,
              1
            ],
            "0.36": [
              0.4615,
              0.4615,
              0.4615
            ],
            "0.48": [
              0,
              0,
              0
            ]
          }
        },
        "rightRocket": {
          "rotation": {
            "0.08": [
              0,
              0,
              0
            ],
            "0.4": [
              120,
              25,
              -20
            ]
          },
          "position": {
            "0.08": [
              0,
              0,
              0
            ],
            "0.4": [
              -5,
              -1,
              9
            ]
          },
          "scale": {
            "0.08": [
              1,
              1,
              1
            ],
            "0.4": [
              0,
              0,
              1
            ]
          }
        },
        "leftRocket": {
          "rotation": {
            "0.04": [
              0,
              0,
              0
            ],
            "0.44": [
              67.5,
              25,
              -20
            ]
          },
          "position": {
            "0.04": [
              0,
              0,
              0
            ],
            "0.44": [
              3,
              2,
              10
            ]
          },
          "scale": {
            "0.04": [
              1,
              1,
              1
            ],
            "0.44": [
              0,
              0,
              1
            ]
          }
        },
        "rightArm": {
          "rotation": {
            "0.04": [
              0,
              0,
              0
            ],
            "0.4": [
              107.5,
              -42.5,
              0
            ]
          },
          "position": {
            "0.04": [
              0,
              0,
              0
            ],
            "0.4": [
              0,
              4,
              -9
            ]
          },
          "scale": {
            "0.04": [
              1,
              1,
              1
            ],
            "0.24": [
              1,
              1,
              1
            ],
            "0.44": [
              1,
              0,
              0
            ]
          }
        },
        "leftArm": {
          "rotation": {
            "0.04": [
              -10,
              0,
              0
            ],
            "0.44": [
              -112.5,
              -62.5,
              0
            ]
          },
          "position": {
            "0.04": [
              0,
              0,
              0
            ],
            "0.44": [
              7,
              8,
              -3
            ]
          },
          "scale": {
            "0.24": [
              1,
              1,
              1
            ],
            "0.44": [
              0,
              0,
              0
            ]
          }
        },
        "wheel": {
          "position": {
            "0.04": [
              0,
              0,
              0
            ],
            "0.08": [
              0,
              1,
              1
            ],
            "0.44": [
              0,
              1.625,
              1.45
            ],
            "0.52": [
              0,
              1.63,
              1.45
            ],
            "0.6": [
              0,
              2.13,
              0.45
            ]
          },
          "scale": {
            "0.04": [
              1,
              1,
              1
            ],
            "0.08": [
              1,
              1,
              1
            ],
            "0.44": [
              1,
              1,
              1
            ],
            "0.52": [
              0.6667,
              0.6667,
              0.6667
            ],
            "0.64": [
              0,
              0,
              0
            ]
          }
        }
      }
    }
  }
}