{
  "format_version": "1.8.0",
  "animations": {
    "animation.hive.sonic.badnik.newtron.idle": {
      "loop": true,
      "animation_length": 2.08,
      "bones": {
        "body": {
          "position": {
            "0.0": [
              0,
              0,
              0
            ],
            "0.2": [
              0,
              -0.04,
              0
            ],
            "0.56": [
              0,
              -0.39,
              0
            ],
            "0.76": [
              0,
              -0.46,
              0
            ],
            "1.0": [
              0,
              -0.5,
              0
            ],
            "1.24": [
              0,
              -0.46,
              0
            ],
            "1.44": [
              0,
              -0.39,
              0
            ],
            "1.8": [
              0,
              -0.04,
              0
            ],
            "2.0": [
              0,
              0,
              0
            ],
            "2.08": [
              0,
              0,
              0
            ]
          }
        },
        "Neck": {
          "rotation": {
            "0.0": [
              0,
              0,
              0
            ],
            "0.2": [
              -0.5,
              0,
              0
            ],
            "0.4": [
              -1.66,
              0,
              0
            ],
            "0.48": [
              -1.89,
              0,
              0
            ],
            "0.56": [
              -1.43,
              0,
              0
            ],
            "0.88": [
              1.11,
              0,
              0
            ],
            "1.16": [
              2.19,
              0,
              0
            ],
            "1.4": [
              2.5,
              0,
              0
            ],
            "2.08": [
              0,
              0,
              0
            ]
          }
        },
        "mouth": {
          "rotation": {
            "0.0": [
              1.77,
              0,
              0
            ],
            "0.56": [
              0,
              0,
              0
            ],
            "0.92": [
              1.07,
              0,
              0
            ],
            "1.32": [
              4.36,
              0,
              0
            ],
            "1.48": [
              5,
              0,
              0
            ],
            "1.68": [
              4.64,
              0,
              0
            ],
            "2.08": [
              1.77,
              0,
              0
            ]
          }
        },
        "bodyIK2": {
          "rotation": {
            "0.0": [
              0,
              0,
              0
            ],
            "0.2": [
              0,
              0,
              -0.45
            ],
            "0.56": [
              0,
              0,
              -3.26
            ],
            "0.76": [
              0,
              0,
              -4.05
            ],
            "1.0": [
              0,
              0,
              -4.49
            ],
            "1.24": [
              0,
              0,
              -4.05
            ],
            "1.44": [
              0,
              0,
              -3.26
            ],
            "1.8": [
              0,
              0,
              -0.45
            ],
            "1.96": [
              0,
              0,
              -0.15
            ],
            "2.08": [
              0,
              0,
              0
            ]
          }
        },
        "bodyIK": {
          "rotation": {
            "0.0": [
              0,
              0,
              0
            ],
            "0.2": [
              0,
              0,
              -0.45
            ],
            "0.56": [
              0,
              0,
              -3.26
            ],
            "0.76": [
              0,
              0,
              -4.05
            ],
            "1.0": [
              0,
              0,
              -4.49
            ],
            "1.24": [
              0,
              0,
              -4.05
            ],
            "1.44": [
              0,
              0,
              -3.26
            ],
            "1.8": [
              0,
              0,
              -0.45
            ],
            "1.96": [
              0,
              0,
              -0.15
            ],
            "2.08": [
              0,
              0,
              0
            ]
          }
        },
        "bodyIK3": {
          "rotation": {
            "0.0": [
              0,
              0,
              0
            ],
            "0.2": [
              0,
              0,
              0.45
            ],
            "0.56": [
              0,
              0,
              3.26
            ],
            "0.76": [
              0,
              0,
              4.05
            ],
            "1.0": [
              0,
              0,
              4.49
            ],
            "1.24": [
              0,
              0,
              4.05
            ],
            "1.44": [
              0,
              0,
              3.26
            ],
            "1.8": [
              0,
              0,
              0.45
            ],
            "1.96": [
              0,
              0,
              0.15
            ],
            "2.08": [
              0,
              0,
              0
            ]
          }
        },
        "bodyIK4": {
          "rotation": {
            "0.0": [
              0,
              0,
              0
            ],
            "0.2": [
              0,
              0,
              0.45
            ],
            "0.56": [
              0,
              0,
              3.26
            ],
            "0.76": [
              0,
              0,
              4.05
            ],
            "1.0": [
              0,
              0,
              4.49
            ],
            "1.24": [
              0,
              0,
              4.05
            ],
            "1.44": [
              0,
              0,
              3.26
            ],
            "1.8": [
              0,
              0,
              0.45
            ],
            "1.96": [
              0,
              0,
              0.15
            ],
            "2.08": [
              0,
              0,
              0
            ]
          }
        }
      }
    },
    "animation.hive.sonic.badnik.newtron.idle.tail": {
      "loop": true,
      "animation_length": 3.6,
      "bones": {
        "tail": {
          "rotation": {
            "0.0": [
              -7.5,
              0,
              0
            ],
            "0.32": [
              -7.71,
              0,
              0
            ],
            "1.2": [
              -9.57,
              0,
              0
            ],
            "1.88": [
              -10,
              0,
              0
            ],
            "2.56": [
              -9.42,
              0,
              0
            ],
            "3.16": [
              -7.8,
              0,
              0
            ],
            "3.6": [
              -7.5,
              0,
              0
            ]
          }
        },
        "segment1": {
          "rotation": {
            "0.0": [
              0,
              10,
              0
            ],
            "0.2": [
              0,
              9.775,
              0
            ],
            "0.36": [
              0,
              8.95,
              0
            ],
            "0.56": [
              0,
              6.27,
              0
            ],
            "0.96": [
              0,
              -4.34,
              0
            ],
            "1.2": [
              0,
              -7.55,
              0
            ],
            "1.44": [
              0,
              -9.02,
              0
            ],
            "1.8": [
              0,
              -10,
              0
            ],
            "2.16": [
              0,
              -9.02,
              0
            ],
            "2.4": [
              0,
              -7.55,
              0
            ],
            "2.64": [
              0,
              -4.34,
              0
            ],
            "3.04": [
              0,
              6.27,
              0
            ],
            "3.24": [
              0,
              8.95,
              0
            ],
            "3.4": [
              0,
              9.775,
              0
            ],
            "3.6": [
              0,
              10,
              0
            ]
          }
        },
        "segment2": {
          "rotation": {
            "0.0": [
              0,
              4.27,
              0
            ],
            "0.6": [
              0,
              10.44,
              0
            ],
            "1.04": [
              0,
              12.5,
              0
            ],
            "1.96": [
              0,
              -7.33,
              0
            ],
            "2.4": [
              0,
              -12.5,
              0
            ],
            "2.44": [
              0,
              -12.36,
              0
            ],
            "2.64": [
              0,
              -11.65,
              0
            ],
            "3.6": [
              0,
              4.27,
              0
            ]
          }
        },
        "segment4": {
          "rotation": {
            "0.0": [
              0,
              12.5,
              0
            ],
            "0.8": [
              0,
              12.5,
              0
            ],
            "2.28": [
              0,
              -10.06,
              0
            ],
            "2.64": [
              0,
              -12.5,
              0
            ],
            "3.6": [
              0,
              12.5,
              0
            ]
          }
        },
        "segment6": {
          "rotation": {
            "0.0": [
              0,
              4.27,
              0
            ],
            "0.8": [
              0,
              12.5,
              0
            ],
            "2.52": [
              0,
              -12.5,
              0
            ],
            "3.6": [
              0,
              4.27,
              0
            ]
          }
        }
      }
    },
    "animation.hive.sonic.badnik.newtron.idle.blink": {
      "animation_length": 0.76,
      "bones": {
        "body": {
          "rotation": {
            "0.12": [
              0,
              0,
              0
            ],
            "0.24": [
              0.5,
              0,
              0
            ],
            "0.6": [
              0,
              0,
              0
            ]
          }
        },
        "Neck": {
          "rotation": {
            "0.0": [
              0,
              0,
              0
            ],
            "0.12": [
              1,
              0,
              0
            ],
            "0.2": [
              2.5,
              0,
              0
            ],
            "0.44": [
              -0.5,
              0,
              0
            ],
            "0.6": [
              0,
              0,
              0
            ]
          }
        },
        "leftEye": {
          "scale": {
            "0.0": [
              1,
              1,
              1
            ],
            "0.08": [
              1,
              0.9,
              1
            ],
            "0.16": [
              1,
              0.5,
              1
            ],
            "0.2": [
              1,
              0.2,
              1
            ],
            "0.28": [
              1,
              1.04,
              1
            ],
            "0.36": [
              1,
              1,
              1
            ]
          }
        },
        "rightEye": {
          "scale": {
            "0.0": [
              1,
              1,
              1
            ],
            "0.08": [
              1,
              0.9,
              1
            ],
            "0.16": [
              1,
              0.5,
              1
            ],
            "0.2": [
              1,
              0.2,
              1
            ],
            "0.28": [
              1,
              1.04,
              1
            ],
            "0.36": [
              1,
              1,
              1
            ]
          }
        },
        "mouth": {
          "position": {
            "0.08": [
              0,
              0,
              0
            ],
            "0.16": [
              0,
              0.16,
              0
            ],
            "0.24": [
              0,
              1,
              0
            ],
            "0.4": [
              0,
              -0.175,
              0
            ],
            "0.56": [
              0,
              0,
              0
            ]
          }
        },
        "tail": {
          "rotation": {
            "0.0": [
              0,
              0,
              0
            ],
            "0.2": [
              -2.5,
              0,
              0
            ],
            "0.24": [
              -5,
              0,
              0
            ],
            "0.52": [
              0.75,
              0,
              0
            ],
            "0.72": [
              0,
              0,
              0
            ]
          }
        },
        "segment3": {
          "rotation": {
            "0.24": [
              0,
              0,
              0
            ],
            "0.28": [
              -2.5,
              0,
              0
            ],
            "0.64": [
              0,
              0,
              0
            ]
          }
        }
      }
    },
    "animation.hive.sonic.badnik.newtron.idle.look.left": {
      "animation_length": 4,
      "bones": {
        "body": {
          "rotation": {
            "0.04": [
              0,
              0,
              0
            ],
            "0.08": [
              0,
              -0.36,
              -0.36
            ],
            "0.2": [
              0,
              -2.5,
              -2.5
            ],
            "1.64": [
              0,
              -2.5,
              -2.5
            ],
            "1.8": [
              -0.75,
              -2.5,
              -2.5
            ],
            "1.88": [
              2,
              -2.5,
              -2.5
            ],
            "2.04": [
              0.4,
              -2.5,
              -2.5
            ],
            "2.24": [
              0,
              -2.5,
              -2.5
            ],
            "3.52": [
              0,
              -2.5,
              -2.5
            ],
            "3.84": [
              0,
              0,
              0
            ]
          },
          "position": {
            "0.0": [
              0,
              0,
              0
            ],
            "0.04": [
              0,
              -0.05,
              0
            ],
            "0.08": [
              0,
              -0.33,
              0
            ],
            "0.12": [
              0,
              -0.425,
              0
            ],
            "0.2": [
              0,
              -0.08,
              0
            ],
            "0.32": [
              0,
              0.1,
              0
            ],
            "0.48": [
              0,
              0,
              0
            ],
            "1.64": [
              0,
              0,
              0
            ],
            "1.76": [
              0,
              -0.06,
              0
            ],
            "1.84": [
              0,
              -0.425,
              0
            ],
            "1.92": [
              0,
              -0.14,
              0
            ],
            "2.08": [
              0,
              -0.05,
              0
            ],
            "2.2": [
              0,
              0,
              0
            ],
            "3.52": [
              0,
              0,
              0
            ],
            "3.56": [
              0,
              -0.09,
              0
            ],
            "3.6": [
              0,
              -0.275,
              0
            ],
            "3.68": [
              0,
              -0.09,
              0
            ],
            "3.76": [
              0,
              -0.03,
              0
            ],
            "3.84": [
              0,
              0,
              0
            ]
          },
          "scale": {
            "0.04": [
              1,
              1,
              1
            ],
            "0.12": [
              1,
              0.95,
              1
            ],
            "0.2": [
              1,
              1,
              1
            ]
          }
        },
        "Neck": {
          "rotation": {
            "0.0": [
              0,
              0,
              0
            ],
            "0.08": [
              -1.25,
              0,
              0
            ],
            "0.12": [
              6.25,
              -6.14,
              -1.36
            ],
            "0.2": [
              -1.25,
              -18.41,
              -4.09
            ],
            "0.32": [
              -1.25,
              -21.48,
              -4.77
            ],
            "0.48": [
              -1.25,
              -22.5,
              -5
            ],
            "1.76": [
              -1.25,
              -22.5,
              -5
            ],
            "1.84": [
              -4,
              -22.5,
              -5
            ],
            "1.92": [
              0.07,
              -18.5,
              -3.67
            ],
            "2.0": [
              -1.43,
              -18.5,
              -3.67
            ],
            "2.16": [
              -2.18,
              -18.5,
              -3.67
            ],
            "3.52": [
              -2.18,
              -18.5,
              -3.67
            ],
            "3.6": [
              -2.04,
              -17.34,
              -3.44
            ],
            "3.68": [
              0.97,
              -13,
              -1.33
            ],
            "3.76": [
              2.65,
              -5.78,
              0.52
            ],
            "3.84": [
              0.88,
              -1.93,
              0.17
            ],
            "4.0": [
              0,
              0,
              0
            ]
          },
          "position": {
            "0.08": [
              0,
              0,
              0
            ],
            "0.2": [
              0,
              0,
              -0.41
            ],
            "0.32": [
              0,
              0,
              -0.48
            ],
            "0.48": [
              0,
              0,
              -0.5
            ],
            "3.52": [
              0,
              0,
              -0.5
            ],
            "3.84": [
              0,
              0,
              0
            ]
          }
        },
        "leftEye": {
          "scale": {
            "0.12": [
              1,
              1,
              1
            ],
            "0.2": [
              1,
              0.6,
              1
            ],
            "0.28": [
              1,
              1.03,
              1
            ],
            "0.36": [
              1,
              1,
              1
            ],
            "1.88": [
              1,
              1,
              1
            ],
            "1.96": [
              1,
              0.6,
              1
            ],
            "2.04": [
              1,
              1.03,
              1
            ],
            "2.12": [
              1,
              1,
              1
            ]
          }
        },
        "rightEye": {
          "scale": {
            "0.12": [
              1,
              1,
              1
            ],
            "0.2": [
              1,
              0.6,
              1
            ],
            "0.28": [
              1,
              1.03,
              1
            ],
            "0.36": [
              1,
              1,
              1
            ],
            "1.88": [
              1,
              1,
              1
            ],
            "1.96": [
              1,
              0.6,
              1
            ],
            "2.04": [
              1,
              1.03,
              1
            ],
            "2.12": [
              1,
              1,
              1
            ]
          }
        },
        "mouth": {
          "rotation": {
            "0.12": [
              0,
              0,
              0
            ],
            "0.2": [
              12.5,
              0,
              0
            ],
            "0.32": [
              6.25,
              0,
              0
            ],
            "0.44": [
              5,
              0,
              0
            ],
            "0.64": [
              6.25,
              0,
              0
            ],
            "1.76": [
              6.25,
              0,
              0
            ],
            "1.84": [
              3.75,
              0,
              0
            ],
            "1.88": [
              2.5,
              0,
              0
            ],
            "2.0": [
              6.5,
              0,
              0
            ],
            "2.16": [
              4.5,
              0,
              0
            ],
            "3.52": [
              4.5,
              0,
              0
            ],
            "3.6": [
              3.53,
              0,
              0
            ],
            "3.72": [
              1.1,
              0,
              0
            ],
            "3.88": [
              0,
              0,
              0
            ]
          }
        },
        "segment1": {
          "rotation": {
            "0.04": [
              0,
              0,
              0
            ],
            "0.08": [
              0.5,
              0,
              0
            ],
            "0.16": [
              -2.75,
              -3.88,
              0
            ],
            "0.32": [
              -0.95,
              -6.2,
              0
            ],
            "0.48": [
              -0.15,
              -7.23,
              0
            ],
            "0.76": [
              0.25,
              -7.75,
              0
            ],
            "1.8": [
              0.25,
              -7.75,
              0
            ],
            "1.88": [
              -4.75,
              -7.75,
              0
            ],
            "2.04": [
              -0.75,
              -7.75,
              0
            ],
            "2.32": [
              0.25,
              -7.75,
              0
            ],
            "3.44": [
              0.25,
              -7.75,
              0
            ],
            "3.6": [
              0.18,
              -5.68,
              0
            ],
            "3.76": [
              0.05,
              -1.55,
              0
            ],
            "3.92": [
              0,
              0,
              0
            ]
          }
        },
        "leg1": {
          "rotation": {
            "0.08": [
              0,
              0,
              0
            ],
            "0.12": [
              -0.22,
              -0.65,
              0
            ],
            "0.16": [
              -2.61,
              -7.82,
              -7.5
            ],
            "0.2": [
              -5,
              -15,
              0
            ],
            "1.76": [
              -5,
              -15,
              0
            ],
            "1.84": [
              -3.57,
              -10.71,
              -5
            ],
            "1.88": [
              -2.98,
              -8.93,
              -10
            ],
            "1.92": [
              -11.49,
              -7.21,
              -7
            ],
            "1.96": [
              0,
              0,
              0
            ]
          },
          "position": {
            "0.08": [
              0,
              0,
              0
            ],
            "0.2": [
              1.75,
              0,
              -0.125
            ],
            "1.76": [
              1.75,
              0,
              -0.13
            ],
            "1.84": [
              1.25,
              0,
              -0.09
            ],
            "1.88": [
              1.04,
              0,
              -0.08
            ],
            "1.96": [
              0,
              0,
              0
            ]
          }
        },
        "bodyIK2": {
          "rotation": {
            "0.0": [
              0,
              0,
              0
            ],
            "0.04": [
              0,
              0,
              -0.83
            ],
            "0.12": [
              0,
              0,
              -5
            ],
            "0.2": [
              0,
              0,
              0
            ],
            "3.8": [
              0,
              0,
              0
            ]
          }
        },
        "lowerleg": {
          "rotation": {
            "0.08": [
              0,
              0,
              0
            ],
            "0.12": [
              0,
              0,
              5
            ],
            "0.16": [
              0,
              0,
              17.5
            ],
            "0.2": [
              0,
              0,
              -12.5
            ],
            "0.24": [
              0,
              0,
              0
            ],
            "1.88": [
              0,
              0,
              0
            ],
            "1.92": [
              0,
              0,
              10
            ],
            "1.96": [
              0,
              0,
              0
            ]
          },
          "position": {
            "0.16": [
              0,
              0,
              0
            ],
            "0.2": [
              -1.475,
              -0.275,
              0
            ],
            "0.24": [
              0,
              0,
              0
            ],
            "1.88": [
              0,
              0,
              0
            ],
            "1.92": [
              -1.025,
              -0.4,
              0
            ],
            "1.96": [
              0,
              0,
              0
            ],
            "2.0": [
              0,
              0,
              0
            ]
          }
        }
      }
    },
    "animation.hive.sonic.badnik.newtron.idle.look.right": {
      "animation_length": 4,
      "bones": {
        "body": {
          "rotation": {
            "0.04": [
              0,
              0,
              0
            ],
            "0.08": [
              0,
              0.36,
              0.36
            ],
            "0.2": [
              0,
              2.5,
              2.5
            ],
            "1.64": [
              0,
              2.5,
              2.5
            ],
            "1.8": [
              -0.75,
              2.5,
              2.5
            ],
            "1.88": [
              2,
              2.5,
              2.5
            ],
            "2.04": [
              0.4,
              2.5,
              2.5
            ],
            "2.24": [
              0,
              2.5,
              2.5
            ],
            "3.52": [
              0,
              2.5,
              2.5
            ],
            "3.84": [
              0,
              0,
              0
            ]
          },
          "position": {
            "0.0": [
              0,
              0,
              0
            ],
            "0.04": [
              0,
              -0.05,
              0
            ],
            "0.08": [
              0,
              -0.33,
              0
            ],
            "0.12": [
              0,
              -0.425,
              0
            ],
            "0.2": [
              0,
              -0.08,
              0
            ],
            "0.32": [
              0,
              0.1,
              0
            ],
            "0.48": [
              0,
              0,
              0
            ],
            "1.64": [
              0,
              0,
              0
            ],
            "1.76": [
              0,
              -0.06,
              0
            ],
            "1.84": [
              0,
              -0.425,
              0
            ],
            "1.92": [
              0,
              -0.14,
              0
            ],
            "2.08": [
              0,
              -0.05,
              0
            ],
            "2.2": [
              0,
              0,
              0
            ],
            "3.52": [
              0,
              0,
              0
            ],
            "3.56": [
              0,
              -0.09,
              0
            ],
            "3.6": [
              0,
              -0.275,
              0
            ],
            "3.68": [
              0,
              -0.09,
              0
            ],
            "3.76": [
              0,
              -0.03,
              0
            ],
            "3.84": [
              0,
              0,
              0
            ]
          },
          "scale": {
            "0.04": [
              1,
              1,
              1
            ],
            "0.12": [
              1,
              0.95,
              1
            ],
            "0.2": [
              1,
              1,
              1
            ]
          }
        },
        "Neck": {
          "rotation": {
            "0.0": [
              0,
              0,
              0
            ],
            "0.08": [
              -1.25,
              0,
              0
            ],
            "0.12": [
              6.25,
              6.14,
              1.36
            ],
            "0.2": [
              -1.25,
              18.41,
              4.09
            ],
            "0.32": [
              -1.25,
              21.48,
              4.77
            ],
            "0.48": [
              -1.25,
              22.5,
              5
            ],
            "1.76": [
              -1.25,
              22.5,
              5
            ],
            "1.84": [
              -4,
              22.5,
              5
            ],
            "1.92": [
              0.07,
              18.5,
              3.67
            ],
            "2.0": [
              -1.43,
              18.5,
              3.67
            ],
            "2.16": [
              -2.18,
              18.5,
              3.67
            ],
            "3.52": [
              -2.18,
              18.5,
              3.67
            ],
            "3.6": [
              -2.04,
              17.34,
              3.44
            ],
            "3.68": [
              0.97,
              13,
              1.33
            ],
            "3.76": [
              2.65,
              5.78,
              -0.52
            ],
            "3.84": [
              0.88,
              1.93,
              -0.17
            ],
            "4.0": [
              0,
              0,
              0
            ]
          },
          "position": {
            "0.08": [
              0,
              0,
              0
            ],
            "0.2": [
              0,
              0,
              -0.41
            ],
            "0.32": [
              0,
              0,
              -0.48
            ],
            "0.48": [
              0,
              0,
              -0.5
            ],
            "3.52": [
              0,
              0,
              -0.5
            ],
            "3.84": [
              0,
              0,
              0
            ]
          }
        },
        "leftEye": {
          "scale": {
            "0.12": [
              1,
              1,
              1
            ],
            "0.2": [
              1,
              0.6,
              1
            ],
            "0.28": [
              1,
              1.03,
              1
            ],
            "0.36": [
              1,
              1,
              1
            ],
            "1.88": [
              1,
              1,
              1
            ],
            "1.96": [
              1,
              0.6,
              1
            ],
            "2.04": [
              1,
              1.03,
              1
            ],
            "2.12": [
              1,
              1,
              1
            ]
          }
        },
        "rightEye": {
          "scale": {
            "0.12": [
              1,
              1,
              1
            ],
            "0.2": [
              1,
              0.6,
              1
            ],
            "0.28": [
              1,
              1.03,
              1
            ],
            "0.36": [
              1,
              1,
              1
            ],
            "1.88": [
              1,
              1,
              1
            ],
            "1.96": [
              1,
              0.6,
              1
            ],
            "2.04": [
              1,
              1.03,
              1
            ],
            "2.12": [
              1,
              1,
              1
            ]
          }
        },
        "mouth": {
          "rotation": {
            "0.12": [
              0,
              0,
              0
            ],
            "0.2": [
              12.5,
              0,
              0
            ],
            "0.32": [
              6.25,
              0,
              0
            ],
            "0.44": [
              5,
              0,
              0
            ],
            "0.64": [
              6.25,
              0,
              0
            ],
            "1.76": [
              6.25,
              0,
              0
            ],
            "1.84": [
              3.75,
              0,
              0
            ],
            "1.88": [
              2.5,
              0,
              0
            ],
            "2.0": [
              6.5,
              0,
              0
            ],
            "2.16": [
              4.5,
              0,
              0
            ],
            "3.52": [
              4.5,
              0,
              0
            ],
            "3.6": [
              3.53,
              0,
              0
            ],
            "3.72": [
              1.1,
              0,
              0
            ],
            "3.88": [
              0,
              0,
              0
            ]
          }
        },
        "segment1": {
          "rotation": {
            "0.04": [
              0,
              0,
              0
            ],
            "0.08": [
              0.5,
              0,
              0
            ],
            "0.16": [
              -2.75,
              3.88,
              0
            ],
            "0.32": [
              -0.95,
              6.2,
              0
            ],
            "0.48": [
              -0.15,
              7.23,
              0
            ],
            "0.76": [
              0.25,
              7.75,
              0
            ],
            "1.8": [
              0.25,
              7.75,
              0
            ],
            "1.88": [
              -4.75,
              7.75,
              0
            ],
            "2.04": [
              -0.75,
              7.75,
              0
            ],
            "2.32": [
              0.25,
              7.75,
              0
            ],
            "3.44": [
              0.25,
              7.75,
              0
            ],
            "3.6": [
              0.18,
              5.68,
              0
            ],
            "3.76": [
              0.05,
              1.55,
              0
            ],
            "3.92": [
              0,
              0,
              0
            ]
          }
        },
        "bodyIK2": {
          "rotation": {
            "0.0": [
              0,
              0,
              0
            ],
            "0.04": [
              0,
              0,
              -0.83
            ],
            "0.12": [
              0,
              0,
              -5
            ],
            "0.2": [
              0,
              0,
              0
            ],
            "3.8": [
              0,
              0,
              0
            ]
          }
        },
        "leg3": {
          "rotation": {
            "0.08": [
              0,
              0,
              0
            ],
            "0.12": [
              -0.22,
              0.65,
              0
            ],
            "0.16": [
              -2.61,
              7.82,
              7.5
            ],
            "0.2": [
              -5,
              15,
              0
            ],
            "1.76": [
              -5,
              15,
              0
            ],
            "1.84": [
              -3.57,
              10.71,
              5
            ],
            "1.88": [
              -2.98,
              8.93,
              10
            ],
            "1.92": [
              -11.49,
              7.21,
              7
            ],
            "1.96": [
              0,
              0,
              0
            ]
          },
          "position": {
            "0.08": [
              0,
              0,
              0
            ],
            "0.2": [
              1.75,
              0,
              -0.125
            ],
            "1.76": [
              1.75,
              0,
              -0.13
            ],
            "1.84": [
              1.25,
              0,
              -0.09
            ],
            "1.88": [
              1.04,
              0,
              -0.08
            ],
            "1.96": [
              0,
              0,
              0
            ]
          }
        },
        "bodyIK3": {
          "rotation": {
            "0.0": [
              0,
              0,
              0
            ],
            "0.04": [
              0,
              0,
              0.83
            ],
            "0.12": [
              0,
              0,
              5
            ],
            "0.2": [
              0,
              0,
              0
            ],
            "3.8": [
              0,
              0,
              0
            ]
          }
        }
      }
    },
    "animation.hive.sonic.badnik.newtron.fire": {
      "animation_length": 1.16,
      "bones": {
        "body": {
          "rotation": {
            "0.16": [
              0,
              0,
              0
            ],
            "0.32": [
              3.33,
              0,
              0
            ],
            "0.52": [
              5,
              0,
              0
            ],
            "0.56": [
              7.5,
              0,
              0
            ],
            "0.6": [
              2.5,
              0,
              0
            ],
            "0.64": [
              -2.5,
              0,
              0
            ],
            "0.8": [
              -4.75,
              0,
              0
            ],
            "0.96": [
              0,
              0,
              0
            ]
          },
          "position": {
            "0.56": [
              0,
              0,
              0
            ],
            "0.6": [
              0,
              0,
              -3
            ],
            "0.64": [
              0,
              0,
              -3.67
            ],
            "0.84": [
              0,
              0,
              -4
            ],
            "0.92": [
              0,
              0,
              0
            ]
          },
          "scale": {
            "0.0": [
              1,
              1,
              1
            ],
            "0.16": [
              1,
              1,
              0.9875
            ],
            "0.24": [
              1,
              1,
              0.9
            ],
            "0.32": [
              1,
              1,
              0.7286
            ],
            "0.48": [
              1,
              1,
              0.7057
            ],
            "0.56": [
              1,
              1,
              0.7
            ],
            "0.6": [
              1,
              1,
              0.8778
            ],
            "0.64": [
              1,
              1,
              1.0778
            ],
            "0.8": [
              1,
              1,
              1.1
            ],
            "0.84": [
              1,
              1,
              1.08
            ],
            "0.88": [
              1,
              1,
              0.98
            ],
            "0.96": [
              1,
              1,
              1
            ]
          }
        },
        "Head": {
          "rotation": {
            "0.56": [
              0,
              0,
              0
            ],
            "0.6": [
              -12.5,
              0,
              0
            ],
            "0.64": [
              -25.83,
              0,
              0
            ],
            "0.8": [
              -30.41,
              0,
              0
            ],
            "0.84": [
              -25,
              0,
              0
            ],
            "0.88": [
              2.5,
              0,
              0
            ],
            "1.0": [
              -2.5,
              0,
              0
            ],
            "1.16": [
              0,
              0,
              0
            ]
          },
          "scale": {
            "0.16": [
              1,
              1,
              1
            ],
            "0.32": [
              1.3,
              1.2,
              1
            ],
            "0.56": [
              1.3333,
              1.2333,
              1
            ],
            "0.6": [
              1.2333,
              1.0333,
              2
            ],
            "0.64": [
              1.2333,
              0.9333,
              2
            ],
            "0.84": [
              1.2333,
              0.9333,
              2
            ],
            "0.88": [
              1.1847,
              1.0431,
              1.375
            ],
            "0.92": [
              1,
              1,
              1
            ]
          }
        },
        "leftEye": {
          "scale": {
            "0.16": [
              1,
              1,
              1
            ],
            "0.32": [
              1,
              0.3,
              1
            ],
            "0.56": [
              1,
              0.2,
              1
            ],
            "0.6": [
              1,
              1.6,
              1
            ],
            "0.84": [
              1,
              1.6,
              1
            ],
            "0.92": [
              1,
              0.9,
              1
            ],
            "1.04": [
              1,
              1,
              1
            ]
          }
        },
        "rightEye": {
          "scale": {
            "0.16": [
              1,
              1,
              1
            ],
            "0.32": [
              1,
              0.3,
              1
            ],
            "0.56": [
              1,
              0.2,
              1
            ],
            "0.6": [
              1,
              1.6,
              1
            ],
            "0.84": [
              1,
              1.6,
              1
            ],
            "0.92": [
              1,
              0.9,
              1
            ],
            "1.04": [
              1,
              1,
              1
            ]
          }
        },
        "mouth": {
          "rotation": {
            "0.56": [
              0,
              0,
              0
            ],
            "0.6": [
              55,
              0,
              0
            ],
            "0.64": [
              75,
              0,
              0
            ],
            "0.8": [
              77.5,
              0,
              0
            ],
            "0.84": [
              72.5,
              0,
              0
            ],
            "0.92": [
              0,
              0,
              0
            ],
            "1.0": [
              5,
              0,
              0
            ],
            "1.12": [
              0,
              0,
              0
            ]
          },
          "scale": {
            "0.6": [
              1,
              1,
              1
            ],
            "0.64": [
              1,
              1,
              1.3
            ],
            "0.8": [
              1,
              1,
              1.5
            ],
            "0.84": [
              1,
              1,
              1.5
            ],
            "0.88": [
              1,
              1,
              1
            ]
          }
        },
        "tail": {
          "rotation": {
            "0.16": [
              0,
              0,
              0
            ],
            "0.24": [
              2,
              2.5,
              0
            ],
            "0.32": [
              -2,
              -1.4,
              0
            ],
            "0.4": [
              2,
              1.4,
              0
            ],
            "0.48": [
              -2,
              -1.4,
              0
            ],
            "0.52": [
              2,
              1.4,
              0
            ],
            "0.56": [
              -1,
              -1.4,
              0
            ],
            "0.6": [
              1,
              1.4,
              0
            ],
            "0.72": [
              -1,
              -1.4,
              0
            ],
            "0.76": [
              1,
              1.4,
              0
            ],
            "0.8": [
              -1,
              -1.4,
              0
            ],
            "0.84": [
              0.4,
              1.4,
              0
            ],
            "0.92": [
              0,
              0,
              0
            ]
          }
        },
        "segment1": {
          "rotation": {
            "0.16": [
              0,
              0,
              0
            ],
            "0.32": [
              27.5,
              0,
              0
            ],
            "0.56": [
              31.25,
              0,
              0
            ],
            "0.64": [
              -2.5,
              0,
              0
            ],
            "0.8": [
              -4,
              0,
              0
            ],
            "0.96": [
              0.25,
              0,
              0
            ],
            "1.08": [
              0,
              0,
              0
            ]
          }
        },
        "segment3": {
          "rotation": {
            "0.16": [
              0,
              0,
              0
            ],
            "0.2": [
              -12.5,
              0,
              0
            ],
            "0.32": [
              42.5,
              0,
              0
            ],
            "0.48": [
              50.83,
              0,
              0
            ],
            "0.56": [
              55,
              0,
              0
            ],
            "0.6": [
              65,
              0,
              0
            ],
            "0.64": [
              0,
              0,
              0
            ]
          }
        },
        "segment4": {
          "rotation": {
            "0.16": [
              0,
              0,
              0
            ],
            "0.2": [
              -15,
              0,
              0
            ],
            "0.24": [
              -30,
              0,
              0
            ],
            "0.32": [
              40,
              0,
              0
            ],
            "0.56": [
              47.5,
              0,
              0
            ],
            "0.6": [
              52.5,
              0,
              0
            ],
            "0.64": [
              65,
              0,
              0
            ],
            "0.68": [
              1.25,
              0,
              0
            ],
            "0.8": [
              0,
              0,
              0
            ]
          }
        },
        "segment5": {
          "rotation": {
            "0.16": [
              0,
              0,
              0
            ],
            "0.2": [
              0,
              0,
              0
            ],
            "0.24": [
              -20,
              0,
              0
            ],
            "0.28": [
              -42.5,
              0,
              0
            ],
            "0.32": [
              -32.5,
              0,
              0
            ],
            "0.36": [
              32.5,
              0,
              0
            ],
            "0.56": [
              37.5,
              0,
              0
            ],
            "0.6": [
              52.5,
              0,
              0
            ],
            "0.64": [
              67.5,
              0,
              0
            ],
            "0.68": [
              75,
              0,
              0
            ],
            "0.72": [
              -2.5,
              0,
              0
            ],
            "0.8": [
              0,
              0,
              0
            ]
          }
        },
        "bodyIK2": {
          "rotation": {
            "0.16": [
              0,
              0,
              0
            ],
            "0.32": [
              0,
              10,
              0
            ],
            "0.56": [
              0,
              11.25,
              0
            ],
            "0.6": [
              0,
              -22.5,
              0
            ],
            "0.64": [
              0,
              -36.25,
              0
            ],
            "0.84": [
              0,
              -37.25,
              0
            ],
            "0.92": [
              0,
              0,
              0
            ]
          }
        },
        "bodyIK": {
          "rotation": {
            "0.16": [
              0,
              0,
              0
            ],
            "0.32": [
              0,
              -10,
              0
            ],
            "0.56": [
              0,
              -11.25,
              0
            ],
            "0.6": [
              0,
              -30,
              0
            ],
            "0.64": [
              0,
              -31.25,
              0
            ],
            "0.84": [
              0,
              -32,
              0
            ],
            "0.92": [
              0,
              0,
              0
            ]
          }
        },
        "bodyIK3": {
          "rotation": {
            "0.16": [
              0,
              0,
              0
            ],
            "0.32": [
              0,
              -10,
              0
            ],
            "0.56": [
              0,
              -11.25,
              0
            ],
            "0.6": [
              0,
              22.5,
              0
            ],
            "0.64": [
              0,
              36.25,
              0
            ],
            "0.84": [
              0,
              37.25,
              0
            ],
            "0.92": [
              0,
              0,
              0
            ]
          }
        },
        "bodyIK4": {
          "rotation": {
            "0.16": [
              0,
              0,
              0
            ],
            "0.32": [
              0,
              10,
              0
            ],
            "0.56": [
              0,
              11.25,
              0
            ],
            "0.6": [
              0,
              30,
              0
            ],
            "0.64": [
              0,
              31.25,
              0
            ],
            "0.84": [
              0,
              32,
              0
            ],
            "0.92": [
              0,
              0,
              0
            ]
          }
        }
      }
    }
  }
}