{
  "format_version": "1.8.0",
  "animations": {
    "animation.hive.sonic.badnik.spiny.rotate": {
      "loop": true,
      "bones": {
        "orientation": {
          "rotation": [
            "query.body_x_rotation",
            0,
            0
          ]
        }
      }
    },
    "animation.hive.sonic.badnik.spiny.idle.breathe": {
      "loop": true,
      "animation_length": 2.96,
      "bones": {
        "body2": {
          "scale": {
            "0.0": [
              1,
              1,
              1
            ],
            "0.16": [
              1,
              0.9955,
              1
            ],
            "0.72": [
              1,
              0.9101,
              1
            ],
            "1.0": [
              1,
              0.9037,
              1
            ],
            "1.48": [
              1,
              0.9,
              1
            ],
            "1.76": [
              1,
              0.9037,
              1
            ],
            "2.04": [
              1,
              0.9101,
              1
            ],
            "2.52": [
              1,
              0.987,
              1
            ],
            "2.8": [
              1,
              0.9985,
              1
            ],
            "2.96": [
              1,
              1,
              1
            ]
          }
        }
      }
    },
    "animation.hive.sonic.badnik.spiny.idle.blink": {
      "animation_length": 0.56,
      "bones": {
        "rightEye": {
          "position": {
            "0.2": [
              0,
              0,
              0
            ],
            "0.24": [
              0,
              -1,
              0
            ],
            "0.28": [
              0,
              0,
              0
            ]
          },
          "scale": {
            "0.0": [
              1,
              1,
              1
            ],
            "0.16": [
              1,
              0.9,
              1
            ],
            "0.2": [
              1,
              0.7,
              1
            ],
            "0.24": [
              1,
              0.1,
              1
            ],
            "0.28": [
              1,
              0.7,
              1
            ],
            "0.36": [
              1,
              1.1,
              1
            ],
            "0.44": [
              1,
              0.97,
              1
            ],
            "0.52": [
              1,
              1,
              1
            ]
          }
        },
        "leftEye": {
          "position": {
            "0.24": [
              0,
              0,
              0
            ],
            "0.28": [
              0,
              -1,
              0
            ],
            "0.32": [
              0,
              0,
              0
            ]
          },
          "scale": {
            "0.0": [
              1,
              1,
              1
            ],
            "0.2": [
              1,
              0.9,
              1
            ],
            "0.24": [
              1,
              0.7,
              1
            ],
            "0.28": [
              1,
              0.1,
              1
            ],
            "0.32": [
              1,
              0.7,
              1
            ],
            "0.4": [
              1,
              1.1,
              1
            ],
            "0.48": [
              1,
              0.97,
              1
            ],
            "0.56": [
              1,
              1,
              1
            ]
          }
        }
      }
    },
    "animation.hive.sonic.badnik.spiny.idle.legs1": {
      "animation_length": 1.28,
      "bones": {
        "leg1": {
          "rotation": {
            "0.0": [
              0,
              0,
              0
            ],
            "0.04": [
              -10,
              0,
              0
            ],
            "0.08": [
              -11.67,
              0,
              0
            ],
            "0.16": [
              -12.22,
              0,
              0
            ],
            "0.28": [
              -12.5,
              0,
              0
            ],
            "0.32": [
              -12.5,
              0,
              0
            ],
            "0.44": [
              0,
              0,
              0
            ],
            "0.52": [
              -1.13,
              0,
              0
            ],
            "0.6": [
              -1.5,
              0,
              0
            ],
            "0.68": [
              -0.9,
              0,
              0
            ],
            "0.72": [
              0,
              0,
              0
            ]
          }
        },
        "leg7": {
          "rotation": {
            "0.48": [
              0,
              0,
              0
            ],
            "0.52": [
              -10,
              0,
              0
            ],
            "0.56": [
              -11.67,
              0,
              0
            ],
            "0.64": [
              -12.22,
              0,
              0
            ],
            "0.76": [
              -12.5,
              0,
              0
            ],
            "0.8": [
              -12.5,
              0,
              0
            ],
            "0.92": [
              0,
              0,
              0
            ],
            "1.0": [
              -1.13,
              0,
              0
            ],
            "1.08": [
              -1.5,
              0,
              0
            ],
            "1.16": [
              -0.9,
              0,
              0
            ],
            "1.2": [
              0,
              0,
              0
            ]
          }
        },
        "leg3": {
          "rotation": {
            "0.16": [
              0,
              0,
              0
            ],
            "0.2": [
              -10,
              0,
              0
            ],
            "0.24": [
              -11.67,
              0,
              0
            ],
            "0.32": [
              -12.22,
              0,
              0
            ],
            "0.44": [
              -12.5,
              0,
              0
            ],
            "0.48": [
              -12.5,
              0,
              0
            ],
            "0.6": [
              0,
              0,
              0
            ],
            "0.68": [
              -1.13,
              0,
              0
            ],
            "0.76": [
              -1.5,
              0,
              0
            ],
            "0.84": [
              -0.9,
              0,
              0
            ],
            "0.88": [
              0,
              0,
              0
            ]
          }
        },
        "leg5": {
          "rotation": {
            "0.32": [
              0,
              0,
              0
            ],
            "0.36": [
              -10,
              0,
              0
            ],
            "0.4": [
              -11.67,
              0,
              0
            ],
            "0.48": [
              -12.22,
              0,
              0
            ],
            "0.6": [
              -12.5,
              0,
              0
            ],
            "0.64": [
              -12.5,
              0,
              0
            ],
            "0.76": [
              0,
              0,
              0
            ],
            "0.84": [
              -1.13,
              0,
              0
            ],
            "0.92": [
              -1.5,
              0,
              0
            ],
            "1.0": [
              -0.9,
              0,
              0
            ],
            "1.04": [
              0,
              0,
              0
            ]
          }
        },
        "leg2": {
          "rotation": {
            "0.08": [
              0,
              0,
              0
            ],
            "0.12": [
              -10,
              0,
              0
            ],
            "0.16": [
              -11.67,
              0,
              0
            ],
            "0.24": [
              -12.22,
              0,
              0
            ],
            "0.36": [
              -12.5,
              0,
              0
            ],
            "0.4": [
              -12.5,
              0,
              0
            ],
            "0.52": [
              0,
              0,
              0
            ],
            "0.6": [
              -1.13,
              0,
              0
            ],
            "0.68": [
              -1.5,
              0,
              0
            ],
            "0.76": [
              -0.9,
              0,
              0
            ],
            "0.8": [
              0,
              0,
              0
            ]
          }
        },
        "leg4": {
          "rotation": {
            "0.24": [
              0,
              0,
              0
            ],
            "0.28": [
              -10,
              0,
              0
            ],
            "0.32": [
              -11.67,
              0,
              0
            ],
            "0.4": [
              -12.22,
              0,
              0
            ],
            "0.52": [
              -12.5,
              0,
              0
            ],
            "0.56": [
              -12.5,
              0,
              0
            ],
            "0.68": [
              0,
              0,
              0
            ],
            "0.76": [
              -1.13,
              0,
              0
            ],
            "0.84": [
              -1.5,
              0,
              0
            ],
            "0.92": [
              -0.9,
              0,
              0
            ],
            "0.96": [
              0,
              0,
              0
            ]
          }
        },
        "leg6": {
          "rotation": {
            "0.4": [
              0,
              0,
              0
            ],
            "0.44": [
              -10,
              0,
              0
            ],
            "0.48": [
              -11.67,
              0,
              0
            ],
            "0.56": [
              -12.22,
              0,
              0
            ],
            "0.68": [
              -12.5,
              0,
              0
            ],
            "0.72": [
              -12.5,
              0,
              0
            ],
            "0.84": [
              0,
              0,
              0
            ],
            "0.92": [
              -1.13,
              0,
              0
            ],
            "1.0": [
              -1.5,
              0,
              0
            ],
            "1.08": [
              -0.9,
              0,
              0
            ],
            "1.12": [
              0,
              0,
              0
            ]
          }
        },
        "leg8": {
          "rotation": {
            "0.56": [
              0,
              0,
              0
            ],
            "0.6": [
              -10,
              0,
              0
            ],
            "0.64": [
              -11.67,
              0,
              0
            ],
            "0.72": [
              -12.22,
              0,
              0
            ],
            "0.84": [
              -12.5,
              0,
              0
            ],
            "0.88": [
              -12.5,
              0,
              0
            ],
            "1.0": [
              0,
              0,
              0
            ],
            "1.08": [
              -1.13,
              0,
              0
            ],
            "1.16": [
              -1.5,
              0,
              0
            ],
            "1.24": [
              -0.9,
              0,
              0
            ],
            "1.28": [
              0,
              0,
              0
            ]
          }
        }
      }
    },
    "animation.hive.sonic.badnik.spiny.idle.legs2": {
      "animation_length": 1.48,
      "bones": {
        "root": {
          "scale": {
            "0.0": [
              1,
              1,
              1
            ],
            "0.04": [
              1,
              0.99,
              1
            ],
            "0.08": [
              1,
              0.975,
              1
            ],
            "0.12": [
              1,
              0.96,
              1
            ],
            "0.16": [
              1,
              0.9833,
              1
            ],
            "0.36": [
              1,
              1.03,
              1
            ],
            "1.0": [
              1,
              1.03,
              1
            ],
            "1.04": [
              1,
              1.0217,
              1
            ],
            "1.16": [
              1,
              0.98,
              1
            ],
            "1.28": [
              1,
              1,
              1
            ]
          }
        },
        "rightEye": {
          "scale": {
            "0.04": [
              1,
              1,
              1
            ],
            "0.12": [
              1,
              0.9,
              1
            ],
            "0.16": [
              1,
              0.6,
              1
            ],
            "0.2": [
              1,
              0.3,
              1
            ],
            "0.24": [
              1,
              0.8,
              1
            ],
            "0.32": [
              1,
              0.95,
              1
            ],
            "0.56": [
              1,
              1,
              1
            ],
            "1.2": [
              1,
              1,
              1
            ],
            "1.28": [
              1,
              0.9,
              1
            ],
            "1.36": [
              1,
              0.9667,
              1
            ],
            "1.48": [
              1,
              1,
              1
            ]
          }
        },
        "leftEye": {
          "scale": {
            "0.0": [
              1,
              1,
              1
            ],
            "0.08": [
              1,
              0.9,
              1
            ],
            "0.12": [
              1,
              0.6,
              1
            ],
            "0.16": [
              1,
              0.3,
              1
            ],
            "0.2": [
              1,
              0.8,
              1
            ],
            "0.28": [
              1,
              0.95,
              1
            ],
            "0.52": [
              1,
              1,
              1
            ],
            "1.16": [
              1,
              1,
              1
            ],
            "1.24": [
              1,
              0.9,
              1
            ],
            "1.32": [
              1,
              0.9667,
              1
            ],
            "1.44": [
              1,
              1,
              1
            ]
          }
        },
        "leg3": {
          "rotation": {
            "0.2": [
              0,
              0,
              0
            ],
            "0.28": [
              0,
              0,
              15
            ],
            "0.36": [
              0,
              0,
              20
            ],
            "0.44": [
              0,
              0,
              21.67
            ],
            "0.56": [
              0,
              0,
              22.5
            ],
            "0.96": [
              0,
              0,
              21.95
            ],
            "1.04": [
              0,
              0,
              20
            ],
            "1.08": [
              0,
              0,
              17.5
            ],
            "1.16": [
              0,
              0,
              0
            ],
            "1.28": [
              0,
              0,
              1.2
            ],
            "1.36": [
              0,
              0,
              1.5
            ],
            "1.4": [
              0,
              0,
              1.25
            ],
            "1.44": [
              0,
              0,
              0
            ]
          }
        },
        "leg7": {
          "rotation": {
            "0.16": [
              0,
              0,
              0
            ],
            "0.24": [
              0,
              0,
              -15
            ],
            "0.32": [
              0,
              0,
              -20
            ],
            "0.4": [
              0,
              0,
              -21.67
            ],
            "0.52": [
              0,
              0,
              -22.5
            ],
            "0.92": [
              0,
              0,
              -21.95
            ],
            "1.0": [
              0,
              0,
              -20
            ],
            "1.04": [
              0,
              0,
              -17.5
            ],
            "1.12": [
              0,
              0,
              0
            ],
            "1.24": [
              0,
              0,
              -1.2
            ],
            "1.32": [
              0,
              0,
              -1.5
            ],
            "1.36": [
              0,
              0,
              -1.25
            ],
            "1.4": [
              0,
              0,
              0
            ]
          }
        }
      }
    },
    "animation.hive.sonic.badnik.spiny.idle.look.left": {
      "animation_length": 3.68,
      "bones": {
        "rightEye": {
          "rotation": {
            "1.24": [
              0,
              0,
              0
            ],
            "1.3": [
              0,
              0,
              0
            ],
            "1.42": [
              0,
              0,
              1.87
            ],
            "1.44": [
              0,
              0,
              2.18
            ],
            "1.5": [
              0,
              0,
              2.5
            ],
            "3.04": [
              0,
              0,
              2.5
            ],
            "3.16": [
              0,
              0,
              0
            ]
          },
          "scale": {
            "0.0": [
              1,
              1,
              1
            ],
            "0.16": [
              1,
              0.9,
              1
            ],
            "0.2": [
              1,
              0.7,
              1
            ],
            "0.24": [
              1,
              0.1,
              1
            ],
            "0.28": [
              1,
              0.7,
              1
            ],
            "0.36": [
              1,
              1.1,
              1
            ],
            "0.44": [
              1,
              0.97,
              1
            ],
            "0.52": [
              1,
              1,
              1
            ],
            "2.88": [
              1,
              1,
              1
            ],
            "3.04": [
              1,
              0.9,
              1
            ],
            "3.08": [
              1,
              0.7,
              1
            ],
            "3.12": [
              1,
              0.1,
              1
            ],
            "3.16": [
              1,
              0.7,
              1
            ],
            "3.24": [
              1,
              1.1,
              1
            ],
            "3.32": [
              1,
              0.97,
              1
            ],
            "3.4": [
              1,
              1,
              1
            ]
          }
        },
        "leftEye": {
          "rotation": {
            "1.26": [
              0,
              0,
              0
            ],
            "1.32": [
              0,
              0,
              0
            ],
            "1.44": [
              0,
              0,
              -1.87
            ],
            "1.46": [
              0,
              0,
              -2.18
            ],
            "1.52": [
              0,
              0,
              -2.5
            ],
            "3.06": [
              0,
              0,
              -2.5
            ],
            "3.18": [
              0,
              0,
              0
            ]
          },
          "scale": {
            "0.02": [
              1,
              1,
              1
            ],
            "0.18": [
              1,
              0.9,
              1
            ],
            "0.22": [
              1,
              0.7,
              1
            ],
            "0.26": [
              1,
              0.1,
              1
            ],
            "0.3": [
              1,
              0.7,
              1
            ],
            "0.38": [
              1,
              1.1,
              1
            ],
            "0.46": [
              1,
              0.97,
              1
            ],
            "0.54": [
              1,
              1,
              1
            ],
            "2.9": [
              1,
              1,
              1
            ],
            "3.06": [
              1,
              0.9,
              1
            ],
            "3.1": [
              1,
              0.7,
              1
            ],
            "3.14": [
              1,
              0.1,
              1
            ],
            "3.18": [
              1,
              0.7,
              1
            ],
            "3.26": [
              1,
              1.1,
              1
            ],
            "3.34": [
              1,
              0.97,
              1
            ],
            "3.42": [
              1,
              1,
              1
            ]
          }
        },
        "leftPupil": {
          "position": {
            "0.22": [
              0,
              0,
              0
            ],
            "0.24": [
              0.17,
              0,
              0
            ],
            "0.28": [
              0.54,
              0,
              0
            ],
            "0.38": [
              0.64,
              0,
              0
            ],
            "0.46": [
              0.66,
              0,
              0
            ],
            "1.26": [
              0.66,
              0,
              0
            ],
            "1.38": [
              0.61,
              -0.05,
              0
            ],
            "1.42": [
              0.5,
              -0.16,
              0
            ],
            "1.46": [
              0.47,
              -0.19,
              0
            ],
            "1.52": [
              0.46,
              -0.2,
              0
            ],
            "2.88": [
              0.46,
              -0.2,
              0
            ],
            "3.1": [
              0.46,
              -0.2,
              0
            ],
            "3.16": [
              0,
              0,
              0
            ]
          }
        },
        "rightPupil": {
          "position": {
            "0.22": [
              0,
              0,
              0
            ],
            "0.24": [
              0.17,
              0,
              0
            ],
            "0.28": [
              0.54,
              0,
              0
            ],
            "0.38": [
              0.64,
              0,
              0
            ],
            "0.46": [
              0.66,
              0,
              0
            ],
            "1.24": [
              0.66,
              0,
              0
            ],
            "1.36": [
              0.61,
              -0.05,
              0
            ],
            "1.4": [
              0.5,
              -0.16,
              0
            ],
            "1.44": [
              0.47,
              -0.19,
              0
            ],
            "1.5": [
              0.46,
              -0.2,
              0
            ],
            "2.88": [
              0.46,
              -0.2,
              0
            ],
            "3.1": [
              0.46,
              -0.2,
              0
            ],
            "3.16": [
              0,
              0,
              0
            ]
          }
        },
        "body2": {
          "rotation": {
            "0.2": [
              0,
              0,
              0
            ],
            "0.24": [
              0,
              -0.38,
              0
            ],
            "0.3": [
              0,
              -1.92,
              0
            ],
            "0.46": [
              0,
              -2.5,
              0
            ],
            "3.04": [
              0,
              -2.5,
              0
            ],
            "3.1": [
              0,
              -2.08,
              0
            ],
            "3.16": [
              0,
              -0.46,
              0
            ],
            "3.28": [
              0,
              0,
              0
            ]
          }
        }
      }
    },
    "animation.hive.sonic.badnik.spiny.idle.look.right": {
      "animation_length": 3.68,
      "bones": {
        "rightEye": {
          "rotation": {
            "1.24": [
              0,
              0,
              0
            ],
            "1.3": [
              0,
              0,
              0
            ],
            "1.42": [
              0,
              0,
              1.87
            ],
            "1.44": [
              0,
              0,
              2.18
            ],
            "1.5": [
              0,
              0,
              2.5
            ],
            "3.04": [
              0,
              0,
              2.5
            ],
            "3.16": [
              0,
              0,
              0
            ]
          },
          "scale": {
            "0.0": [
              1,
              1,
              1
            ],
            "0.16": [
              1,
              0.9,
              1
            ],
            "0.2": [
              1,
              0.7,
              1
            ],
            "0.24": [
              1,
              0.1,
              1
            ],
            "0.28": [
              1,
              0.7,
              1
            ],
            "0.36": [
              1,
              1.1,
              1
            ],
            "0.44": [
              1,
              0.97,
              1
            ],
            "0.52": [
              1,
              1,
              1
            ],
            "2.88": [
              1,
              1,
              1
            ],
            "3.04": [
              1,
              0.9,
              1
            ],
            "3.08": [
              1,
              0.7,
              1
            ],
            "3.12": [
              1,
              0.1,
              1
            ],
            "3.16": [
              1,
              0.7,
              1
            ],
            "3.24": [
              1,
              1.1,
              1
            ],
            "3.32": [
              1,
              0.97,
              1
            ],
            "3.4": [
              1,
              1,
              1
            ]
          }
        },
        "leftEye": {
          "rotation": {
            "1.26": [
              0,
              0,
              0
            ],
            "1.32": [
              0,
              0,
              0
            ],
            "1.44": [
              0,
              0,
              -1.87
            ],
            "1.46": [
              0,
              0,
              -2.18
            ],
            "1.52": [
              0,
              0,
              -2.5
            ],
            "3.06": [
              0,
              0,
              -2.5
            ],
            "3.18": [
              0,
              0,
              0
            ]
          },
          "scale": {
            "0.02": [
              1,
              1,
              1
            ],
            "0.18": [
              1,
              0.9,
              1
            ],
            "0.22": [
              1,
              0.7,
              1
            ],
            "0.26": [
              1,
              0.1,
              1
            ],
            "0.3": [
              1,
              0.7,
              1
            ],
            "0.38": [
              1,
              1.1,
              1
            ],
            "0.46": [
              1,
              0.97,
              1
            ],
            "0.54": [
              1,
              1,
              1
            ],
            "2.9": [
              1,
              1,
              1
            ],
            "3.06": [
              1,
              0.9,
              1
            ],
            "3.1": [
              1,
              0.7,
              1
            ],
            "3.14": [
              1,
              0.1,
              1
            ],
            "3.18": [
              1,
              0.7,
              1
            ],
            "3.26": [
              1,
              1.1,
              1
            ],
            "3.34": [
              1,
              0.97,
              1
            ],
            "3.42": [
              1,
              1,
              1
            ]
          }
        },
        "leftPupil": {
          "position": {
            "0.22": [
              0,
              0,
              0
            ],
            "0.24": [
              -0.17,
              0,
              0
            ],
            "0.28": [
              -0.54,
              0,
              0
            ],
            "0.38": [
              -0.64,
              0,
              0
            ],
            "0.46": [
              -0.66,
              0,
              0
            ],
            "1.26": [
              -0.66,
              0,
              0
            ],
            "1.38": [
              -0.61,
              -0.05,
              0
            ],
            "1.42": [
              -0.5,
              -0.16,
              0
            ],
            "1.46": [
              -0.47,
              -0.19,
              0
            ],
            "1.52": [
              -0.46,
              -0.2,
              0
            ],
            "2.88": [
              -0.46,
              -0.2,
              0
            ],
            "3.1": [
              -0.46,
              -0.2,
              0
            ],
            "3.16": [
              0,
              0,
              0
            ]
          }
        },
        "rightPupil": {
          "position": {
            "0.22": [
              0,
              0,
              0
            ],
            "0.24": [
              -0.17,
              0,
              0
            ],
            "0.28": [
              -0.54,
              0,
              0
            ],
            "0.38": [
              -0.64,
              0,
              0
            ],
            "0.46": [
              -0.66,
              0,
              0
            ],
            "1.24": [
              -0.66,
              0,
              0
            ],
            "1.36": [
              -0.61,
              -0.05,
              0
            ],
            "1.4": [
              -0.5,
              -0.16,
              0
            ],
            "1.44": [
              -0.47,
              -0.19,
              0
            ],
            "1.5": [
              -0.46,
              -0.2,
              0
            ],
            "2.88": [
              -0.46,
              -0.2,
              0
            ],
            "3.1": [
              -0.46,
              -0.2,
              0
            ],
            "3.16": [
              0,
              0,
              0
            ]
          }
        },
        "body2": {
          "rotation": {
            "0.2": [
              0,
              0,
              0
            ],
            "0.24": [
              0,
              0.38,
              0
            ],
            "0.3": [
              0,
              1.92,
              0
            ],
            "0.46": [
              0,
              2.5,
              0
            ],
            "3.04": [
              0,
              2.5,
              0
            ],
            "3.1": [
              0,
              2.08,
              0
            ],
            "3.16": [
              0,
              0.46,
              0
            ],
            "3.28": [
              0,
              0,
              0
            ]
          }
        }
      }
    },
    "animation.hive.sonic.badnik.spiny.fire": {
      "animation_length": 1.4,
      "bones": {
        "body": {
          "position": {
            "0.08": [
              0,
              0,
              0
            ],
            "0.2": [
              0,
              0.83,
              0
            ],
            "0.36": [
              0,
              0.97,
              0
            ],
            "0.48": [
              0,
              1,
              0
            ],
            "0.72": [
              0,
              1,
              0
            ],
            "0.76": [
              0,
              0.93,
              0
            ],
            "0.8": [
              0,
              0.8,
              0
            ],
            "0.88": [
              0,
              0,
              0
            ]
          },
          "scale": {
            "0.08": [
              1,
              1,
              1
            ],
            "0.2": [
              1,
              1.1667,
              1
            ],
            "0.36": [
              1,
              1.1933,
              1
            ],
            "0.48": [
              1,
              1.2,
              1
            ],
            "0.72": [
              1,
              1.2,
              1
            ],
            "0.76": [
              1,
              1.1867,
              1
            ],
            "0.8": [
              1,
              1.16,
              1
            ],
            "0.88": [
              1,
              1,
              1
            ]
          }
        },
        "body2": {
          "scale": {
            "0.0": [
              1,
              1,
              1
            ],
            "0.04": [
              1,
              0.9881,
              1
            ],
            "0.08": [
              1,
              0.9167,
              1
            ],
            "0.12": [
              1,
              0.9,
              1
            ],
            "0.16": [
              1,
              1.0714,
              1
            ],
            "0.24": [
              1,
              1.0905,
              1
            ],
            "0.36": [
              1,
              1.0997,
              1
            ],
            "0.8": [
              1,
              1.1,
              1
            ],
            "0.88": [
              1,
              1.08,
              1
            ],
            "0.92": [
              1,
              0.88,
              1
            ],
            "1.04": [
              1,
              1,
              1
            ],
            "1.12": [
              1,
              1,
              1
            ]
          }
        },
        "rightEye": {
          "scale": {
            "0.04": [
              1,
              1,
              1
            ],
            "0.08": [
              1,
              0.7,
              1
            ],
            "0.12": [
              1,
              0.2,
              1
            ],
            "0.16": [
              1,
              1.7,
              1
            ],
            "0.28": [
              1,
              1.54,
              1
            ],
            "0.76": [
              1,
              1.5,
              1
            ],
            "0.8": [
              1,
              1.5,
              1
            ],
            "0.96": [
              1,
              0.8,
              1
            ],
            "1.04": [
              1,
              0.95,
              1
            ],
            "1.16": [
              1,
              1.03,
              1
            ],
            "1.28": [
              1,
              1,
              1
            ]
          }
        },
        "rightPupil": {
          "position": {
            "0.04": [
              0,
              0,
              0
            ],
            "0.16": [
              0,
              -0.175,
              0
            ],
            "0.88": [
              0,
              -0.17,
              0
            ],
            "0.96": [
              0,
              0,
              0
            ]
          },
          "scale": {
            "0.04": [
              1,
              1,
              1
            ],
            "0.16": [
              0.5,
              0.3,
              1
            ],
            "0.88": [
              0.5,
              0.3,
              1
            ],
            "0.96": [
              1,
              1,
              1
            ]
          }
        },
        "leftEye": {
          "scale": {
            "0.08": [
              1,
              1,
              1
            ],
            "0.12": [
              1,
              0.7,
              1
            ],
            "0.16": [
              1,
              0.2,
              1
            ],
            "0.2": [
              1,
              1.7,
              1
            ],
            "0.32": [
              1,
              1.54,
              1
            ],
            "0.8": [
              1,
              1.5,
              1
            ],
            "0.84": [
              1,
              1.5,
              1
            ],
            "1.0": [
              1,
              0.8,
              1
            ],
            "1.08": [
              1,
              0.95,
              1
            ],
            "1.2": [
              1,
              1.03,
              1
            ],
            "1.32": [
              1,
              1,
              1
            ]
          }
        },
        "leftPupil": {
          "position": {
            "0.08": [
              0,
              0,
              0
            ],
            "0.2": [
              0,
              -0.175,
              0
            ],
            "0.92": [
              0,
              -0.17,
              0
            ],
            "1.0": [
              0,
              0,
              0
            ]
          },
          "scale": {
            "0.08": [
              1,
              1,
              1
            ],
            "0.2": [
              0.5,
              0.3,
              1
            ],
            "0.92": [
              0.5,
              0.3,
              1
            ],
            "1.0": [
              1,
              1,
              1
            ]
          }
        },
        "topHead": {
          "position": [
            0,
            0,
            0
          ],
          "scale": {
            "0.0": [
              1,
              1,
              1
            ],
            "0.08": [
              1,
              0.76,
              1
            ],
            "0.12": [
              1,
              0.7,
              1
            ],
            "0.16": [
              1,
              1,
              1
            ],
            "0.2": [
              1,
              1.2,
              1
            ],
            "0.44": [
              1,
              1.2813,
              1
            ],
            "0.84": [
              1,
              1.3,
              1
            ],
            "0.92": [
              1,
              0.96,
              1
            ],
            "1.0": [
              1,
              0.9867,
              1
            ],
            "1.08": [
              1,
              1,
              1
            ]
          }
        },
        "topSpike1": {
          "rotation": {
            "0.0": [
              0,
              0,
              0
            ],
            "0.12": [
              -37.5,
              0,
              0
            ],
            "0.2": [
              65,
              0,
              0
            ],
            "0.24": [
              85,
              0,
              0
            ],
            "0.36": [
              80,
              0,
              0
            ],
            "0.44": [
              82.5,
              0,
              0
            ],
            "0.8": [
              82.5,
              0,
              0
            ],
            "0.92": [
              0.25,
              0,
              0
            ],
            "1.0": [
              -5,
              0,
              0
            ],
            "1.08": [
              -1.5,
              0,
              0
            ],
            "1.32": [
              0,
              0,
              0
            ]
          },
          "scale": {
            "0.0": [
              1,
              1,
              1
            ],
            "0.12": [
              1,
              1,
              1
            ],
            "0.16": [
              1,
              2.8,
              1
            ],
            "0.24": [
              1,
              1.3,
              1
            ],
            "0.84": [
              1,
              1.3,
              1
            ],
            "0.96": [
              1,
              1,
              1
            ]
          }
        },
        "topSpike2": {
          "rotation": {
            "0.0": [
              0,
              0,
              0
            ],
            "0.12": [
              37.5,
              0,
              0
            ],
            "0.2": [
              -65,
              0,
              0
            ],
            "0.24": [
              -85,
              0,
              0
            ],
            "0.36": [
              -80,
              0,
              0
            ],
            "0.44": [
              -82.5,
              0,
              0
            ],
            "0.8": [
              -82.5,
              0,
              0
            ],
            "0.92": [
              -0.25,
              0,
              0
            ],
            "1.0": [
              5,
              0,
              0
            ],
            "1.08": [
              1.5,
              0,
              0
            ],
            "1.32": [
              0,
              0,
              0
            ]
          },
          "scale": {
            "0.0": [
              1,
              1,
              1
            ],
            "0.12": [
              1,
              1,
              1
            ],
            "0.16": [
              1,
              2.8,
              1
            ],
            "0.24": [
              1,
              1.3,
              1
            ],
            "0.84": [
              1,
              1.3,
              1
            ],
            "0.96": [
              1,
              1,
              1
            ]
          }
        },
        "leg1": {
          "rotation": {
            "0.08": [
              0,
              0,
              0
            ],
            "0.12": [
              1.5,
              0,
              0
            ],
            "0.2": [
              5.5,
              0,
              0
            ],
            "0.36": [
              6.17,
              0,
              0
            ],
            "0.72": [
              6.59,
              0,
              0
            ],
            "0.76": [
              6.04,
              0,
              0
            ],
            "0.8": [
              5.49,
              0,
              0
            ],
            "0.84": [
              4.12,
              0,
              0
            ],
            "0.88": [
              0,
              0,
              0
            ]
          }
        },
        "leg3": {
          "rotation": {
            "0.08": [
              0,
              0,
              0
            ],
            "0.12": [
              1.5,
              0,
              0
            ],
            "0.2": [
              5.5,
              0,
              0
            ],
            "0.36": [
              6.17,
              0,
              0
            ],
            "0.72": [
              6.59,
              0,
              0
            ],
            "0.76": [
              6.04,
              0,
              0
            ],
            "0.8": [
              5.49,
              0,
              0
            ],
            "0.84": [
              4.12,
              0,
              0
            ],
            "0.88": [
              0,
              0,
              0
            ]
          }
        },
        "leg5": {
          "rotation": {
            "0.08": [
              0,
              0,
              0
            ],
            "0.12": [
              1.5,
              0,
              0
            ],
            "0.2": [
              5.5,
              0,
              0
            ],
            "0.36": [
              6.17,
              0,
              0
            ],
            "0.72": [
              6.59,
              0,
              0
            ],
            "0.76": [
              6.04,
              0,
              0
            ],
            "0.8": [
              5.49,
              0,
              0
            ],
            "0.84": [
              4.12,
              0,
              0
            ],
            "0.88": [
              0,
              0,
              0
            ]
          }
        },
        "leg7": {
          "rotation": {
            "0.08": [
              0,
              0,
              0
            ],
            "0.12": [
              1.5,
              0,
              0
            ],
            "0.2": [
              5.5,
              0,
              0
            ],
            "0.36": [
              6.17,
              0,
              0
            ],
            "0.72": [
              6.59,
              0,
              0
            ],
            "0.76": [
              6.04,
              0,
              0
            ],
            "0.8": [
              5.49,
              0,
              0
            ],
            "0.84": [
              4.12,
              0,
              0
            ],
            "0.88": [
              0,
              0,
              0
            ]
          }
        },
        "leg2": {
          "rotation": {
            "0.08": [
              0,
              0,
              0
            ],
            "0.12": [
              1.5,
              0,
              0
            ],
            "0.2": [
              5.5,
              0,
              0
            ],
            "0.36": [
              6.17,
              0,
              0
            ],
            "0.72": [
              6.59,
              0,
              0
            ],
            "0.76": [
              6.04,
              0,
              0
            ],
            "0.8": [
              5.49,
              0,
              0
            ],
            "0.84": [
              4.12,
              0,
              0
            ],
            "0.88": [
              0,
              0,
              0
            ]
          }
        },
        "leg4": {
          "rotation": {
            "0.08": [
              0,
              0,
              0
            ],
            "0.12": [
              1.5,
              0,
              0
            ],
            "0.2": [
              5.5,
              0,
              0
            ],
            "0.36": [
              6.17,
              0,
              0
            ],
            "0.72": [
              6.59,
              0,
              0
            ],
            "0.76": [
              6.04,
              0,
              0
            ],
            "0.8": [
              5.49,
              0,
              0
            ],
            "0.84": [
              4.12,
              0,
              0
            ],
            "0.88": [
              0,
              0,
              0
            ]
          }
        },
        "leg6": {
          "rotation": {
            "0.08": [
              0,
              0,
              0
            ],
            "0.12": [
              1.5,
              0,
              0
            ],
            "0.2": [
              5.5,
              0,
              0
            ],
            "0.36": [
              6.17,
              0,
              0
            ],
            "0.72": [
              6.59,
              0,
              0
            ],
            "0.76": [
              6.04,
              0,
              0
            ],
            "0.8": [
              5.49,
              0,
              0
            ],
            "0.84": [
              4.12,
              0,
              0
            ],
            "0.88": [
              0,
              0,
              0
            ]
          }
        },
        "leg8": {
          "rotation": {
            "0.08": [
              0,
              0,
              0
            ],
            "0.12": [
              1.5,
              0,
              0
            ],
            "0.2": [
              5.5,
              0,
              0
            ],
            "0.36": [
              6.17,
              0,
              0
            ],
            "0.72": [
              6.59,
              0,
              0
            ],
            "0.76": [
              6.04,
              0,
              0
            ],
            "0.8": [
              5.49,
              0,
              0
            ],
            "0.84": [
              4.12,
              0,
              0
            ],
            "0.88": [
              0,
              0,
              0
            ]
          }
        },
        "topSpike4": {
          "rotation": {
            "0.04": [
              0,
              0,
              0
            ],
            "0.16": [
              -37.5,
              0,
              0
            ],
            "0.24": [
              65,
              0,
              0
            ],
            "0.32": [
              85,
              0,
              0
            ],
            "0.44": [
              80,
              0,
              0
            ],
            "0.52": [
              82.5,
              0,
              0
            ],
            "0.88": [
              82.5,
              0,
              0
            ],
            "1.0": [
              0.25,
              0,
              0
            ],
            "1.08": [
              -5,
              0,
              0
            ],
            "1.16": [
              -1.5,
              0,
              0
            ],
            "1.4": [
              0,
              0,
              0
            ]
          },
          "scale": {
            "0.04": [
              1,
              1,
              1
            ],
            "0.16": [
              1,
              1,
              1
            ],
            "0.2": [
              1,
              2.8,
              1
            ],
            "0.32": [
              1,
              1.3,
              1
            ],
            "0.92": [
              1,
              1.3,
              1
            ],
            "1.04": [
              1,
              1,
              1
            ]
          }
        },
        "topSpike3": {
          "rotation": {
            "0.04": [
              0,
              0,
              0
            ],
            "0.16": [
              -37.5,
              0,
              0
            ],
            "0.24": [
              65,
              0,
              0
            ],
            "0.28": [
              85,
              0,
              0
            ],
            "0.4": [
              80,
              0,
              0
            ],
            "0.48": [
              82.5,
              0,
              0
            ],
            "0.84": [
              82.5,
              0,
              0
            ],
            "0.96": [
              0.25,
              0,
              0
            ],
            "1.04": [
              -5,
              0,
              0
            ],
            "1.12": [
              -1.5,
              0,
              0
            ],
            "1.36": [
              0,
              0,
              0
            ]
          },
          "scale": {
            "0.04": [
              1,
              1,
              1
            ],
            "0.16": [
              1,
              1,
              1
            ],
            "0.2": [
              1,
              2.8,
              1
            ],
            "0.28": [
              1,
              1.3,
              1
            ],
            "0.88": [
              1,
              1.3,
              1
            ],
            "1.0": [
              1,
              1,
              1
            ]
          }
        }
      }
    },
    "animation.hive.sonic.badnik.spiny.idle.look": {
      "animation_length": 3.52,
      "bones": {
        "body2": {
          "rotation": {
            "0.04": [
              0,
              0,
              0
            ],
            "0.16": [
              2.5,
              0,
              0
            ],
            "0.24": [
              1.67,
              0,
              0
            ],
            "0.28": [
              1.95,
              0,
              0
            ],
            "0.36": [
              2.09,
              0,
              0
            ],
            "0.96": [
              2.09,
              0,
              0
            ],
            "1.04": [
              2.09,
              -0.5,
              0
            ],
            "1.12": [
              2.09,
              -0.83,
              0
            ],
            "1.24": [
              2.09,
              -1,
              0
            ],
            "2.92": [
              2.09,
              -1,
              0
            ],
            "3.08": [
              -0.75,
              0,
              0
            ],
            "3.2": [
              -0.37,
              0,
              0
            ],
            "3.28": [
              0,
              0,
              0
            ]
          }
        },
        "rightEye": {
          "scale": {
            "0.0": [
              1,
              1,
              1
            ],
            "0.04": [
              1,
              0.98,
              1
            ],
            "0.08": [
              1,
              0.9,
              1
            ],
            "0.16": [
              1,
              1,
              1
            ],
            "0.24": [
              1,
              1.0333,
              1
            ],
            "0.32": [
              1,
              1,
              1
            ],
            "1.92": [
              1,
              1,
              1
            ],
            "1.96": [
              1,
              0.9778,
              1
            ],
            "2.08": [
              1,
              0.9667,
              1
            ],
            "2.88": [
              1,
              0.9667,
              1
            ],
            "2.96": [
              1,
              0.9,
              1
            ],
            "3.04": [
              1,
              1,
              1
            ],
            "3.12": [
              1,
              1.0333,
              1
            ],
            "3.2": [
              1,
              1,
              1
            ]
          }
        },
        "rightPupil": {
          "position": {
            "0.0": [
              0,
              0,
              0
            ],
            "0.04": [
              0,
              0,
              0
            ],
            "0.12": [
              0,
              -0.24,
              0
            ],
            "0.2": [
              0,
              -0.325,
              0
            ],
            "0.92": [
              0,
              -0.32,
              0
            ],
            "1.0": [
              0.04,
              -0.32,
              0
            ],
            "1.08": [
              0.11,
              -0.32,
              0
            ],
            "1.16": [
              0.12,
              -0.32,
              0
            ],
            "1.24": [
              0.125,
              -0.32,
              0
            ],
            "1.92": [
              0.13,
              -0.32,
              0
            ],
            "2.0": [
              0.11,
              -0.3,
              0
            ],
            "2.04": [
              0.07,
              -0.28,
              0
            ],
            "2.16": [
              0.055,
              -0.27,
              0
            ],
            "2.96": [
              0.06,
              -0.27,
              0
            ],
            "3.0": [
              0.03,
              -0.13,
              0
            ],
            "3.12": [
              0,
              0,
              0
            ]
          }
        },
        "leftEye": {
          "scale": {
            "0.04": [
              1,
              1,
              1
            ],
            "0.08": [
              1,
              0.98,
              1
            ],
            "0.12": [
              1,
              0.9,
              1
            ],
            "0.2": [
              1,
              1,
              1
            ],
            "0.28": [
              1,
              1.0333,
              1
            ],
            "0.36": [
              1,
              1,
              1
            ],
            "1.96": [
              1,
              1,
              1
            ],
            "2.0": [
              1,
              0.9778,
              1
            ],
            "2.12": [
              1,
              0.9667,
              1
            ],
            "2.92": [
              1,
              0.9667,
              1
            ],
            "3.0": [
              1,
              0.9,
              1
            ],
            "3.08": [
              1,
              1,
              1
            ],
            "3.16": [
              1,
              1.0333,
              1
            ],
            "3.24": [
              1,
              1,
              1
            ]
          }
        },
        "leftPupil": {
          "position": {
            "0.04": [
              0,
              0,
              0
            ],
            "0.08": [
              0,
              0,
              0
            ],
            "0.16": [
              0,
              -0.24,
              0
            ],
            "0.24": [
              0,
              -0.325,
              0
            ],
            "0.96": [
              0,
              -0.32,
              0
            ],
            "1.04": [
              0.04,
              -0.32,
              0
            ],
            "1.12": [
              0.11,
              -0.32,
              0
            ],
            "1.2": [
              0.12,
              -0.32,
              0
            ],
            "1.28": [
              0.125,
              -0.32,
              0
            ],
            "1.96": [
              0.13,
              -0.32,
              0
            ],
            "2.04": [
              0.11,
              -0.3,
              0
            ],
            "2.08": [
              0.07,
              -0.28,
              0
            ],
            "2.2": [
              0.055,
              -0.27,
              0
            ],
            "3.0": [
              0.06,
              -0.27,
              0
            ],
            "3.04": [
              0.03,
              -0.13,
              0
            ],
            "3.16": [
              0,
              0,
              0
            ]
          }
        }
      }
    }
  }
}