{
  "format_version": "1.8.0",
  "animations": {
    "animation.hive.sonic.badnik.spinner.idle.blink": {
      "loop": "hold_on_last_frame",
      "animation_length": 1.08,
      "bones": {
        "head": {
          "rotation": {
            "0.12": [
              0,
              0,
              0
            ],
            "0.2": [
              2.5,
              0,
              0
            ],
            "0.24": [
              3.5,
              0,
              0
            ],
            "0.36": [
              -0.46,
              0,
              0
            ],
            "0.48": [
              -1.05,
              0,
              0
            ],
            "0.6": [
              -1.25,
              0,
              0
            ],
            "0.76": [
              0.75,
              0,
              0
            ],
            "0.88": [
              0.3,
              0,
              0
            ],
            "1.04": [
              0,
              0,
              0
            ]
          }
        },
        "rightEar": {
          "rotation": {
            "0.08": [
              0,
              0,
              0
            ],
            "0.16": [
              1.88,
              0,
              0
            ],
            "0.24": [
              7.5,
              0,
              0
            ],
            "0.36": [
              -5,
              0,
              0
            ],
            "0.48": [
              -7.5,
              0,
              0
            ],
            "0.6": [
              -1.88,
              0,
              0
            ],
            "0.76": [
              0,
              0,
              0
            ]
          }
        },
        "leftEar": {
          "rotation": {
            "0.12": [
              0,
              0,
              0
            ],
            "0.2": [
              1.88,
              0,
              0
            ],
            "0.28": [
              7.5,
              0,
              0
            ],
            "0.4": [
              -5,
              0,
              0
            ],
            "0.52": [
              -7.5,
              0,
              0
            ],
            "0.64": [
              -1.88,
              0,
              0
            ],
            "0.8": [
              0,
              0,
              0
            ]
          }
        },
        "body": {
          "rotation": {
            "0.08": [
              0,
              0,
              0
            ],
            "0.2": [
              1.67,
              0,
              0
            ],
            "0.28": [
              5,
              0,
              0
            ],
            "0.36": [
              2.5,
              0,
              0
            ],
            "0.48": [
              -1.25,
              0,
              0
            ],
            "0.6": [
              -2.5,
              0,
              0
            ],
            "0.72": [
              -1,
              0,
              0
            ],
            "0.96": [
              0,
              0,
              0
            ]
          }
        },
        "rightLeg": {
          "rotation": {
            "0.16": [
              0,
              0,
              0
            ],
            "0.28": [
              3.75,
              0,
              0
            ],
            "0.4": [
              5,
              0,
              0
            ],
            "0.68": [
              1.5,
              0,
              0
            ],
            "1.04": [
              0,
              0,
              0
            ]
          }
        },
        "leftLeg": {
          "rotation": {
            "0.2": [
              0,
              0,
              0
            ],
            "0.32": [
              3.75,
              0,
              0
            ],
            "0.44": [
              5,
              0,
              0
            ],
            "0.72": [
              1.5,
              0,
              0
            ],
            "1.04": [
              0,
              0,
              0
            ]
          }
        },
        "eyeRight": {
          "scale": {
            "0.0": [
              1,
              1,
              1
            ],
            "0.08": [
              1,
              0.96,
              1
            ],
            "0.12": [
              1,
              0.9,
              1
            ],
            "0.16": [
              1,
              0.7,
              1
            ],
            "0.2": [
              1,
              0.1,
              1
            ],
            "0.24": [
              1,
              0.575,
              1
            ],
            "0.36": [
              1,
              1.05,
              1
            ],
            "0.52": [
              1,
              1,
              1
            ]
          }
        },
        "eyeLeft": {
          "scale": {
            "0.04": [
              1,
              1,
              1
            ],
            "0.12": [
              1,
              0.96,
              1
            ],
            "0.16": [
              1,
              0.9,
              1
            ],
            "0.2": [
              1,
              0.7,
              1
            ],
            "0.24": [
              1,
              0.1,
              1
            ],
            "0.28": [
              1,
              0.575,
              1
            ],
            "0.4": [
              1,
              1.05,
              1
            ],
            "0.56": [
              1,
              1,
              1
            ]
          }
        }
      }
    },
    "animation.hive.sonic.badnik.spinner.idle.spin": {
      "loop": true,
      "animation_length": 0.36,
      "bones": {
        "body": {
          "rotation": {
            "0.0": [
              0,
              0,
              0
            ],
            "0.36": [
              0,
              360,
              0
            ]
          }
        },
        "blade1": {
          "rotation": {
            "0.0": [
              -15,
              0,
              0
            ],
            "0.36": [
              -15,
              0,
              0
            ]
          },
          "position": [
            9,
            0,
            0
          ],
          "scale": [
            1.5,
            1,
            1.9
          ]
        },
        "blade2": {
          "rotation": {
            "0.0": [
              15,
              0,
              0
            ],
            "0.36": [
              15,
              0,
              0
            ]
          },
          "position": [
            -6,
            0,
            0
          ],
          "scale": [
            1.5,
            1,
            1.9
          ]
        }
      }
    },
    "animation.hive.sonic.badnik.spinner.idle.float": {
      "loop": true,
      "animation_length": 4.68,
      "bones": {
        "head": {
          "rotation": {
            "0.28": [
              0,
              0,
              0
            ],
            "0.4": [
              -1.67,
              0,
              0
            ],
            "0.56": [
              -3.89,
              0,
              0
            ],
            "0.8": [
              2.5,
              0,
              0
            ],
            "0.88": [
              1.56,
              0,
              0
            ],
            "1.12": [
              0,
              0,
              0
            ],
            "1.72": [
              0,
              0,
              0
            ],
            "1.84": [
              -1.67,
              0,
              0
            ],
            "2.0": [
              -3.89,
              0,
              0
            ],
            "2.24": [
              2.5,
              0,
              0
            ],
            "2.32": [
              1.56,
              0,
              0
            ],
            "2.56": [
              0,
              0,
              0
            ],
            "3.32": [
              0,
              0,
              0
            ],
            "3.44": [
              -1.67,
              0,
              0
            ],
            "3.6": [
              -3.89,
              0,
              0
            ],
            "3.84": [
              2.5,
              0,
              0
            ],
            "3.92": [
              1.56,
              0,
              0
            ],
            "4.16": [
              0,
              0,
              0
            ]
          }
        },
        "body": {
          "rotation": {
            "0.0": [
              0,
              0,
              0
            ],
            "0.16": [
              0,
              0,
              0.37
            ],
            "1.0": [
              0,
              0,
              4.66
            ],
            "1.16": [
              0,
              0,
              5
            ],
            "1.36": [
              0,
              0,
              4.44
            ],
            "2.04": [
              0,
              0,
              -1.87
            ],
            "2.24": [
              0,
              0,
              -2.5
            ],
            "4.68": [
              0,
              0,
              0
            ]
          }
        },
        "rightLeg": {
          "rotation": {
            "0.04": [
              0,
              0,
              0
            ],
            "0.44": [
              2.72,
              0,
              0
            ],
            "1.16": [
              12.5,
              0,
              0
            ],
            "1.36": [
              2.75,
              0,
              0
            ],
            "1.56": [
              0,
              0,
              0
            ],
            "1.96": [
              2.72,
              0,
              0
            ],
            "2.68": [
              12.5,
              0,
              0
            ],
            "2.88": [
              2.75,
              0,
              0
            ],
            "3.08": [
              0,
              0,
              0
            ],
            "3.48": [
              2.72,
              0,
              0
            ],
            "4.2": [
              12.5,
              0,
              0
            ],
            "4.4": [
              2.75,
              0,
              0
            ],
            "4.68": [
              0,
              0,
              0
            ]
          }
        },
        "leftLeg": {
          "rotation": {
            "0.0": [
              0,
              0,
              0
            ],
            "0.4": [
              2.72,
              0,
              0
            ],
            "1.12": [
              12.5,
              0,
              0
            ],
            "1.32": [
              2.75,
              0,
              0
            ],
            "1.52": [
              0,
              0,
              0
            ],
            "1.92": [
              2.72,
              0,
              0
            ],
            "2.64": [
              12.5,
              0,
              0
            ],
            "2.84": [
              2.75,
              0,
              0
            ],
            "3.04": [
              0,
              0,
              0
            ],
            "3.44": [
              2.72,
              0,
              0
            ],
            "4.16": [
              12.5,
              0,
              0
            ],
            "4.36": [
              2.75,
              0,
              0
            ],
            "4.68": [
              0,
              0,
              0
            ]
          }
        },
        "middle": {
          "rotation": {
            "0.0": [
              0,
              0,
              0
            ],
            "0.28": [
              0.83,
              0.42,
              0
            ],
            "0.6": [
              3.86,
              1.93,
              0
            ],
            "0.84": [
              4.72,
              2.36,
              0
            ],
            "1.04": [
              5,
              2.5,
              0
            ],
            "1.52": [
              3.75,
              1.25,
              -0.42
            ],
            "2.04": [
              0.68,
              -1.82,
              -1.44
            ],
            "2.6": [
              -0.63,
              -3.13,
              -1.88
            ],
            "3.28": [
              -0.63,
              -3.13,
              -1.88
            ],
            "4.68": [
              0,
              0,
              0
            ]
          },
          "position": {
            "0.0": [
              0,
              0,
              0
            ],
            "0.32": [
              0.08,
              0,
              0
            ],
            "0.84": [
              0.81,
              0,
              0
            ],
            "1.44": [
              1,
              0,
              0
            ],
            "1.96": [
              1,
              0,
              0
            ],
            "2.36": [
              0.69,
              0,
              0
            ],
            "2.84": [
              -0.58,
              0,
              0
            ],
            "3.4": [
              -1,
              0,
              0
            ],
            "4.28": [
              -0.13,
              0,
              0
            ],
            "4.68": [
              0,
              0,
              0
            ]
          }
        },
        "root": {
          "position": {
            "0.0": [
              0,
              0,
              0
            ],
            "0.28": [
              0,
              -0.3,
              0
            ],
            "0.52": [
              0,
              -1.7,
              0
            ],
            "0.8": [
              0,
              -2,
              0
            ],
            "1.04": [
              0,
              -1.68,
              0
            ],
            "1.28": [
              0,
              -0.32,
              0
            ],
            "1.56": [
              0,
              0,
              0
            ],
            "1.84": [
              0,
              -0.3,
              0
            ],
            "2.08": [
              0,
              -1.7,
              0
            ],
            "2.36": [
              0,
              -2,
              0
            ],
            "2.6": [
              0,
              -1.68,
              0
            ],
            "2.84": [
              0,
              -0.32,
              0
            ],
            "3.12": [
              0,
              0,
              0
            ],
            "3.4": [
              0,
              -0.3,
              0
            ],
            "3.64": [
              0,
              -1.7,
              0
            ],
            "3.92": [
              0,
              -2,
              0
            ],
            "4.16": [
              0,
              -1.68,
              0
            ],
            "4.4": [
              0,
              -0.32,
              0
            ],
            "4.68": [
              0,
              0,
              0
            ]
          }
        }
      }
    },
    "animation.hive.sonic.badnik.spinner.idle.vibrate": {
      "loop": true,
      "animation_length": 1.2,
      "bones": {
        "middle": {
          "position": {
            "0.0": [
              0,
              0,
              0
            ],
            "0.04": [
              -0.075,
              -0.125,
              0
            ],
            "0.08": [
              0.005,
              0,
              0
            ],
            "0.12": [
              0.175,
              -0.225,
              0
            ],
            "0.16": [
              0.18,
              -0.25,
              0
            ],
            "0.2": [
              0,
              0,
              0
            ],
            "0.24": [
              -0.075,
              -0.125,
              0
            ],
            "0.28": [
              0.005,
              0,
              0
            ],
            "0.32": [
              0.175,
              -0.225,
              0
            ],
            "0.36": [
              0.18,
              -0.25,
              0
            ],
            "0.4": [
              0,
              0,
              0
            ],
            "0.44": [
              -0.075,
              -0.125,
              0
            ],
            "0.48": [
              0.005,
              0,
              0
            ],
            "0.52": [
              0.175,
              -0.225,
              0
            ],
            "0.56": [
              0.18,
              -0.25,
              0
            ],
            "0.6": [
              0,
              0,
              0
            ],
            "0.64": [
              -0.075,
              -0.125,
              0
            ],
            "0.68": [
              0.005,
              0,
              0
            ],
            "0.72": [
              0.175,
              -0.225,
              0
            ],
            "0.76": [
              0.18,
              -0.25,
              0
            ],
            "0.8": [
              0,
              0,
              0
            ],
            "0.84": [
              -0.075,
              -0.125,
              0
            ],
            "0.88": [
              0.005,
              0,
              0
            ],
            "0.92": [
              0.175,
              -0.225,
              0
            ],
            "0.96": [
              0.18,
              -0.25,
              0
            ],
            "1.0": [
              0,
              0,
              0
            ],
            "1.04": [
              -0.075,
              -0.125,
              0
            ],
            "1.08": [
              0.005,
              0,
              0
            ],
            "1.12": [
              0.175,
              -0.225,
              0
            ],
            "1.16": [
              0.18,
              -0.25,
              0
            ],
            "1.2": [
              0,
              0,
              0
            ]
          }
        }
      }
    },
    "animation.hive.sonic.badnik.spinner.explode": {
      "loop": "hold_on_last_frame",
      "animation_length": 0.84,
      "bones": {
        "head": {
          "rotation": {
            "0.2": [
              0,
              0,
              0
            ],
            "0.4": [
              0,
              0,
              107.14
            ],
            "0.48": [
              0,
              0,
              125
            ],
            "0.6": [
              0,
              0,
              155
            ]
          },
          "position": {
            "0.08": [
              0,
              0,
              0
            ],
            "0.24": [
              3.33,
              6.5,
              0
            ],
            "0.32": [
              10,
              10.5,
              0
            ],
            "0.36": [
              16.67,
              11.72,
              0
            ],
            "0.48": [
              27,
              9,
              0
            ],
            "0.6": [
              32,
              4,
              0
            ]
          },
          "scale": {
            "0.12": [
              1,
              1,
              1
            ],
            "0.4": [
              1,
              1,
              1
            ],
            "0.6": [
              0,
              0,
              0
            ]
          }
        },
        "body": {
          "rotation": {
            "0.0": [
              0,
              709.64,
              0
            ],
            "0.12": [
              -0.25,
              711.84,
              0
            ],
            "0.68": [
              -5,
              730.84,
              0
            ]
          },
          "position": [
            0,
            0,
            0
          ],
          "scale": 1
        },
        "blade1": {
          "rotation": {
            "0.08": [
              11.88,
              0,
              0
            ],
            "0.16": [
              12.5,
              0,
              12.5
            ],
            "0.76": [
              12.5,
              60,
              -170
            ]
          },
          "position": {
            "0.2": [
              0,
              0,
              0
            ],
            "0.44": [
              -7.3,
              0.39,
              0
            ],
            "0.52": [
              -11.79,
              -0.24,
              0
            ],
            "0.64": [
              -16.61,
              -3.95,
              0
            ],
            "0.76": [
              -20.26,
              -9.55,
              0
            ]
          },
          "scale": {
            "0.2": [
              1,
              1,
              1
            ],
            "0.76": [
              0,
              0,
              0
            ]
          }
        },
        "blade2": {
          "rotation": {
            "0.12": [
              -12.5,
              0,
              -2.5
            ],
            "0.68": [
              -12.5,
              0,
              180
            ]
          },
          "position": {
            "0.2": [
              0,
              0,
              0
            ],
            "0.44": [
              15.18,
              0.82,
              0
            ],
            "0.56": [
              23.3,
              -2.75,
              0
            ],
            "0.68": [
              28,
              -11,
              0
            ]
          },
          "scale": {
            "0.2": [
              1,
              1,
              1
            ],
            "0.68": [
              0,
              0,
              0
            ]
          }
        },
        "bottomBody": {
          "rotation": {
            "0.2": [
              0,
              0,
              -10
            ],
            "0.64": [
              -90,
              0,
              80
            ]
          },
          "position": {
            "0.2": [
              0,
              0,
              0
            ],
            "0.28": [
              0,
              -4,
              0
            ],
            "0.64": [
              3,
              -19,
              0
            ]
          },
          "scale": {
            "0.24": [
              1,
              1,
              1
            ],
            "0.64": [
              0,
              0,
              0
            ]
          }
        },
        "rightLeg": {
          "rotation": [
            -7.5,
            0,
            20
          ],
          "position": [
            0,
            0,
            0
          ],
          "scale": 1
        },
        "leftLeg": {
          "rotation": [
            -7.5,
            0,
            -20
          ],
          "position": [
            0,
            0,
            0
          ],
          "scale": 1
        },
        "middle": {
          "rotation": {
            "0.0": [
              0,
              0,
              5
            ],
            "0.08": [
              0,
              0,
              7.5
            ],
            "0.2": [
              0,
              0,
              30
            ]
          },
          "position": {
            "0.0": [
              0,
              0.71,
              0
            ],
            "0.08": [
              0,
              0.36,
              0
            ],
            "0.2": [
              0,
              -5,
              0
            ]
          },
          "scale": {
            "0.0": [
              1,
              1.1,
              1
            ],
            "0.04": [
              1,
              1,
              1
            ],
            "0.08": [
              1,
              0.7,
              1
            ],
            "0.12": [
              1,
              0.8333,
              1
            ],
            "0.2": [
              1,
              0.8,
              1
            ],
            "0.32": [
              1,
              1.3,
              1
            ]
          }
        },
        "eyeRight": {
          "position": [
            -1,
            0,
            0
          ],
          "scale": [
            1.6,
            1.8,
            1
          ]
        },
        "eyeLeft": {
          "position": [
            1,
            0,
            0
          ],
          "scale": [
            1.6,
            1.8,
            1
          ]
        },
        "middleSolo": {
          "rotation": {
            "0.2": [
              0,
              0,
              0
            ],
            "0.84": [
              0,
              142.5,
              0
            ]
          },
          "position": {
            "0.2": [
              0,
              0,
              0
            ],
            "0.28": [
              0,
              0,
              0
            ]
          },
          "scale": {
            "0.12": [
              1,
              1,
              1
            ],
            "0.36": [
              1,
              1,
              1
            ],
            "0.84": [
              0,
              0,
              0
            ]
          }
        },
        "pupilRight": {
          "position": {
            "0.12": [
              0,
              -0.5,
              0
            ],
            "0.48": [
              -1,
              0.5,
              0
            ]
          },
          "scale": [
            0.3,
            0.3,
            1
          ]
        },
        "pupilLeft": {
          "position": {
            "0.12": [
              0,
              -0.5,
              0
            ],
            "0.48": [
              1,
              0.5,
              0
            ]
          },
          "scale": [
            0.3,
            0.3,
            1
          ]
        }
      }
    }
  }
}