{
  "format_version": "1.8.0",
  "render_controllers": {
    "controller.render.hive.sonic.bpg.sign": {
      "geometry": "Geometry.sign",
      "materials": [
        {
          "*": "Material.default"
        }
      ],
      "textures": [
        "Texture.sign"
      ]
    },
    "controller.render.hive.sonic.bpg.sign.graphic": {
      "arrays": {
        "textures": {
          "array.textures": [
            "Texture.no_game",
            "Texture.chao_rescue",
            "Texture.ring_royale",
            "Texture.ring_dash",
            "Texture.red_light_green_light",
            "Texture.go_fast",
            "Texture.badnik_range"
          ]
        }
      },
      "geometry": "Geometry.graphic",
      "materials": [
        {
          "*": "Material.default"
        },
        {
          "text": "Material.faded"
        }
      ],
      "textures": [
        "array.textures[query.mark_variant]"
      ]
    }
  }
}