{
  "format_version": "1.8.0",
  "animations": {
    "animation.hive.sonic.event.hatch.large.open": {
      "loop": "hold_on_last_frame",
      "animation_length": 25.4,
      "bones": {
        "Door_Left": {
          "position": {
            "12.72": [
              0,
              0,
              0
            ],
            "12.8": [
              -3,
              0,
              0
            ],
            "12.88": [
              -2.75,
              0,
              0
            ],
            "13.12": [
              -2.75,
              0,
              0
            ],
            "13.32": [
              -3.57,
              0,
              0
            ],
            "18.76": [
              -47.925,
              0,
              0
            ],
            "18.92": [
              -47.6,
              0,
              0
            ],
            "19.16": [
              -47.8,
              0,
              0
            ]
          }
        },
        "redBar3": {
          "position": {
            "11.88": [
              0,
              0,
              0
            ],
            "11.96": [
              -10,
              0,
              0
            ],
            "12.04": [
              -9,
              0,
              0
            ],
            "12.16": [
              -9.725,
              0,
              0
            ]
          }
        },
        "redBar4": {
          "position": {
            "11.16": [
              0,
              0,
              0
            ],
            "11.24": [
              -10,
              0,
              0
            ],
            "11.32": [
              -9,
              0,
              0
            ],
            "11.44": [
              -9.725,
              0,
              0
            ]
          }
        },
        "halfLock3": {
          "position": {
            "5.6": [
              0,
              0,
              0
            ],
            "5.72": [
              -4,
              0,
              0
            ],
            "5.76": [
              -3,
              0,
              0
            ],
            "5.84": [
              -3.225,
              0,
              0
            ],
            "9.72": [
              -3.23,
              0,
              0
            ],
            "11.32": [
              -3.23,
              0,
              0
            ],
            "11.44": [
              -4.08,
              -0.025,
              0
            ],
            "11.84": [
              -6.16,
              -0.26,
              0
            ],
            "11.92": [
              -6.085,
              -0.26,
              0
            ]
          }
        },
        "halfLock4": {
          "position": {
            "5.52": [
              0,
              0,
              0
            ],
            "5.64": [
              -4,
              0,
              0
            ],
            "5.68": [
              -3,
              0,
              0
            ],
            "5.76": [
              -3.225,
              0,
              0
            ],
            "9.64": [
              -3.23,
              0,
              0
            ],
            "11.24": [
              -3.23,
              0,
              0
            ],
            "11.36": [
              -4.08,
              -0.025,
              0
            ],
            "11.76": [
              -6.16,
              -0.26,
              0
            ],
            "11.84": [
              -6.085,
              -0.26,
              0
            ]
          }
        },
        "metalSupport3": {
          "rotation": {
            "5.6": [
              0,
              0,
              0
            ],
            "9.72": [
              0,
              0,
              0
            ],
            "10.04": [
              0,
              0,
              -2.5
            ],
            "10.16": [
              0,
              0,
              -2.29
            ],
            "11.32": [
              0,
              0,
              -2.29
            ],
            "11.92": [
              0,
              0,
              -7.29
            ],
            "12.0": [
              0,
              0,
              -7.12
            ],
            "12.08": [
              0,
              0,
              -7.18
            ]
          },
          "position": {
            "5.6": [
              0,
              0,
              0
            ],
            "5.72": [
              -1,
              0,
              0
            ],
            "5.76": [
              -0.67,
              0,
              0
            ],
            "9.72": [
              -0.67,
              0,
              0
            ],
            "10.04": [
              -0.67,
              -1,
              0
            ],
            "10.16": [
              -0.67,
              -0.92,
              0
            ],
            "11.32": [
              -0.67,
              -0.92,
              0
            ],
            "11.92": [
              -0.67,
              -2.545,
              0
            ],
            "12.0": [
              -0.67,
              -2.49,
              0
            ],
            "12.08": [
              -0.67,
              -2.51,
              0
            ]
          }
        },
        "wiring": {
          "rotation": {
            "9.92": [
              0,
              0,
              0
            ],
            "10.04": [
              -2.5,
              0,
              0
            ],
            "10.2": [
              0,
              0,
              0
            ],
            "10.36": [
              -1,
              0,
              0
            ],
            "11.8": [
              -1,
              0,
              0
            ],
            "11.92": [
              -2.67,
              0,
              0
            ],
            "12.0": [
              -2.34,
              0,
              0
            ]
          }
        },
        "metalSupport4": {
          "rotation": {
            "5.52": [
              0,
              0,
              0
            ],
            "9.64": [
              0,
              0,
              0
            ],
            "9.96": [
              0,
              0,
              -2.5
            ],
            "10.08": [
              0,
              0,
              -2.29
            ],
            "11.24": [
              0,
              0,
              -2.29
            ],
            "11.84": [
              0,
              0,
              -7.29
            ],
            "11.92": [
              0,
              0,
              -7.12
            ],
            "12.0": [
              0,
              0,
              -7.18
            ]
          },
          "position": {
            "5.52": [
              0,
              0,
              0
            ],
            "5.64": [
              -1,
              0,
              0
            ],
            "5.68": [
              -0.67,
              0,
              0
            ],
            "9.64": [
              -0.67,
              0,
              0
            ],
            "9.96": [
              -0.67,
              -1,
              0
            ],
            "10.08": [
              -0.67,
              -0.92,
              0
            ],
            "11.24": [
              -0.67,
              -0.92,
              0
            ],
            "11.84": [
              -0.67,
              -2.545,
              0
            ],
            "11.92": [
              -0.67,
              -2.49,
              0
            ],
            "12.0": [
              -0.67,
              -2.51,
              0
            ]
          }
        },
        "wiring2": {
          "rotation": {
            "9.92": [
              0,
              0,
              0
            ],
            "10.04": [
              2.5,
              0,
              0
            ],
            "10.2": [
              0,
              0,
              0
            ],
            "10.36": [
              1,
              0,
              0
            ],
            "11.8": [
              1,
              0,
              0
            ],
            "11.92": [
              2.67,
              0,
              0
            ],
            "12.0": [
              2.34,
              0,
              0
            ]
          }
        },
        "spinningValve2": {
          "rotation": {
            "3.72": [
              0,
              0,
              0
            ],
            "3.84": [
              0,
              4.94,
              0
            ],
            "3.92": [
              0,
              34.07,
              0
            ],
            "4.76": [
              0,
              675,
              0
            ],
            "4.84": [
              0,
              671.67,
              0
            ],
            "4.96": [
              0,
              670,
              0
            ],
            "6.84": [
              0,
              670,
              0
            ],
            "6.88": [
              0,
              660.73,
              0
            ],
            "7.08": [
              0,
              515.29,
              0
            ],
            "7.2": [
              0,
              520.29,
              0
            ],
            "7.32": [
              0,
              517.79,
              0
            ],
            "8.44": [
              0,
              517.79,
              0
            ],
            "8.48": [
              0,
              522.79,
              0
            ],
            "8.52": [
              0,
              520.29,
              0
            ],
            "8.56": [
              0,
              527.79,
              0
            ],
            "8.6": [
              0,
              525.29,
              0
            ],
            "8.64": [
              0,
              530.29,
              0
            ],
            "8.68": [
              0,
              527.79,
              0
            ],
            "8.72": [
              0,
              532.79,
              0
            ],
            "8.76": [
              0,
              530.29,
              0
            ],
            "8.84": [
              0,
              535.29,
              0
            ],
            "8.88": [
              0,
              534.04,
              0
            ],
            "9.0": [
              0,
              532.79,
              0
            ],
            "10.68": [
              0,
              532.79,
              0
            ],
            "10.72": [
              0,
              537.79,
              0
            ],
            "10.76": [
              0,
              535.29,
              0
            ],
            "10.8": [
              0,
              540.29,
              0
            ],
            "10.84": [
              0,
              537.79,
              0
            ],
            "10.88": [
              0,
              545.29,
              0
            ],
            "10.92": [
              0,
              542.79,
              0
            ],
            "11.0": [
              0,
              545.29,
              0
            ],
            "12.72": [
              0,
              545.29,
              0
            ],
            "12.76": [
              0,
              553.76,
              0
            ],
            "12.8": [
              0,
              561.26,
              0
            ],
            "12.88": [
              0,
              558.76,
              0
            ],
            "13.0": [
              0,
              560.01,
              0
            ],
            "13.12": [
              0,
              560.01,
              0
            ],
            "17.76": [
              0,
              365.01,
              0
            ]
          },
          "position": {
            "12.72": [
              0,
              0,
              0
            ],
            "12.8": [
              0,
              -1,
              0
            ]
          }
        },
        "arm5": {
          "rotation": {
            "3.48": [
              0,
              0,
              0
            ],
            "3.56": [
              0,
              0,
              -5
            ],
            "3.6": [
              0,
              0,
              -3.12
            ],
            "3.68": [
              0,
              0,
              -2.5
            ],
            "7.04": [
              0,
              0,
              -2.5
            ],
            "7.08": [
              0,
              0,
              22.5
            ],
            "7.8": [
              0,
              0,
              22.5
            ],
            "7.84": [
              0,
              0,
              25.61
            ],
            "7.92": [
              0,
              0,
              27.5
            ],
            "8.2": [
              0,
              0,
              27.5
            ],
            "8.28": [
              0,
              0,
              20
            ],
            "8.36": [
              0,
              0,
              22.5
            ],
            "9.04": [
              0,
              0,
              22.5
            ],
            "9.12": [
              0,
              0,
              2.5
            ],
            "9.2": [
              0,
              0,
              5
            ],
            "10.72": [
              0,
              0,
              5
            ],
            "10.76": [
              0,
              0,
              4.17
            ],
            "10.8": [
              0,
              0,
              2.5
            ],
            "10.92": [
              0,
              0,
              75
            ],
            "11.0": [
              0,
              0,
              72.5
            ],
            "11.08": [
              0,
              0,
              73.75
            ],
            "12.76": [
              0,
              0,
              73.75
            ],
            "12.84": [
              0,
              0,
              -23.75
            ],
            "12.92": [
              0,
              0,
              -16.25
            ],
            "13.04": [
              0,
              0,
              -18.75
            ]
          }
        },
        "arm7": {
          "rotation": {
            "3.56": [
              0,
              0,
              0
            ],
            "3.64": [
              0,
              0,
              5
            ],
            "3.68": [
              0,
              0,
              3.12
            ],
            "3.76": [
              0,
              0,
              2.5
            ],
            "7.04": [
              0,
              0,
              2.5
            ],
            "7.08": [
              0,
              0,
              -22.5
            ],
            "7.76": [
              0,
              0,
              -22.5
            ],
            "7.8": [
              0,
              0,
              -25.61
            ],
            "7.88": [
              0,
              0,
              -27.5
            ],
            "8.16": [
              0,
              0,
              -27.5
            ],
            "8.24": [
              0,
              0,
              -20
            ],
            "8.32": [
              0,
              0,
              -22.5
            ],
            "8.96": [
              0,
              0,
              -22.5
            ],
            "9.04": [
              0,
              0,
              -2.5
            ],
            "9.12": [
              0,
              0,
              -5
            ],
            "10.68": [
              0,
              0,
              -5
            ],
            "10.72": [
              0,
              0,
              -4.17
            ],
            "10.76": [
              0,
              0,
              -2.5
            ],
            "10.88": [
              0,
              0,
              -75
            ],
            "10.96": [
              0,
              0,
              -72.5
            ],
            "11.04": [
              0,
              0,
              -73.75
            ],
            "12.72": [
              0,
              0,
              -73.75
            ],
            "12.8": [
              0,
              0,
              23.75
            ],
            "12.88": [
              0,
              0,
              16.25
            ],
            "13.0": [
              0,
              0,
              18.75
            ]
          }
        },
        "piston9": {
          "position": {
            "2.92": [
              0,
              0,
              0
            ],
            "3.08": [
              0,
              -2,
              0
            ],
            "3.12": [
              0,
              -1.725,
              0
            ],
            "3.2": [
              0,
              -1.845,
              0
            ],
            "7.0": [
              0,
              -1.84,
              0
            ],
            "7.04": [
              0,
              -1.61,
              0
            ],
            "7.08": [
              0,
              -1.51,
              0
            ],
            "7.12": [
              0,
              -1.66,
              0
            ],
            "7.16": [
              0,
              -1.365,
              0
            ],
            "7.2": [
              0,
              -1.61,
              0
            ],
            "7.24": [
              0,
              -1.36,
              0
            ],
            "7.28": [
              0,
              -1.585,
              0
            ],
            "7.36": [
              0,
              -1.285,
              0
            ],
            "9.04": [
              0,
              -1.28,
              0
            ],
            "9.12": [
              0,
              -0.28,
              0
            ],
            "9.2": [
              0,
              -0.455,
              0
            ],
            "9.32": [
              0,
              -0.28,
              0
            ],
            "11.24": [
              0,
              -0.28,
              0
            ],
            "11.84": [
              0,
              -2.905,
              0
            ],
            "11.92": [
              0,
              -2.625,
              0
            ],
            "12.08": [
              0,
              -2.905,
              0
            ],
            "12.84": [
              0,
              -2.9,
              0
            ],
            "12.96": [
              0,
              -1.92,
              0
            ],
            "13.04": [
              0,
              -2.145,
              0
            ]
          }
        },
        "piston10": {
          "position": {
            "2.88": [
              0,
              0,
              0
            ],
            "3.04": [
              0,
              -2,
              0
            ],
            "3.08": [
              0,
              -1.725,
              0
            ],
            "3.16": [
              0,
              -1.845,
              0
            ],
            "5.08": [
              0,
              -1.84,
              0
            ],
            "5.16": [
              0,
              -0.84,
              0
            ],
            "5.24": [
              0,
              -0.89,
              0
            ],
            "5.32": [
              0,
              -0.86,
              0
            ],
            "7.0": [
              0,
              -0.86,
              0
            ],
            "7.12": [
              0,
              -0.59,
              0
            ],
            "7.16": [
              0,
              -0.36,
              0
            ],
            "7.2": [
              0,
              -0.26,
              0
            ],
            "7.24": [
              0,
              -0.41,
              0
            ],
            "7.28": [
              0,
              -0.115,
              0
            ],
            "7.32": [
              0,
              -0.36,
              0
            ],
            "7.36": [
              0,
              -0.11,
              0
            ],
            "7.4": [
              0,
              -0.335,
              0
            ],
            "7.48": [
              0,
              -0.035,
              0
            ],
            "7.56": [
              0,
              -0.19,
              0
            ],
            "9.04": [
              0,
              -0.19,
              0
            ],
            "9.12": [
              0,
              -5.19,
              0
            ],
            "9.2": [
              0,
              -4.865,
              0
            ],
            "9.28": [
              0,
              -4.97,
              0
            ],
            "11.24": [
              0,
              -4.97,
              0
            ],
            "11.84": [
              0,
              -2.97,
              0
            ],
            "11.92": [
              0,
              -3.295,
              0
            ],
            "12.0": [
              0,
              -3.175,
              0
            ],
            "12.8": [
              0,
              -3.17,
              0
            ],
            "13.0": [
              0,
              -1.92,
              0
            ],
            "13.08": [
              0,
              -2.145,
              0
            ]
          }
        },
        "piston11": {
          "position": {
            "2.84": [
              0,
              0,
              0
            ],
            "3.0": [
              0,
              -2,
              0
            ],
            "3.04": [
              0,
              -1.725,
              0
            ],
            "3.12": [
              0,
              -1.845,
              0
            ],
            "6.92": [
              0,
              -1.84,
              0
            ],
            "6.96": [
              0,
              -1.84,
              0
            ],
            "7.0": [
              0,
              -1.61,
              0
            ],
            "7.04": [
              0,
              -1.51,
              0
            ],
            "7.08": [
              0,
              -1.66,
              0
            ],
            "7.12": [
              0,
              -1.365,
              0
            ],
            "7.16": [
              0,
              -1.61,
              0
            ],
            "7.2": [
              0,
              -1.36,
              0
            ],
            "7.24": [
              0,
              -1.585,
              0
            ],
            "7.32": [
              0,
              -1.285,
              0
            ],
            "9.0": [
              0,
              -1.28,
              0
            ],
            "9.12": [
              0,
              -2.755,
              0
            ],
            "9.2": [
              0,
              -2.585,
              0
            ],
            "9.28": [
              0,
              -2.705,
              0
            ],
            "11.16": [
              0,
              -2.7,
              0
            ],
            "11.76": [
              0,
              -2.925,
              0
            ],
            "11.84": [
              0,
              -2.795,
              0
            ],
            "12.0": [
              0,
              -2.925,
              0
            ],
            "12.8": [
              0,
              -2.92,
              0
            ],
            "12.92": [
              0,
              -1.92,
              0
            ],
            "13.0": [
              0,
              -2.145,
              0
            ]
          }
        },
        "piston13": {
          "position": {
            "2.92": [
              0,
              0,
              0
            ],
            "3.08": [
              0,
              -2,
              0
            ],
            "3.12": [
              0,
              -1.725,
              0
            ],
            "3.2": [
              0,
              -1.845,
              0
            ],
            "7.0": [
              0,
              -1.84,
              0
            ],
            "7.04": [
              0,
              -1.61,
              0
            ],
            "7.08": [
              0,
              -1.51,
              0
            ],
            "7.12": [
              0,
              -1.66,
              0
            ],
            "7.16": [
              0,
              -1.365,
              0
            ],
            "7.2": [
              0,
              -1.61,
              0
            ],
            "7.24": [
              0,
              -1.36,
              0
            ],
            "7.28": [
              0,
              -1.585,
              0
            ],
            "7.36": [
              0,
              -1.285,
              0
            ],
            "9.04": [
              0,
              -1.28,
              0
            ],
            "9.12": [
              0,
              -0.28,
              0
            ],
            "9.2": [
              0,
              -0.455,
              0
            ],
            "9.32": [
              0,
              -0.28,
              0
            ],
            "11.24": [
              0,
              -0.28,
              0
            ],
            "11.84": [
              0,
              -2.905,
              0
            ],
            "11.92": [
              0,
              -2.625,
              0
            ],
            "12.08": [
              0,
              -2.905,
              0
            ],
            "12.72": [
              0,
              -2.9,
              0
            ],
            "12.84": [
              0,
              -1.92,
              0
            ],
            "12.92": [
              0,
              -2.145,
              0
            ]
          }
        },
        "piston14": {
          "position": {
            "2.88": [
              0,
              0,
              0
            ],
            "3.04": [
              0,
              -2,
              0
            ],
            "3.08": [
              0,
              -1.725,
              0
            ],
            "3.16": [
              0,
              -1.845,
              0
            ],
            "5.08": [
              0,
              -1.84,
              0
            ],
            "5.16": [
              0,
              -0.84,
              0
            ],
            "5.24": [
              0,
              -0.89,
              0
            ],
            "5.32": [
              0,
              -0.86,
              0
            ],
            "7.0": [
              0,
              -0.86,
              0
            ],
            "7.12": [
              0,
              -0.59,
              0
            ],
            "7.16": [
              0,
              -0.36,
              0
            ],
            "7.2": [
              0,
              -0.26,
              0
            ],
            "7.24": [
              0,
              -0.41,
              0
            ],
            "7.28": [
              0,
              -0.115,
              0
            ],
            "7.32": [
              0,
              -0.36,
              0
            ],
            "7.36": [
              0,
              -0.11,
              0
            ],
            "7.4": [
              0,
              -0.335,
              0
            ],
            "7.48": [
              0,
              -0.035,
              0
            ],
            "7.56": [
              0,
              -0.19,
              0
            ],
            "9.04": [
              0,
              -0.19,
              0
            ],
            "9.12": [
              0,
              -5.19,
              0
            ],
            "9.2": [
              0,
              -4.865,
              0
            ],
            "9.28": [
              0,
              -4.97,
              0
            ],
            "11.24": [
              0,
              -4.97,
              0
            ],
            "11.84": [
              0,
              -2.97,
              0
            ],
            "11.92": [
              0,
              -3.295,
              0
            ],
            "12.0": [
              0,
              -3.175,
              0
            ],
            "12.72": [
              0,
              -3.17,
              0
            ],
            "12.92": [
              0,
              -1.92,
              0
            ],
            "13.0": [
              0,
              -2.145,
              0
            ]
          }
        },
        "piston15": {
          "position": {
            "2.92": [
              0,
              0,
              0
            ],
            "3.08": [
              0,
              -2,
              0
            ],
            "3.12": [
              0,
              -1.725,
              0
            ],
            "3.2": [
              0,
              -1.845,
              0
            ],
            "7.0": [
              0,
              -1.84,
              0
            ],
            "7.04": [
              0,
              -1.84,
              0
            ],
            "7.08": [
              0,
              -1.61,
              0
            ],
            "7.12": [
              0,
              -1.51,
              0
            ],
            "7.16": [
              0,
              -1.66,
              0
            ],
            "7.2": [
              0,
              -1.365,
              0
            ],
            "7.24": [
              0,
              -1.61,
              0
            ],
            "7.28": [
              0,
              -1.36,
              0
            ],
            "7.32": [
              0,
              -1.585,
              0
            ],
            "7.4": [
              0,
              -1.285,
              0
            ],
            "9.08": [
              0,
              -1.28,
              0
            ],
            "9.2": [
              0,
              -2.755,
              0
            ],
            "9.28": [
              0,
              -2.585,
              0
            ],
            "9.36": [
              0,
              -2.705,
              0
            ],
            "11.24": [
              0,
              -2.7,
              0
            ],
            "11.84": [
              0,
              -2.925,
              0
            ],
            "11.92": [
              0,
              -2.795,
              0
            ],
            "12.08": [
              0,
              -2.925,
              0
            ],
            "12.72": [
              0,
              -2.92,
              0
            ],
            "12.84": [
              0,
              -1.92,
              0
            ],
            "12.92": [
              0,
              -2.145,
              0
            ]
          }
        },
        "Door_Right": {
          "position": {
            "12.72": [
              0,
              0,
              0
            ],
            "12.8": [
              3,
              0,
              0
            ],
            "12.88": [
              2.75,
              0,
              0
            ],
            "13.12": [
              2.75,
              0,
              0
            ],
            "13.32": [
              3.57,
              0,
              0
            ],
            "18.76": [
              47.925,
              0,
              0
            ],
            "18.92": [
              47.6,
              0,
              0
            ],
            "19.16": [
              47.8,
              0,
              0
            ]
          }
        },
        "redBar1": {
          "position": {
            "11.88": [
              0,
              0,
              0
            ],
            "12.0": [
              10,
              0,
              0
            ],
            "12.08": [
              9,
              0,
              0
            ],
            "12.2": [
              9.725,
              0,
              0
            ]
          }
        },
        "redBar2": {
          "position": {
            "11.16": [
              0,
              0,
              0
            ],
            "11.28": [
              10,
              0,
              0
            ],
            "11.36": [
              9,
              0,
              0
            ],
            "11.48": [
              9.725,
              0,
              0
            ]
          }
        },
        "halfLock1": {
          "position": {
            "5.6": [
              0,
              0,
              0
            ],
            "5.72": [
              4,
              0,
              0
            ],
            "5.76": [
              3,
              0,
              0
            ],
            "5.84": [
              3.225,
              0,
              0
            ],
            "9.76": [
              3.23,
              0,
              0
            ],
            "11.36": [
              3.23,
              0,
              0
            ],
            "11.48": [
              4.08,
              -0.025,
              0
            ],
            "11.88": [
              6.16,
              -0.26,
              0
            ],
            "11.96": [
              6.085,
              -0.26,
              0
            ]
          }
        },
        "halfLock2": {
          "position": {
            "5.52": [
              0,
              0,
              0
            ],
            "5.64": [
              4,
              0,
              0
            ],
            "5.68": [
              3,
              0,
              0
            ],
            "5.76": [
              3.225,
              0,
              0
            ],
            "9.68": [
              3.23,
              0,
              0
            ],
            "11.28": [
              3.23,
              0,
              0
            ],
            "11.4": [
              4.08,
              -0.025,
              0
            ],
            "11.8": [
              6.16,
              -0.26,
              0
            ],
            "11.88": [
              6.085,
              -0.26,
              0
            ]
          }
        },
        "metalSupport1": {
          "rotation": {
            "5.6": [
              0,
              0,
              0
            ],
            "9.72": [
              0,
              0,
              0
            ],
            "10.04": [
              0,
              0,
              2.5
            ],
            "10.16": [
              0,
              0,
              2.29
            ],
            "11.32": [
              0,
              0,
              2.29
            ],
            "11.92": [
              0,
              0,
              7.29
            ],
            "12.0": [
              0,
              0,
              7.12
            ],
            "12.08": [
              0,
              0,
              7.18
            ]
          },
          "position": {
            "5.6": [
              0,
              0,
              0
            ],
            "5.72": [
              1,
              0,
              0
            ],
            "5.76": [
              0.67,
              0,
              0
            ],
            "9.72": [
              0.67,
              0,
              0
            ],
            "10.04": [
              0.67,
              -1,
              0
            ],
            "10.16": [
              0.67,
              -0.92,
              0
            ],
            "11.32": [
              0.67,
              -0.92,
              0
            ],
            "11.92": [
              0.67,
              -2.545,
              0
            ],
            "12.0": [
              0.67,
              -2.49,
              0
            ],
            "12.08": [
              0.67,
              -2.51,
              0
            ]
          }
        },
        "wiring3": {
          "rotation": {
            "9.96": [
              0,
              0,
              0
            ],
            "10.08": [
              -2.5,
              0,
              0
            ],
            "10.24": [
              0,
              0,
              0
            ],
            "10.4": [
              -1,
              0,
              0
            ],
            "11.84": [
              -1,
              0,
              0
            ],
            "11.96": [
              -2.67,
              0,
              0
            ],
            "12.04": [
              -2.34,
              0,
              0
            ],
            "12.12": [
              -2.17,
              0,
              0
            ]
          }
        },
        "halfLockSupport2": {
          "rotation": {
            "5.52": [
              0,
              0,
              0
            ],
            "9.68": [
              0,
              0,
              0
            ],
            "10.0": [
              0,
              0,
              2.5
            ],
            "10.12": [
              0,
              0,
              2.29
            ],
            "11.28": [
              0,
              0,
              2.29
            ],
            "11.88": [
              0,
              0,
              7.29
            ],
            "11.96": [
              0,
              0,
              7.12
            ],
            "12.04": [
              0,
              0,
              7.18
            ]
          },
          "position": {
            "5.52": [
              0,
              0,
              0
            ],
            "5.64": [
              1,
              0,
              0
            ],
            "5.68": [
              0.67,
              0,
              0
            ],
            "9.68": [
              0.67,
              0,
              0
            ],
            "10.0": [
              0.67,
              -1,
              0
            ],
            "10.12": [
              0.67,
              -0.92,
              0
            ],
            "11.28": [
              0.67,
              -0.92,
              0
            ],
            "11.88": [
              0.67,
              -2.545,
              0
            ],
            "11.96": [
              0.67,
              -2.49,
              0
            ],
            "12.04": [
              0.67,
              -2.51,
              0
            ]
          }
        },
        "wiring4": {
          "rotation": {
            "9.96": [
              0,
              0,
              0
            ],
            "10.08": [
              2.5,
              0,
              0
            ],
            "10.24": [
              0,
              0,
              0
            ],
            "10.4": [
              1,
              0,
              0
            ],
            "11.84": [
              1,
              0,
              0
            ],
            "11.96": [
              2.67,
              0,
              0
            ],
            "12.04": [
              2.34,
              0,
              0
            ],
            "12.12": [
              2.17,
              0,
              0
            ]
          }
        },
        "lightFlash": {
          "position": {
            "0.08": [
              0,
              0,
              0
            ],
            "0.12": [
              0,
              3.04,
              0
            ],
            "0.36": [
              0,
              3.04,
              0
            ],
            "0.4": [
              0,
              0,
              0
            ],
            "0.56": [
              0,
              0,
              0
            ],
            "0.6": [
              0,
              3.04,
              0
            ],
            "0.84": [
              0,
              3.04,
              0
            ],
            "0.88": [
              0,
              0,
              0
            ],
            "1.04": [
              0,
              0,
              0
            ],
            "1.08": [
              0,
              3.04,
              0
            ],
            "1.32": [
              0,
              3.04,
              0
            ],
            "1.36": [
              0,
              0,
              0
            ],
            "1.52": [
              0,
              0,
              0
            ],
            "1.56": [
              0,
              3.04,
              0
            ],
            "1.8": [
              0,
              3.04,
              0
            ],
            "1.84": [
              0,
              0,
              0
            ],
            "2.0": [
              0,
              0,
              0
            ],
            "2.04": [
              0,
              3.04,
              0
            ],
            "2.28": [
              0,
              3.04,
              0
            ],
            "2.32": [
              0,
              0,
              0
            ],
            "2.44": [
              0,
              0,
              0
            ],
            "2.48": [
              0,
              3.04,
              0
            ],
            "2.72": [
              0,
              3.04,
              0
            ],
            "2.76": [
              0,
              0,
              0
            ],
            "2.88": [
              0,
              0,
              0
            ],
            "2.92": [
              0,
              3.04,
              0
            ],
            "3.16": [
              0,
              3.04,
              0
            ],
            "3.2": [
              0,
              0,
              0
            ],
            "3.36": [
              0,
              0,
              0
            ],
            "3.4": [
              0,
              3.04,
              0
            ],
            "3.64": [
              0,
              3.04,
              0
            ],
            "3.68": [
              0,
              0,
              0
            ],
            "3.84": [
              0,
              0,
              0
            ],
            "3.88": [
              0,
              3.04,
              0
            ],
            "4.12": [
              0,
              3.04,
              0
            ],
            "4.16": [
              0,
              0,
              0
            ],
            "4.32": [
              0,
              0,
              0
            ],
            "4.36": [
              0,
              3.04,
              0
            ],
            "4.6": [
              0,
              3.04,
              0
            ],
            "4.64": [
              0,
              0,
              0
            ],
            "4.8": [
              0,
              0,
              0
            ],
            "4.84": [
              0,
              3.04,
              0
            ],
            "5.08": [
              0,
              3.04,
              0
            ],
            "5.12": [
              0,
              0,
              0
            ],
            "5.24": [
              0,
              0,
              0
            ],
            "5.28": [
              0,
              3.04,
              0
            ],
            "5.52": [
              0,
              3.04,
              0
            ],
            "5.56": [
              19,
              -2,
              0
            ]
          }
        },
        "piston1": {
          "position": {
            "2.92": [
              0,
              0,
              0
            ],
            "3.08": [
              0,
              -2,
              0
            ],
            "3.12": [
              0,
              -1.725,
              0
            ],
            "3.2": [
              0,
              -1.845,
              0
            ],
            "7.0": [
              0,
              -1.84,
              0
            ],
            "7.04": [
              0,
              -1.61,
              0
            ],
            "7.08": [
              0,
              -1.51,
              0
            ],
            "7.12": [
              0,
              -1.66,
              0
            ],
            "7.16": [
              0,
              -1.365,
              0
            ],
            "7.2": [
              0,
              -1.61,
              0
            ],
            "7.24": [
              0,
              -1.36,
              0
            ],
            "7.28": [
              0,
              -1.585,
              0
            ],
            "7.36": [
              0,
              -1.285,
              0
            ],
            "9.04": [
              0,
              -1.28,
              0
            ],
            "9.12": [
              0,
              -0.28,
              0
            ],
            "9.2": [
              0,
              -0.455,
              0
            ],
            "9.32": [
              0,
              -0.28,
              0
            ],
            "11.24": [
              0,
              -0.28,
              0
            ],
            "11.84": [
              0,
              -2.905,
              0
            ],
            "11.92": [
              0,
              -2.625,
              0
            ],
            "12.08": [
              0,
              -2.905,
              0
            ],
            "12.76": [
              0,
              -2.9,
              0
            ],
            "12.88": [
              0,
              -1.92,
              0
            ],
            "12.96": [
              0,
              -2.145,
              0
            ]
          }
        },
        "piston2": {
          "position": {
            "2.88": [
              0,
              0,
              0
            ],
            "3.04": [
              0,
              -2,
              0
            ],
            "3.08": [
              0,
              -1.725,
              0
            ],
            "3.16": [
              0,
              -1.845,
              0
            ],
            "5.08": [
              0,
              -1.84,
              0
            ],
            "5.16": [
              0,
              -0.84,
              0
            ],
            "5.24": [
              0,
              -0.89,
              0
            ],
            "5.32": [
              0,
              -0.86,
              0
            ],
            "7.0": [
              0,
              -0.86,
              0
            ],
            "7.12": [
              0,
              -0.59,
              0
            ],
            "7.16": [
              0,
              -0.36,
              0
            ],
            "7.2": [
              0,
              -0.26,
              0
            ],
            "7.24": [
              0,
              -0.41,
              0
            ],
            "7.28": [
              0,
              -0.115,
              0
            ],
            "7.32": [
              0,
              -0.36,
              0
            ],
            "7.36": [
              0,
              -0.11,
              0
            ],
            "7.4": [
              0,
              -0.335,
              0
            ],
            "7.48": [
              0,
              -0.035,
              0
            ],
            "7.56": [
              0,
              -0.19,
              0
            ],
            "9.04": [
              0,
              -0.19,
              0
            ],
            "9.12": [
              0,
              -5.19,
              0
            ],
            "9.2": [
              0,
              -4.865,
              0
            ],
            "9.28": [
              0,
              -4.97,
              0
            ],
            "11.24": [
              0,
              -4.97,
              0
            ],
            "11.84": [
              0,
              -2.97,
              0
            ],
            "11.92": [
              0,
              -3.295,
              0
            ],
            "12.0": [
              0,
              -3.175,
              0
            ],
            "12.76": [
              0,
              -3.17,
              0
            ],
            "12.96": [
              0,
              -1.92,
              0
            ],
            "13.04": [
              0,
              -2.145,
              0
            ]
          }
        },
        "piston3": {
          "position": {
            "2.92": [
              0,
              0,
              0
            ],
            "3.08": [
              0,
              -2,
              0
            ],
            "3.12": [
              0,
              -1.725,
              0
            ],
            "3.2": [
              0,
              -1.845,
              0
            ],
            "7.0": [
              0,
              -1.84,
              0
            ],
            "7.04": [
              0,
              -1.84,
              0
            ],
            "7.08": [
              0,
              -1.61,
              0
            ],
            "7.12": [
              0,
              -1.51,
              0
            ],
            "7.16": [
              0,
              -1.66,
              0
            ],
            "7.2": [
              0,
              -1.365,
              0
            ],
            "7.24": [
              0,
              -1.61,
              0
            ],
            "7.28": [
              0,
              -1.36,
              0
            ],
            "7.32": [
              0,
              -1.585,
              0
            ],
            "7.4": [
              0,
              -1.285,
              0
            ],
            "9.08": [
              0,
              -1.28,
              0
            ],
            "9.2": [
              0,
              -2.755,
              0
            ],
            "9.28": [
              0,
              -2.585,
              0
            ],
            "9.36": [
              0,
              -2.705,
              0
            ],
            "11.24": [
              0,
              -2.7,
              0
            ],
            "11.84": [
              0,
              -2.925,
              0
            ],
            "11.92": [
              0,
              -2.795,
              0
            ],
            "12.08": [
              0,
              -2.925,
              0
            ],
            "12.76": [
              0,
              -3.17,
              0
            ],
            "12.96": [
              0,
              -1.92,
              0
            ],
            "13.04": [
              0,
              -2.145,
              0
            ]
          }
        },
        "piston5": {
          "position": {
            "3.0": [
              0,
              0,
              0
            ],
            "3.16": [
              0,
              -2,
              0
            ],
            "3.2": [
              0,
              -1.725,
              0
            ],
            "3.28": [
              0,
              -1.845,
              0
            ],
            "7.08": [
              0,
              -1.84,
              0
            ],
            "7.12": [
              0,
              -1.61,
              0
            ],
            "7.16": [
              0,
              -1.51,
              0
            ],
            "7.2": [
              0,
              -1.66,
              0
            ],
            "7.24": [
              0,
              -1.365,
              0
            ],
            "7.28": [
              0,
              -1.61,
              0
            ],
            "7.32": [
              0,
              -1.36,
              0
            ],
            "7.36": [
              0,
              -1.585,
              0
            ],
            "7.44": [
              0,
              -1.285,
              0
            ],
            "9.12": [
              0,
              -1.28,
              0
            ],
            "9.2": [
              0,
              -0.28,
              0
            ],
            "9.28": [
              0,
              -0.455,
              0
            ],
            "9.4": [
              0,
              -0.28,
              0
            ],
            "11.32": [
              0,
              -0.28,
              0
            ],
            "11.92": [
              0,
              -2.905,
              0
            ],
            "12.0": [
              0,
              -2.625,
              0
            ],
            "12.16": [
              0,
              -2.905,
              0
            ],
            "12.84": [
              0,
              -2.9,
              0
            ],
            "12.96": [
              0,
              -1.92,
              0
            ],
            "13.04": [
              0,
              -2.145,
              0
            ]
          }
        },
        "piston6": {
          "position": {
            "2.88": [
              0,
              0,
              0
            ],
            "3.04": [
              0,
              -2,
              0
            ],
            "3.08": [
              0,
              -1.725,
              0
            ],
            "3.16": [
              0,
              -1.845,
              0
            ],
            "5.08": [
              0,
              -1.84,
              0
            ],
            "5.16": [
              0,
              -0.84,
              0
            ],
            "5.24": [
              0,
              -0.89,
              0
            ],
            "5.32": [
              0,
              -0.86,
              0
            ],
            "7.0": [
              0,
              -0.86,
              0
            ],
            "7.12": [
              0,
              -0.59,
              0
            ],
            "7.16": [
              0,
              -0.36,
              0
            ],
            "7.2": [
              0,
              -0.26,
              0
            ],
            "7.24": [
              0,
              -0.41,
              0
            ],
            "7.28": [
              0,
              -0.115,
              0
            ],
            "7.32": [
              0,
              -0.36,
              0
            ],
            "7.36": [
              0,
              -0.11,
              0
            ],
            "7.4": [
              0,
              -0.335,
              0
            ],
            "7.48": [
              0,
              -0.035,
              0
            ],
            "7.56": [
              0,
              -0.19,
              0
            ],
            "9.04": [
              0,
              -0.19,
              0
            ],
            "9.12": [
              0,
              -5.19,
              0
            ],
            "9.2": [
              0,
              -4.865,
              0
            ],
            "9.28": [
              0,
              -4.97,
              0
            ],
            "11.24": [
              0,
              -4.97,
              0
            ],
            "11.84": [
              0,
              -2.97,
              0
            ],
            "11.92": [
              0,
              -3.295,
              0
            ],
            "12.0": [
              0,
              -3.175,
              0
            ],
            "12.8": [
              0,
              -3.17,
              0
            ],
            "13.0": [
              0,
              -1.92,
              0
            ],
            "13.08": [
              0,
              -2.145,
              0
            ]
          }
        },
        "piston7": {
          "position": {
            "2.92": [
              0,
              0,
              0
            ],
            "3.08": [
              0,
              -2,
              0
            ],
            "3.12": [
              0,
              -1.725,
              0
            ],
            "3.2": [
              0,
              -1.845,
              0
            ],
            "7.0": [
              0,
              -1.84,
              0
            ],
            "7.04": [
              0,
              -1.84,
              0
            ],
            "7.08": [
              0,
              -1.61,
              0
            ],
            "7.12": [
              0,
              -1.51,
              0
            ],
            "7.16": [
              0,
              -1.66,
              0
            ],
            "7.2": [
              0,
              -1.365,
              0
            ],
            "7.24": [
              0,
              -1.61,
              0
            ],
            "7.28": [
              0,
              -1.36,
              0
            ],
            "7.32": [
              0,
              -1.585,
              0
            ],
            "7.4": [
              0,
              -1.285,
              0
            ],
            "9.08": [
              0,
              -1.28,
              0
            ],
            "9.2": [
              0,
              -2.755,
              0
            ],
            "9.28": [
              0,
              -2.585,
              0
            ],
            "9.36": [
              0,
              -2.705,
              0
            ],
            "11.24": [
              0,
              -2.7,
              0
            ],
            "11.84": [
              0,
              -2.925,
              0
            ],
            "11.92": [
              0,
              -2.795,
              0
            ],
            "12.08": [
              0,
              -2.925,
              0
            ],
            "12.76": [
              0,
              -3.17,
              0
            ],
            "12.96": [
              0,
              -1.92,
              0
            ],
            "13.04": [
              0,
              -2.145,
              0
            ]
          }
        },
        "arm8": {
          "rotation": {
            "3.48": [
              0,
              0,
              0
            ],
            "3.52": [
              0,
              0,
              0
            ],
            "3.6": [
              -5,
              0,
              0
            ],
            "3.64": [
              -3.12,
              0,
              0
            ],
            "3.72": [
              -2.5,
              0,
              0
            ],
            "7.04": [
              -2.5,
              0,
              0
            ],
            "7.08": [
              22.5,
              0,
              0
            ],
            "9.0": [
              22.5,
              0,
              0
            ],
            "9.08": [
              2.5,
              0,
              0
            ],
            "9.16": [
              5,
              0,
              0
            ],
            "10.84": [
              5,
              0,
              0
            ],
            "10.88": [
              -25,
              0,
              0
            ],
            "10.96": [
              -22.5,
              0,
              0
            ],
            "11.04": [
              -25,
              0,
              0
            ]
          }
        },
        "arm6": {
          "rotation": {
            "3.52": [
              0,
              0,
              0
            ],
            "3.6": [
              5,
              0,
              0
            ],
            "3.64": [
              3.12,
              0,
              0
            ],
            "3.72": [
              2.5,
              0,
              0
            ],
            "7.04": [
              2.5,
              0,
              0
            ],
            "7.08": [
              -22.5,
              0,
              0
            ],
            "9.0": [
              -22.5,
              0,
              0
            ],
            "9.08": [
              -2.5,
              0,
              0
            ],
            "9.16": [
              -5,
              0,
              0
            ],
            "10.84": [
              -5,
              0,
              0
            ],
            "10.88": [
              25,
              0,
              0
            ],
            "10.96": [
              22.5,
              0,
              0
            ],
            "11.04": [
              25,
              0,
              0
            ]
          }
        },
        "spinningValve3": {
          "rotation": {
            "3.76": [
              0,
              0,
              0
            ],
            "3.88": [
              0,
              -4.94,
              0
            ],
            "3.96": [
              0,
              -34.07,
              0
            ],
            "4.84": [
              0,
              -675,
              0
            ],
            "4.92": [
              0,
              -671.67,
              0
            ],
            "5.04": [
              0,
              -670,
              0
            ],
            "6.88": [
              0,
              -670,
              0
            ],
            "6.92": [
              0,
              -660.73,
              0
            ],
            "7.2": [
              0,
              -515.29,
              0
            ],
            "7.32": [
              0,
              -520.29,
              0
            ],
            "7.44": [
              0,
              -517.79,
              0
            ],
            "8.48": [
              0,
              -517.79,
              0
            ],
            "8.52": [
              0,
              -522.79,
              0
            ],
            "8.56": [
              0,
              -520.29,
              0
            ],
            "8.6": [
              0,
              -527.79,
              0
            ],
            "8.64": [
              0,
              -525.29,
              0
            ],
            "8.68": [
              0,
              -530.29,
              0
            ],
            "8.72": [
              0,
              -527.79,
              0
            ],
            "8.76": [
              0,
              -532.79,
              0
            ],
            "8.8": [
              0,
              -530.29,
              0
            ],
            "8.88": [
              0,
              -535.29,
              0
            ],
            "8.92": [
              0,
              -534.04,
              0
            ],
            "9.04": [
              0,
              -532.79,
              0
            ],
            "10.72": [
              0,
              -532.79,
              0
            ],
            "10.76": [
              0,
              -537.79,
              0
            ],
            "10.8": [
              0,
              -535.29,
              0
            ],
            "10.84": [
              0,
              -540.29,
              0
            ],
            "10.88": [
              0,
              -537.79,
              0
            ],
            "10.92": [
              0,
              -545.29,
              0
            ],
            "10.96": [
              0,
              -542.79,
              0
            ],
            "11.04": [
              0,
              -545.29,
              0
            ],
            "12.72": [
              0,
              -545.29,
              0
            ],
            "12.76": [
              0,
              -553.76,
              0
            ],
            "12.8": [
              0,
              -561.26,
              0
            ],
            "12.88": [
              0,
              -558.76,
              0
            ],
            "13.0": [
              0,
              -560.01,
              0
            ],
            "13.12": [
              0,
              -560.01,
              0
            ],
            "17.76": [
              0,
              -365.01,
              0
            ]
          }
        },
        "arm9": {
          "rotation": {
            "3.6": [
              0,
              0,
              0
            ],
            "3.68": [
              0,
              0,
              -5
            ],
            "3.72": [
              0,
              0,
              -3.12
            ],
            "3.8": [
              0,
              0,
              -2.5
            ],
            "7.16": [
              0,
              0,
              -2.5
            ],
            "7.2": [
              0,
              0,
              22.5
            ],
            "7.8": [
              0,
              0,
              22.5
            ],
            "7.84": [
              0,
              0,
              25.61
            ],
            "7.92": [
              0,
              0,
              27.5
            ],
            "8.2": [
              0,
              0,
              27.5
            ],
            "8.28": [
              0,
              0,
              20
            ],
            "8.36": [
              0,
              0,
              22.5
            ],
            "9.0": [
              0,
              0,
              22.5
            ],
            "9.08": [
              0,
              0,
              2.5
            ],
            "9.16": [
              0,
              0,
              5
            ],
            "10.72": [
              0,
              0,
              5
            ],
            "10.76": [
              0,
              0,
              4.17
            ],
            "10.8": [
              0,
              0,
              2.5
            ],
            "10.92": [
              0,
              0,
              75
            ],
            "11.0": [
              0,
              0,
              72.5
            ],
            "11.08": [
              0,
              0,
              73.75
            ],
            "12.72": [
              0,
              0,
              73.75
            ],
            "12.8": [
              0,
              0,
              -23.75
            ],
            "12.88": [
              0,
              0,
              -16.25
            ],
            "13.0": [
              0,
              0,
              -18.75
            ]
          }
        },
        "arm10": {
          "rotation": {
            "3.52": [
              0,
              0,
              0
            ],
            "3.6": [
              0,
              0,
              5
            ],
            "3.64": [
              0,
              0,
              3.12
            ],
            "3.72": [
              0,
              0,
              2.5
            ],
            "7.16": [
              0,
              0,
              2.5
            ],
            "7.2": [
              0,
              0,
              -22.5
            ],
            "7.84": [
              0,
              0,
              -22.5
            ],
            "7.88": [
              0,
              0,
              -25.61
            ],
            "7.96": [
              0,
              0,
              -27.5
            ],
            "8.24": [
              0,
              0,
              -27.5
            ],
            "8.32": [
              0,
              0,
              -20
            ],
            "8.4": [
              0,
              0,
              -22.5
            ],
            "9.08": [
              0,
              0,
              -22.5
            ],
            "9.16": [
              0,
              0,
              -2.5
            ],
            "9.24": [
              0,
              0,
              -5
            ],
            "10.76": [
              0,
              0,
              -5
            ],
            "10.8": [
              0,
              0,
              -4.17
            ],
            "10.84": [
              0,
              0,
              -2.5
            ],
            "10.96": [
              0,
              0,
              -75
            ],
            "11.04": [
              0,
              0,
              -72.5
            ],
            "11.12": [
              0,
              0,
              -73.75
            ],
            "12.76": [
              0,
              0,
              -73.75
            ],
            "12.84": [
              0,
              0,
              23.75
            ],
            "12.92": [
              0,
              0,
              16.25
            ],
            "13.04": [
              0,
              0,
              18.75
            ]
          }
        },
        "arm11": {
          "rotation": {
            "3.52": [
              0,
              0,
              0
            ],
            "3.56": [
              0,
              0,
              0
            ],
            "3.64": [
              -5,
              0,
              0
            ],
            "3.68": [
              -3.12,
              0,
              0
            ],
            "3.76": [
              -2.5,
              0,
              0
            ],
            "7.16": [
              -2.5,
              0,
              0
            ],
            "7.2": [
              22.5,
              0,
              0
            ],
            "9.04": [
              22.5,
              0,
              0
            ],
            "9.12": [
              2.5,
              0,
              0
            ],
            "9.2": [
              5,
              0,
              0
            ],
            "10.88": [
              5,
              0,
              0
            ],
            "10.92": [
              -25,
              0,
              0
            ],
            "11.0": [
              -22.5,
              0,
              0
            ],
            "11.08": [
              -25,
              0,
              0
            ]
          }
        },
        "arm12": {
          "rotation": {
            "3.56": [
              0,
              0,
              0
            ],
            "3.64": [
              5,
              0,
              0
            ],
            "3.68": [
              3.12,
              0,
              0
            ],
            "3.76": [
              2.5,
              0,
              0
            ],
            "7.16": [
              2.5,
              0,
              0
            ],
            "7.2": [
              -22.5,
              0,
              0
            ],
            "9.04": [
              -22.5,
              0,
              0
            ],
            "9.12": [
              -2.5,
              0,
              0
            ],
            "9.2": [
              -5,
              0,
              0
            ],
            "10.88": [
              -5,
              0,
              0
            ],
            "10.92": [
              25,
              0,
              0
            ],
            "11.0": [
              22.5,
              0,
              0
            ],
            "11.08": [
              25,
              0,
              0
            ]
          }
        },
        "root": {
          "position": [
            0,
            0,
            0.1
          ]
        }
      },
      "particle_effects": {
        "12.72": {
          "effect": "hatch_steam",
          "locator": "center"
        },
        "5.2": [
          {
            "effect": "piston_steam",
            "locator": "piston10"
          },
          {
            "effect": "piston_steam",
            "locator": "piston2"
          },
          {
            "effect": "piston_steam",
            "locator": "piston6"
          },
          {
            "effect": "piston_steam",
            "locator": "piston14"
          }
        ],
        "9.12": [
          {
            "effect": "piston_steam",
            "locator": "piston9"
          },
          {
            "effect": "piston_steam",
            "locator": "piston13"
          },
          {
            "effect": "piston_steam",
            "locator": "piston1"
          },
          {
            "effect": "piston_steam",
            "locator": "piston5"
          }
        ],
        "3.08": {
          "effect": "sparks",
          "locator": "wire1"
        },
        "3.88": {
          "effect": "sparks_opp",
          "locator": "wire8"
        },
        "5.64": [
          {
            "effect": "spark_burst_opp",
            "locator": "wire2"
          },
          {
            "effect": "spark_burst_opp",
            "locator": "wire5"
          },
          {
            "effect": "spark_burst",
            "locator": "wire8"
          },
          {
            "effect": "spark_burst",
            "locator": "wire11"
          }
        ],
        "11.84": {
          "effect": "sparks_opp",
          "locator": "wire12"
        },
        "11.92": {
          "effect": "sparks",
          "locator": "wire4"
        }
      }
    },
    "animation.hive.sonic.event.hatch.large.opened": {
      "loop": "hold_on_last_frame",
      "animation_length": 0.36,
      "bones": {
        "Door_Left": {
          "position": [
            -47.8,
            0,
            0
          ]
        },
        "redBar3": {
          "position": [
            -9.72,
            0,
            0
          ]
        },
        "redBar4": {
          "position": [
            -9.72,
            0,
            0
          ]
        },
        "halfLock3": {
          "position": [
            -6.08,
            -0.26,
            0
          ]
        },
        "halfLock4": {
          "position": [
            -6.08,
            -0.26,
            0
          ]
        },
        "metalSupport3": {
          "rotation": [
            0,
            0,
            -7.18
          ],
          "position": [
            -0.67,
            -2.51,
            0
          ]
        },
        "wiring": {
          "rotation": [
            -2.34,
            0,
            0
          ]
        },
        "metalSupport4": {
          "rotation": [
            0,
            0,
            -7.18
          ],
          "position": [
            -0.67,
            -2.51,
            0
          ]
        },
        "wiring2": {
          "rotation": [
            2.34,
            0,
            0
          ]
        },
        "spinningValve2": {
          "rotation": [
            0,
            365.01,
            0
          ],
          "position": [
            0,
            -1,
            0
          ]
        },
        "arm5": {
          "rotation": [
            0,
            0,
            -18.75
          ]
        },
        "arm7": {
          "rotation": [
            0,
            0,
            18.75
          ]
        },
        "piston9": {
          "position": [
            0,
            -2.14,
            0
          ]
        },
        "piston10": {
          "position": [
            0,
            -2.14,
            0
          ]
        },
        "piston11": {
          "position": [
            0,
            -2.14,
            0
          ]
        },
        "piston13": {
          "position": [
            0,
            -2.14,
            0
          ]
        },
        "piston14": {
          "position": [
            0,
            -2.14,
            0
          ]
        },
        "piston15": {
          "position": [
            0,
            -2.14,
            0
          ]
        },
        "Door_Right": {
          "position": [
            47.8,
            0,
            0
          ]
        },
        "redBar1": {
          "position": [
            9.73,
            0,
            0
          ]
        },
        "redBar2": {
          "position": [
            9.73,
            0,
            0
          ]
        },
        "halfLock1": {
          "position": [
            6.09,
            -0.26,
            0
          ]
        },
        "halfLock2": {
          "position": [
            6.09,
            -0.26,
            0
          ]
        },
        "metalSupport1": {
          "rotation": [
            0,
            0,
            7.18
          ],
          "position": [
            0.67,
            -2.51,
            0
          ]
        },
        "wiring3": {
          "rotation": [
            -2.17,
            0,
            0
          ]
        },
        "halfLockSupport2": {
          "rotation": [
            0,
            0,
            7.18
          ],
          "position": [
            0.67,
            -2.51,
            0
          ]
        },
        "wiring4": {
          "rotation": [
            2.17,
            0,
            0
          ]
        },
        "lightFlash": {
          "position": [
            19,
            -1.96,
            0
          ]
        },
        "piston1": {
          "position": [
            0,
            -2.14,
            0
          ]
        },
        "piston2": {
          "position": [
            0,
            -2.14,
            0
          ]
        },
        "piston3": {
          "position": [
            0,
            -2.14,
            0
          ]
        },
        "piston5": {
          "position": [
            0,
            -2.14,
            0
          ]
        },
        "piston6": {
          "position": [
            0,
            -2.14,
            0
          ]
        },
        "piston7": {
          "position": [
            0,
            -2.14,
            0
          ]
        },
        "arm8": {
          "rotation": [
            -25,
            0,
            0
          ]
        },
        "arm6": {
          "rotation": [
            25,
            0,
            0
          ]
        },
        "spinningValve3": {
          "rotation": [
            0,
            -365.01,
            0
          ]
        },
        "arm9": {
          "rotation": [
            0,
            0,
            -18.75
          ]
        },
        "arm10": {
          "rotation": [
            0,
            0,
            18.75
          ]
        },
        "arm11": {
          "rotation": [
            -25,
            0,
            0
          ]
        },
        "arm12": {
          "rotation": [
            25,
            0,
            0
          ]
        },
        "root": {
          "position": [
            0,
            0,
            0.1
          ]
        }
      }
    }
  }
}