{
  "format_version": "1.8.0",
  "animations": {
    "animation.hive.sonic.hatchmedium.closeState": {
      "loop": true
    },
    "animation.hive.sonic.event.hatch.medium.open": {
      "loop": "hold_on_last_frame",
      "animation_length": 0.48,
      "bones": {
        "doorleft": {
          "position": {
            "0.0": [
              0,
              0,
              0
            ],
            "0.04": [
              -15.87,
              0,
              0
            ],
            "0.12": [
              -32,
              0,
              0
            ],
            "0.2": [
              -31.375,
              0,
              0
            ],
            "0.32": [
              -31.845,
              0,
              0
            ],
            "0.48": [
              -31.69,
              0,
              0
            ]
          }
        },
        "bar1": {
          "position": {
            "0.0": [
              0,
              0,
              0
            ],
            "0.12": [
              -6,
              0,
              0
            ]
          }
        },
        "bar4": {
          "position": {
            "0.0": [
              0,
              0,
              0
            ],
            "0.12": [
              -6,
              0,
              0
            ]
          }
        },
        "doorright": {
          "position": {
            "0.0": [
              0,
              0,
              0
            ],
            "0.04": [
              15.87,
              0,
              0
            ],
            "0.12": [
              32,
              0,
              0
            ],
            "0.2": [
              31.375,
              0,
              0
            ],
            "0.32": [
              31.845,
              0,
              0
            ],
            "0.48": [
              31.69,
              0,
              0
            ]
          }
        },
        "bar2": {
          "position": {
            "0.0": [
              0,
              0,
              0
            ],
            "0.12": [
              6,
              0,
              0
            ]
          }
        },
        "bar3": {
          "position": {
            "0.0": [
              0,
              0,
              0
            ],
            "0.12": [
              6,
              0,
              0
            ]
          }
        }
      }
    },
    "animation.hive.sonic.event.hatch.medium.opened": {
      "loop": "hold_on_last_frame",
      "bones": {
        "doorleft": {
          "position": [
            -31.69,
            0,
            0
          ]
        },
        "bar1": {
          "position": [
            -6,
            0,
            0
          ]
        },
        "bar4": {
          "position": [
            -6,
            0,
            0
          ]
        },
        "doorright": {
          "position": [
            31.69,
            0,
            0
          ]
        },
        "bar2": {
          "position": [
            6,
            0,
            0
          ]
        },
        "bar3": {
          "position": [
            6,
            0,
            0
          ]
        }
      }
    }
  }
}