{
  "format_version": "1.10.0",
  "animation_controllers": {
    "controller.animation.hive.sonic.checkpoint.width": {
      "states": {
        "default": {
          "animations": [
            "width"
          ]
        }
      }
    },
    "controller.animation.hive.sonic.checkpoint.opened": {
      "states": {
        "default": {
          "transitions": [
            {
              "opened": "query.is_tamed"
            },
            {
              "waiting": "!query.is_tamed"
            }
          ]
        },
        "opened": {
          "animations": [
            "opened"
          ]
        },
        "waiting": {
          "transitions": [
            {
              "toggle": "query.is_tamed"
            }
          ]
        },
        "toggle": {
          "animations": [
            "toggle"
          ]
        }
      }
    }
  }
}