{
  "format_version": "1.10.0",
  "animation_controllers": {
    "controller.animation.hive.sonic.checkpoint.single.spin": {
      "states": {
        "default": {
          "transitions": [
            {
              "waiting": "!query.is_tamed"
            }
          ]
        },
        "waiting": {
          "transitions": [
            {
              "spin": "query.is_tamed"
            }
          ]
        },
        "spin": {
          "animations": [
            "spin"
          ],
          "transitions": [
            {
              "default": "query.all_animations_finished"
            }
          ]
        }
      }
    }
  }
}