{
  "format_version": "1.10.0",
  "animation_controllers": {
    "controller.animation.hive.sonic.platform.disappearing": {
      "states": {
        "default": {
          "animations": [
            "spawn"
          ],
          "transitions": [
            {
              "shaking": "query.mark_variant \u003d\u003d 1"
            },
            {
              "fall": "query.mark_variant \u003d\u003d 2"
            }
          ]
        },
        "shaking": {
          "animations": [
            "shake"
          ],
          "transitions": [
            {
              "default": "query.mark_variant \u003d\u003d 0"
            },
            {
              "fall": "query.mark_variant \u003d\u003d 2"
            }
          ]
        },
        "fall": {
          "animations": [
            "fall"
          ],
          "transitions": [
            {
              "default": "query.mark_variant \u003d\u003d 0"
            },
            {
              "shaking": "query.mark_variant \u003d\u003d 1"
            }
          ]
        }
      }
    }
  }
}