{
  "format_version": "1.10.0",
  "animation_controllers": {
    "controller.animation.hive.sonic.platform.timed": {
      "states": {
        "default": {
          "animations": [
            "waiting"
          ],
          "transitions": [
            {
              "spawnActive": "query.is_tamed"
            },
            {
              "spawn": "query.distance_from_camera \u003c\u003d 32"
            }
          ]
        },
        "spawn": {
          "animations": [
            "spawn"
          ],
          "transitions": [
            {
              "despawn": "query.distance_from_camera \u003e 32"
            },
            {
              "active": "query.all_animations_finished \u0026\u0026 query.is_tamed"
            }
          ]
        },
        "spawnActive": {
          "animations": [
            "spawn"
          ],
          "transitions": [
            {
              "despawn": "query.distance_from_camera \u003e 32"
            },
            {
              "inactive": "!query.is_tamed"
            }
          ]
        },
        "inactive": {
          "animations": [
            "statechange"
          ],
          "transitions": [
            {
              "despawn": "query.distance_from_camera \u003e 32"
            },
            {
              "active": "query.all_animations_finished \u0026\u0026 query.is_tamed"
            }
          ]
        },
        "active": {
          "animations": [
            "statechange"
          ],
          "transitions": [
            {
              "despawn": "query.distance_from_camera \u003e 32"
            },
            {
              "inactive": "!query.is_tamed"
            }
          ]
        },
        "despawn": {
          "animations": [
            "despawn"
          ],
          "transitions": [
            {
              "spawn": "query.distance_from_camera \u003c\u003d 32"
            }
          ]
        }
      }
    }
  }
}