{
  "format_version": "1.10.0",
  "animation_controllers": {
    "controller.animation.hive.sonic.ring.spin": {
      "states": {
        "spin": {
          "animations": [
            "spin"
          ]
        }
      }
    },
    "controller.animation.hive.sonic.ring.spawn": {
      "states": {
        "default": {
          "animations": [
            "waiting"
          ],
          "transitions": [
            {
              "spawn": "query.distance_from_camera \u003c\u003d 32"
            }
          ]
        },
        "spawn": {
          "animations": [
            "spawn"
          ],
          "transitions": [
            {
              "despawn": "query.distance_from_camera \u003e 32"
            }
          ]
        },
        "despawn": {
          "animations": [
            "despawn"
          ],
          "transitions": [
            {
              "spawn": "query.distance_from_camera \u003c\u003d 32"
            }
          ]
        }
      }
    }
  }
}