{
  "format_version": "1.10.0",
  "animation_controllers": {
    "controller.animation.hive.sonic.spikes": {
      "states": {
        "default": {
          "animations": [
            "retracted"
          ],
          "transitions": [
            {
              "extend": "query.is_tamed"
            }
          ]
        },
        "extend": {
          "animations": [
            "extend"
          ],
          "transitions": [
            {
              "retract": "!query.is_tamed"
            }
          ]
        },
        "retract": {
          "animations": [
            "retract"
          ],
          "transitions": [
            {
              "default": "query.all_animations_finished"
            }
          ]
        }
      }
    }
  }
}