{
  "format_version": "1.10.0",
  "animation_controllers": {
    "controller.animation.hive.sonic.spring": {
      "states": {
        "default": {
          "transitions": [
            {
              "bounce": "query.is_tamed"
            }
          ]
        },
        "bounce": {
          "animations": [
            "bounce"
          ],
          "transitions": [
            {
              "default": "query.all_animations_finished"
            }
          ]
        }
      }
    }
  }
}