{
  "minecraft:geometry": [
    {
      "description": {
        "identifier": "geometry.hive.sonic.hub.npc.sonic",
        "texture_width": 128,
        "texture_height": 128,
        "visible_bounds_width": 53,
        "visible_bounds_height": 6,
        "visible_bounds_offset": [
          0,
          2,
          0
        ]
      },
      "bones": [
        {
          "name": "root",
          "pivot": [
            0,
            0,
            0
          ]
        },
        {
          "name": "local",
          "parent": "root",
          "pivot": [
            2.4,
            14,
            0
          ]
        },
        {
          "name": "specular",
          "parent": "local",
          "pivot": [
            -24,
            0,
            0
          ]
        },
        {
          "name": "waist",
          "parent": "local",
          "pivot": [
            0,
            14,
            0
          ]
        },
        {
          "name": "body",
          "parent": "waist",
          "pivot": [
            0,
            20,
            0
          ],
          "cubes": [
            {
              "origin": [
                -4,
                14,
                -2
              ],
              "size": [
                8,
                10,
                4
              ],
              "uv": {
                "north": {
                  "uv": [
                    36,
                    4
                  ],
                  "uv_size": [
                    8,
                    10
                  ]
                },
                "east": {
                  "uv": [
                    32,
                    4
                  ],
                  "uv_size": [
                    4,
                    10
                  ]
                },
                "south": {
                  "uv": [
                    48,
                    4
                  ],
                  "uv_size": [
                    8,
                    10
                  ]
                },
                "west": {
                  "uv": [
                    44,
                    4
                  ],
                  "uv_size": [
                    4,
                    10
                  ]
                },
                "up": {
                  "uv": [
                    36,
                    0
                  ],
                  "uv_size": [
                    8,
                    4
                  ]
                },
                "down": {
                  "uv": [
                    44,
                    4
                  ],
                  "uv_size": [
                    8,
                    -4
                  ]
                }
              }
            },
            {
              "origin": [
                -3,
                16,
                -3
              ],
              "size": [
                6,
                6,
                1
              ],
              "uv": {
                "north": {
                  "uv": [
                    33,
                    28
                  ],
                  "uv_size": [
                    6,
                    6
                  ]
                },
                "east": {
                  "uv": [
                    32,
                    28
                  ],
                  "uv_size": [
                    1,
                    6
                  ]
                },
                "south": {
                  "uv": [
                    40,
                    28
                  ],
                  "uv_size": [
                    6,
                    6
                  ]
                },
                "west": {
                  "uv": [
                    39,
                    28
                  ],
                  "uv_size": [
                    1,
                    6
                  ]
                },
                "up": {
                  "uv": [
                    33,
                    27
                  ],
                  "uv_size": [
                    6,
                    1
                  ]
                },
                "down": {
                  "uv": [
                    39,
                    28
                  ],
                  "uv_size": [
                    6,
                    -1
                  ]
                }
              }
            },
            {
              "origin": [
                -2,
                16,
                2
              ],
              "size": [
                0,
                7,
                6
              ],
              "pivot": [
                -2,
                19.5,
                2
              ],
              "rotation": [
                0,
                -15,
                0
              ],
              "uv": {
                "north": {
                  "uv": [
                    6,
                    43
                  ],
                  "uv_size": [
                    0,
                    7
                  ]
                },
                "east": {
                  "uv": [
                    0,
                    43
                  ],
                  "uv_size": [
                    6,
                    7
                  ]
                },
                "south": {
                  "uv": [
                    12,
                    43
                  ],
                  "uv_size": [
                    0,
                    7
                  ]
                },
                "west": {
                  "uv": [
                    6,
                    43
                  ],
                  "uv_size": [
                    6,
                    7
                  ]
                },
                "up": {
                  "uv": [
                    6,
                    37
                  ],
                  "uv_size": [
                    0,
                    6
                  ]
                },
                "down": {
                  "uv": [
                    6,
                    43
                  ],
                  "uv_size": [
                    0,
                    -6
                  ]
                }
              }
            },
            {
              "origin": [
                2,
                16,
                2
              ],
              "size": [
                0,
                7,
                6
              ],
              "pivot": [
                2,
                19.5,
                2
              ],
              "rotation": [
                0,
                15,
                0
              ],
              "uv": {
                "north": {
                  "uv": [
                    6,
                    43
                  ],
                  "uv_size": [
                    0,
                    7
                  ]
                },
                "east": {
                  "uv": [
                    12,
                    43
                  ],
                  "uv_size": [
                    -6,
                    7
                  ]
                },
                "south": {
                  "uv": [
                    12,
                    43
                  ],
                  "uv_size": [
                    0,
                    7
                  ]
                },
                "west": {
                  "uv": [
                    6,
                    43
                  ],
                  "uv_size": [
                    -6,
                    7
                  ]
                },
                "up": {
                  "uv": [
                    6,
                    37
                  ],
                  "uv_size": [
                    0,
                    6
                  ]
                },
                "down": {
                  "uv": [
                    6,
                    43
                  ],
                  "uv_size": [
                    0,
                    -6
                  ]
                }
              }
            },
            {
              "origin": [
                0,
                13,
                2
              ],
              "size": [
                0,
                3,
                5
              ],
              "uv": {
                "north": {
                  "uv": [
                    5,
                    52
                  ],
                  "uv_size": [
                    0,
                    3
                  ]
                },
                "east": {
                  "uv": [
                    0,
                    52
                  ],
                  "uv_size": [
                    5,
                    3
                  ]
                },
                "south": {
                  "uv": [
                    10,
                    52
                  ],
                  "uv_size": [
                    0,
                    3
                  ]
                },
                "west": {
                  "uv": [
                    5,
                    52
                  ],
                  "uv_size": [
                    5,
                    3
                  ]
                },
                "up": {
                  "uv": [
                    5,
                    47
                  ],
                  "uv_size": [
                    0,
                    5
                  ]
                },
                "down": {
                  "uv": [
                    5,
                    52
                  ],
                  "uv_size": [
                    0,
                    -5
                  ]
                }
              }
            }
          ]
        },
        {
          "name": "head",
          "parent": "body",
          "pivot": [
            0,
            24,
            0
          ],
          "cubes": [
            {
              "origin": [
                -4,
                24,
                -4
              ],
              "size": [
                8,
                8,
                8
              ],
              "uv": {
                "north": {
                  "uv": [
                    8,
                    8
                  ],
                  "uv_size": [
                    8,
                    8
                  ]
                },
                "east": {
                  "uv": [
                    0,
                    8
                  ],
                  "uv_size": [
                    8,
                    8
                  ]
                },
                "south": {
                  "uv": [
                    24,
                    8
                  ],
                  "uv_size": [
                    8,
                    8
                  ]
                },
                "west": {
                  "uv": [
                    16,
                    8
                  ],
                  "uv_size": [
                    8,
                    8
                  ]
                },
                "up": {
                  "uv": [
                    8,
                    0
                  ],
                  "uv_size": [
                    8,
                    8
                  ]
                },
                "down": {
                  "uv": [
                    16,
                    8
                  ],
                  "uv_size": [
                    8,
                    -8
                  ]
                }
              }
            },
            {
              "origin": [
                -0.5,
                25,
                -7
              ],
              "size": [
                1,
                1,
                2
              ],
              "pivot": [
                0,
                25,
                -5
              ],
              "rotation": [
                -10,
                0,
                0
              ],
              "uv": {
                "north": {
                  "uv": [
                    2,
                    21
                  ],
                  "uv_size": [
                    1,
                    1
                  ]
                },
                "east": {
                  "uv": [
                    0,
                    21
                  ],
                  "uv_size": [
                    2,
                    1
                  ]
                },
                "south": {
                  "uv": [
                    5,
                    21
                  ],
                  "uv_size": [
                    1,
                    1
                  ]
                },
                "west": {
                  "uv": [
                    3,
                    21
                  ],
                  "uv_size": [
                    2,
                    1
                  ]
                },
                "up": {
                  "uv": [
                    2,
                    19
                  ],
                  "uv_size": [
                    1,
                    2
                  ]
                },
                "down": {
                  "uv": [
                    3,
                    21
                  ],
                  "uv_size": [
                    1,
                    -2
                  ]
                }
              }
            },
            {
              "origin": [
                -4,
                24,
                -5
              ],
              "size": [
                8,
                2,
                1
              ],
              "uv": {
                "north": {
                  "uv": [
                    1,
                    17
                  ],
                  "uv_size": [
                    8,
                    2
                  ]
                },
                "east": {
                  "uv": [
                    0,
                    17
                  ],
                  "uv_size": [
                    1,
                    2
                  ]
                },
                "south": {
                  "uv": [
                    10,
                    17
                  ],
                  "uv_size": [
                    8,
                    2
                  ]
                },
                "west": {
                  "uv": [
                    9,
                    17
                  ],
                  "uv_size": [
                    1,
                    2
                  ]
                },
                "up": {
                  "uv": [
                    1,
                    16
                  ],
                  "uv_size": [
                    8,
                    1
                  ]
                },
                "down": {
                  "uv": [
                    9,
                    17
                  ],
                  "uv_size": [
                    8,
                    -1
                  ]
                }
              }
            }
          ]
        },
        {
          "name": "rightEar",
          "parent": "head",
          "pivot": [
            -4,
            30.75,
            -1.5
          ],
          "rotation": [
            0,
            0,
            -30
          ],
          "cubes": [
            {
              "origin": [
                -4.13397,
                30.5,
                -1
              ],
              "size": [
                3,
                3,
                1
              ],
              "uv": {
                "north": {
                  "uv": [
                    8,
                    20
                  ],
                  "uv_size": [
                    3,
                    3
                  ]
                },
                "east": {
                  "uv": [
                    7,
                    20
                  ],
                  "uv_size": [
                    1,
                    3
                  ]
                },
                "south": {
                  "uv": [
                    12,
                    20
                  ],
                  "uv_size": [
                    3,
                    3
                  ]
                },
                "west": {
                  "uv": [
                    11,
                    20
                  ],
                  "uv_size": [
                    1,
                    3
                  ]
                },
                "up": {
                  "uv": [
                    8,
                    19
                  ],
                  "uv_size": [
                    3,
                    1
                  ]
                },
                "down": {
                  "uv": [
                    11,
                    20
                  ],
                  "uv_size": [
                    3,
                    -1
                  ]
                }
              }
            }
          ]
        },
        {
          "name": "leftEar",
          "parent": "head",
          "pivot": [
            4,
            30.75,
            -0.5
          ],
          "rotation": [
            0,
            0,
            30
          ],
          "cubes": [
            {
              "origin": [
                1.00897,
                30.46651,
                -1
              ],
              "size": [
                3,
                3,
                1
              ],
              "uv": {
                "north": {
                  "uv": [
                    11,
                    20
                  ],
                  "uv_size": [
                    -3,
                    3
                  ]
                },
                "east": {
                  "uv": [
                    12,
                    20
                  ],
                  "uv_size": [
                    -1,
                    3
                  ]
                },
                "south": {
                  "uv": [
                    15,
                    20
                  ],
                  "uv_size": [
                    -3,
                    3
                  ]
                },
                "west": {
                  "uv": [
                    8,
                    20
                  ],
                  "uv_size": [
                    -1,
                    3
                  ]
                },
                "up": {
                  "uv": [
                    11,
                    19
                  ],
                  "uv_size": [
                    -3,
                    1
                  ]
                },
                "down": {
                  "uv": [
                    14,
                    20
                  ],
                  "uv_size": [
                    -3,
                    -1
                  ]
                }
              }
            }
          ]
        },
        {
          "name": "hair",
          "parent": "head",
          "pivot": [
            0,
            32,
            4
          ]
        },
        {
          "name": "topHair",
          "parent": "hair",
          "pivot": [
            0,
            32,
            -2
          ],
          "cubes": [
            {
              "origin": [
                0,
                29,
                -2
              ],
              "size": [
                0,
                5,
                14
              ],
              "uv": {
                "north": {
                  "uv": [
                    14,
                    24
                  ],
                  "uv_size": [
                    0,
                    5
                  ]
                },
                "east": {
                  "uv": [
                    0,
                    24
                  ],
                  "uv_size": [
                    14,
                    5
                  ]
                },
                "south": {
                  "uv": [
                    28,
                    24
                  ],
                  "uv_size": [
                    0,
                    5
                  ]
                },
                "west": {
                  "uv": [
                    14,
                    24
                  ],
                  "uv_size": [
                    14,
                    5
                  ]
                },
                "up": {
                  "uv": [
                    14,
                    10
                  ],
                  "uv_size": [
                    0,
                    14
                  ]
                },
                "down": {
                  "uv": [
                    14,
                    24
                  ],
                  "uv_size": [
                    0,
                    -14
                  ]
                }
              }
            }
          ]
        },
        {
          "name": "rightHair",
          "parent": "hair",
          "pivot": [
            -4,
            30,
            4
          ],
          "cubes": [
            {
              "origin": [
                -4,
                27,
                4
              ],
              "size": [
                0,
                5,
                7
              ],
              "pivot": [
                -4,
                30,
                4
              ],
              "rotation": [
                0,
                -15,
                0
              ],
              "uv": {
                "east": {
                  "uv": [
                    0,
                    32
                  ],
                  "uv_size": [
                    7,
                    5
                  ]
                }
              }
            }
          ]
        },
        {
          "name": "leftHair",
          "parent": "hair",
          "pivot": [
            4,
            30,
            4
          ],
          "cubes": [
            {
              "origin": [
                4,
                27,
                4
              ],
              "size": [
                0,
                5,
                6
              ],
              "pivot": [
                4,
                30,
                4
              ],
              "rotation": [
                0,
                15,
                0
              ],
              "uv": {
                "west": {
                  "uv": [
                    6,
                    32
                  ],
                  "uv_size": [
                    -6,
                    5
                  ]
                }
              }
            }
          ]
        },
        {
          "name": "backHair",
          "parent": "hair",
          "pivot": [
            0,
            29,
            4
          ],
          "cubes": [
            {
              "origin": [
                0,
                25,
                4
              ],
              "size": [
                0,
                4,
                6
              ],
              "uv": {
                "north": {
                  "uv": [
                    6,
                    57
                  ],
                  "uv_size": [
                    0,
                    4
                  ]
                },
                "east": {
                  "uv": [
                    0,
                    57
                  ],
                  "uv_size": [
                    6,
                    4
                  ]
                },
                "south": {
                  "uv": [
                    12,
                    57
                  ],
                  "uv_size": [
                    0,
                    4
                  ]
                },
                "west": {
                  "uv": [
                    6,
                    57
                  ],
                  "uv_size": [
                    6,
                    4
                  ]
                },
                "up": {
                  "uv": [
                    6,
                    51
                  ],
                  "uv_size": [
                    0,
                    6
                  ]
                },
                "down": {
                  "uv": [
                    6,
                    57
                  ],
                  "uv_size": [
                    0,
                    -6
                  ]
                }
              }
            }
          ]
        },
        {
          "name": "rightBottomHair",
          "parent": "hair",
          "pivot": [
            -4,
            27,
            4
          ],
          "cubes": [
            {
              "origin": [
                -4,
                22,
                4
              ],
              "size": [
                0,
                5,
                6
              ],
              "uv": {
                "north": {
                  "uv": [
                    6,
                    38
                  ],
                  "uv_size": [
                    0,
                    5
                  ]
                },
                "east": {
                  "uv": [
                    0,
                    38
                  ],
                  "uv_size": [
                    6,
                    5
                  ]
                },
                "south": {
                  "uv": [
                    12,
                    38
                  ],
                  "uv_size": [
                    0,
                    5
                  ]
                },
                "west": {
                  "uv": [
                    6,
                    38
                  ],
                  "uv_size": [
                    6,
                    5
                  ]
                },
                "up": {
                  "uv": [
                    6,
                    32
                  ],
                  "uv_size": [
                    0,
                    6
                  ]
                },
                "down": {
                  "uv": [
                    6,
                    38
                  ],
                  "uv_size": [
                    0,
                    -6
                  ]
                }
              }
            }
          ]
        },
        {
          "name": "leftBottomHair",
          "parent": "hair",
          "pivot": [
            4,
            27,
            4
          ],
          "cubes": [
            {
              "origin": [
                4,
                22,
                4
              ],
              "size": [
                0,
                5,
                6
              ],
              "uv": {
                "north": {
                  "uv": [
                    6,
                    38
                  ],
                  "uv_size": [
                    0,
                    5
                  ]
                },
                "east": {
                  "uv": [
                    12,
                    38
                  ],
                  "uv_size": [
                    -6,
                    5
                  ]
                },
                "south": {
                  "uv": [
                    12,
                    38
                  ],
                  "uv_size": [
                    0,
                    5
                  ]
                },
                "west": {
                  "uv": [
                    6,
                    38
                  ],
                  "uv_size": [
                    -6,
                    5
                  ]
                },
                "up": {
                  "uv": [
                    6,
                    32
                  ],
                  "uv_size": [
                    0,
                    6
                  ]
                },
                "down": {
                  "uv": [
                    6,
                    38
                  ],
                  "uv_size": [
                    0,
                    -6
                  ]
                }
              }
            }
          ]
        },
        {
          "name": "eye",
          "parent": "head",
          "pivot": [
            0,
            26,
            -4.025
          ]
        },
        {
          "name": "pupils",
          "parent": "eye",
          "pivot": [
            0,
            26,
            -4.05
          ]
        },
        {
          "name": "rightPupil",
          "parent": "pupils",
          "pivot": [
            -2,
            26,
            -4.05
          ],
          "cubes": [
            {
              "origin": [
                -2,
                26,
                -4.05
              ],
              "size": [
                1,
                3,
                0
              ],
              "uv": {
                "north": {
                  "uv": [
                    14,
                    38
                  ],
                  "uv_size": [
                    1,
                    3
                  ]
                }
              }
            }
          ]
        },
        {
          "name": "leftPupil",
          "parent": "pupils",
          "pivot": [
            1,
            26,
            -4.05
          ],
          "cubes": [
            {
              "origin": [
                1,
                26,
                -4.05
              ],
              "size": [
                1,
                3,
                0
              ],
              "uv": {
                "north": {
                  "uv": [
                    14,
                    38
                  ],
                  "uv_size": [
                    1,
                    3
                  ]
                }
              }
            }
          ]
        },
        {
          "name": "white",
          "parent": "eye",
          "pivot": [
            0,
            26,
            -4.025
          ],
          "cubes": [
            {
              "origin": [
                -4,
                26,
                -4.025
              ],
              "size": [
                8,
                5,
                0
              ],
              "uv": {
                "north": {
                  "uv": [
                    12,
                    32
                  ],
                  "uv_size": [
                    8,
                    5
                  ]
                }
              }
            },
            {
              "origin": [
                1,
                26,
                -4.025
              ],
              "size": [
                3,
                5,
                0
              ],
              "pivot": [
                0,
                24,
                -0.025
              ],
              "rotation": [
                0,
                90,
                0
              ],
              "uv": {
                "north": {
                  "uv": [
                    9,
                    32
                  ],
                  "uv_size": [
                    3,
                    5
                  ]
                }
              }
            },
            {
              "origin": [
                1,
                26,
                3.975
              ],
              "size": [
                3,
                5,
                0
              ],
              "pivot": [
                0,
                24,
                -0.025
              ],
              "rotation": [
                0,
                90,
                0
              ],
              "uv": {
                "north": {
                  "uv": [
                    9,
                    32
                  ],
                  "uv_size": [
                    3,
                    5
                  ]
                }
              }
            }
          ]
        },
        {
          "name": "leftArm",
          "parent": "body",
          "pivot": [
            4,
            24,
            0
          ],
          "cubes": [
            {
              "origin": [
                4,
                18,
                -1
              ],
              "size": [
                2,
                6,
                2
              ],
              "uv": {
                "north": {
                  "uv": [
                    36,
                    16
                  ],
                  "uv_size": [
                    -2,
                    6
                  ]
                },
                "east": {
                  "uv": [
                    38,
                    16
                  ],
                  "uv_size": [
                    -2,
                    6
                  ]
                },
                "south": {
                  "uv": [
                    40,
                    16
                  ],
                  "uv_size": [
                    -2,
                    6
                  ]
                },
                "west": {
                  "uv": [
                    34,
                    16
                  ],
                  "uv_size": [
                    -2,
                    6
                  ]
                },
                "up": {
                  "uv": [
                    36,
                    14
                  ],
                  "uv_size": [
                    -2,
                    2
                  ]
                },
                "down": {
                  "uv": [
                    38,
                    16
                  ],
                  "uv_size": [
                    -2,
                    -2
                  ]
                }
              }
            }
          ]
        },
        {
          "name": "leftElbow",
          "parent": "leftArm",
          "pivot": [
            5,
            20,
            1
          ],
          "cubes": [
            {
              "origin": [
                4,
                16,
                -1
              ],
              "size": [
                2,
                4,
                2
              ],
              "uv": {
                "north": {
                  "uv": [
                    36,
                    20
                  ],
                  "uv_size": [
                    -2,
                    4
                  ]
                },
                "east": {
                  "uv": [
                    38,
                    20
                  ],
                  "uv_size": [
                    -2,
                    4
                  ]
                },
                "south": {
                  "uv": [
                    40,
                    20
                  ],
                  "uv_size": [
                    -2,
                    4
                  ]
                },
                "west": {
                  "uv": [
                    34,
                    20
                  ],
                  "uv_size": [
                    -2,
                    4
                  ]
                },
                "up": {
                  "uv": [
                    36,
                    14
                  ],
                  "uv_size": [
                    -2,
                    2
                  ]
                },
                "down": {
                  "uv": [
                    38,
                    16
                  ],
                  "uv_size": [
                    -2,
                    -2
                  ]
                }
              }
            }
          ]
        },
        {
          "name": "leftHand",
          "parent": "leftElbow",
          "pivot": [
            5,
            17,
            0
          ],
          "cubes": [
            {
              "origin": [
                3.5,
                15,
                -1.5
              ],
              "size": [
                3,
                2,
                3
              ],
              "uv": {
                "north": {
                  "uv": [
                    46,
                    17
                  ],
                  "uv_size": [
                    -3,
                    2
                  ]
                },
                "east": {
                  "uv": [
                    49,
                    17
                  ],
                  "uv_size": [
                    -3,
                    2
                  ]
                },
                "south": {
                  "uv": [
                    52,
                    17
                  ],
                  "uv_size": [
                    -3,
                    2
                  ]
                },
                "west": {
                  "uv": [
                    43,
                    17
                  ],
                  "uv_size": [
                    -3,
                    2
                  ]
                },
                "up": {
                  "uv": [
                    46,
                    14
                  ],
                  "uv_size": [
                    -3,
                    3
                  ]
                },
                "down": {
                  "uv": [
                    49,
                    17
                  ],
                  "uv_size": [
                    -3,
                    -3
                  ]
                }
              }
            },
            {
              "origin": [
                3,
                11,
                -2
              ],
              "size": [
                4,
                4,
                4
              ],
              "uv": {
                "north": {
                  "uv": [
                    48,
                    23
                  ],
                  "uv_size": [
                    -4,
                    4
                  ]
                },
                "east": {
                  "uv": [
                    52,
                    23
                  ],
                  "uv_size": [
                    -4,
                    4
                  ]
                },
                "south": {
                  "uv": [
                    56,
                    23
                  ],
                  "uv_size": [
                    -4,
                    4
                  ]
                },
                "west": {
                  "uv": [
                    44,
                    23
                  ],
                  "uv_size": [
                    -4,
                    4
                  ]
                },
                "up": {
                  "uv": [
                    48,
                    19
                  ],
                  "uv_size": [
                    -4,
                    4
                  ]
                },
                "down": {
                  "uv": [
                    52,
                    23
                  ],
                  "uv_size": [
                    -4,
                    -4
                  ]
                }
              }
            }
          ]
        },
        {
          "name": "finger",
          "parent": "leftHand",
          "pivot": [
            6.75,
            13.5,
            -0.75
          ],
          "cubes": [
            {
              "origin": [
                5.75,
                11.5,
                -1.75
              ],
              "size": [
                1,
                3,
                1
              ],
              "uv": {
                "north": {
                  "uv": [
                    45,
                    20
                  ],
                  "uv_size": [
                    1,
                    2
                  ]
                },
                "east": {
                  "uv": [
                    50,
                    24
                  ],
                  "uv_size": [
                    1,
                    2
                  ]
                },
                "south": {
                  "uv": [
                    45,
                    20
                  ],
                  "uv_size": [
                    1,
                    2
                  ]
                },
                "west": {
                  "uv": [
                    49,
                    24
                  ],
                  "uv_size": [
                    1,
                    2
                  ]
                },
                "up": {
                  "uv": [
                    50,
                    25
                  ],
                  "uv_size": [
                    -1,
                    -1
                  ]
                },
                "down": {
                  "uv": [
                    50,
                    24
                  ],
                  "uv_size": [
                    -1,
                    -1
                  ]
                }
              }
            }
          ]
        },
        {
          "name": "rightArm",
          "parent": "body",
          "pivot": [
            -4,
            24,
            0
          ],
          "cubes": [
            {
              "origin": [
                -6,
                18,
                -1
              ],
              "size": [
                2,
                6,
                2
              ],
              "uv": {
                "north": {
                  "uv": [
                    34,
                    16
                  ],
                  "uv_size": [
                    2,
                    6
                  ]
                },
                "east": {
                  "uv": [
                    32,
                    16
                  ],
                  "uv_size": [
                    2,
                    6
                  ]
                },
                "south": {
                  "uv": [
                    38,
                    16
                  ],
                  "uv_size": [
                    2,
                    6
                  ]
                },
                "west": {
                  "uv": [
                    36,
                    16
                  ],
                  "uv_size": [
                    2,
                    6
                  ]
                },
                "up": {
                  "uv": [
                    34,
                    14
                  ],
                  "uv_size": [
                    2,
                    2
                  ]
                },
                "down": {
                  "uv": [
                    36,
                    16
                  ],
                  "uv_size": [
                    2,
                    -2
                  ]
                }
              }
            }
          ]
        },
        {
          "name": "rightElbow",
          "parent": "rightArm",
          "pivot": [
            -5,
            20,
            1
          ],
          "cubes": [
            {
              "origin": [
                -6,
                16,
                -1
              ],
              "size": [
                2,
                4,
                2
              ],
              "uv": {
                "north": {
                  "uv": [
                    34,
                    20
                  ],
                  "uv_size": [
                    2,
                    4
                  ]
                },
                "east": {
                  "uv": [
                    32,
                    20
                  ],
                  "uv_size": [
                    2,
                    4
                  ]
                },
                "south": {
                  "uv": [
                    38,
                    20
                  ],
                  "uv_size": [
                    2,
                    4
                  ]
                },
                "west": {
                  "uv": [
                    36,
                    20
                  ],
                  "uv_size": [
                    2,
                    4
                  ]
                },
                "up": {
                  "uv": [
                    34,
                    14
                  ],
                  "uv_size": [
                    2,
                    2
                  ]
                },
                "down": {
                  "uv": [
                    36,
                    16
                  ],
                  "uv_size": [
                    2,
                    -2
                  ]
                }
              }
            }
          ]
        },
        {
          "name": "rightHand",
          "parent": "rightElbow",
          "pivot": [
            -5,
            17,
            0
          ],
          "cubes": [
            {
              "origin": [
                -6.5,
                15,
                -1.5
              ],
              "size": [
                3,
                2,
                3
              ],
              "uv": {
                "north": {
                  "uv": [
                    43,
                    17
                  ],
                  "uv_size": [
                    3,
                    2
                  ]
                },
                "east": {
                  "uv": [
                    40,
                    17
                  ],
                  "uv_size": [
                    3,
                    2
                  ]
                },
                "south": {
                  "uv": [
                    49,
                    17
                  ],
                  "uv_size": [
                    3,
                    2
                  ]
                },
                "west": {
                  "uv": [
                    46,
                    17
                  ],
                  "uv_size": [
                    3,
                    2
                  ]
                },
                "up": {
                  "uv": [
                    43,
                    14
                  ],
                  "uv_size": [
                    3,
                    3
                  ]
                },
                "down": {
                  "uv": [
                    46,
                    17
                  ],
                  "uv_size": [
                    3,
                    -3
                  ]
                }
              }
            },
            {
              "origin": [
                -7,
                11,
                -2
              ],
              "size": [
                4,
                4,
                4
              ],
              "uv": {
                "north": {
                  "uv": [
                    44,
                    23
                  ],
                  "uv_size": [
                    4,
                    4
                  ]
                },
                "east": {
                  "uv": [
                    40,
                    23
                  ],
                  "uv_size": [
                    4,
                    4
                  ]
                },
                "south": {
                  "uv": [
                    52,
                    23
                  ],
                  "uv_size": [
                    4,
                    4
                  ]
                },
                "west": {
                  "uv": [
                    48,
                    23
                  ],
                  "uv_size": [
                    4,
                    4
                  ]
                },
                "up": {
                  "uv": [
                    44,
                    19
                  ],
                  "uv_size": [
                    4,
                    4
                  ]
                },
                "down": {
                  "uv": [
                    48,
                    23
                  ],
                  "uv_size": [
                    4,
                    -4
                  ]
                }
              }
            }
          ]
        },
        {
          "name": "leftLeg",
          "parent": "local",
          "pivot": [
            2.4,
            14,
            0
          ],
          "cubes": [
            {
              "origin": [
                0.65,
                3,
                -1
              ],
              "size": [
                2,
                11,
                2
              ],
              "uv": {
                "north": {
                  "uv": [
                    60,
                    18
                  ],
                  "uv_size": [
                    -2,
                    11
                  ]
                },
                "east": {
                  "uv": [
                    62,
                    18
                  ],
                  "uv_size": [
                    -2,
                    11
                  ]
                },
                "south": {
                  "uv": [
                    64,
                    18
                  ],
                  "uv_size": [
                    -2,
                    11
                  ]
                },
                "west": {
                  "uv": [
                    58,
                    18
                  ],
                  "uv_size": [
                    -2,
                    11
                  ]
                },
                "up": {
                  "uv": [
                    60,
                    16
                  ],
                  "uv_size": [
                    -2,
                    2
                  ]
                },
                "down": {
                  "uv": [
                    62,
                    18
                  ],
                  "uv_size": [
                    -2,
                    -2
                  ]
                }
              }
            }
          ]
        },
        {
          "name": "leftShoe",
          "parent": "leftLeg",
          "pivot": [
            1.75,
            5,
            0
          ],
          "cubes": [
            {
              "origin": [
                0.15,
                3,
                -1.5
              ],
              "size": [
                3,
                2,
                3
              ],
              "uv": {
                "north": {
                  "uv": [
                    58,
                    32
                  ],
                  "uv_size": [
                    -3,
                    2
                  ]
                },
                "east": {
                  "uv": [
                    61,
                    32
                  ],
                  "uv_size": [
                    -3,
                    2
                  ]
                },
                "south": {
                  "uv": [
                    64,
                    32
                  ],
                  "uv_size": [
                    -3,
                    2
                  ]
                },
                "west": {
                  "uv": [
                    55,
                    32
                  ],
                  "uv_size": [
                    -3,
                    2
                  ]
                },
                "up": {
                  "uv": [
                    58,
                    29
                  ],
                  "uv_size": [
                    -3,
                    3
                  ]
                },
                "down": {
                  "uv": [
                    61,
                    32
                  ],
                  "uv_size": [
                    -3,
                    -3
                  ]
                }
              }
            }
          ]
        },
        {
          "name": "leftBack",
          "parent": "leftShoe",
          "pivot": [
            1.75,
            0,
            2.5
          ],
          "cubes": [
            {
              "origin": [
                -0.35,
                0,
                -4.5
              ],
              "size": [
                4,
                3,
                7
              ],
              "uv": {
                "north": {
                  "uv": [
                    53,
                    41
                  ],
                  "uv_size": [
                    -4,
                    3
                  ]
                },
                "east": {
                  "uv": [
                    60,
                    41
                  ],
                  "uv_size": [
                    -7,
                    3
                  ]
                },
                "south": {
                  "uv": [
                    64,
                    41
                  ],
                  "uv_size": [
                    -4,
                    3
                  ]
                },
                "west": {
                  "uv": [
                    49,
                    41
                  ],
                  "uv_size": [
                    -7,
                    3
                  ]
                },
                "up": {
                  "uv": [
                    53,
                    34
                  ],
                  "uv_size": [
                    -4,
                    7
                  ]
                },
                "down": {
                  "uv": [
                    57,
                    41
                  ],
                  "uv_size": [
                    -4,
                    -7
                  ]
                }
              }
            }
          ]
        },
        {
          "name": "rightLeg",
          "parent": "local",
          "pivot": [
            -2.4,
            14,
            0
          ],
          "cubes": [
            {
              "origin": [
                -2.65,
                3,
                -1
              ],
              "size": [
                2,
                11,
                2
              ],
              "uv": {
                "north": {
                  "uv": [
                    58,
                    18
                  ],
                  "uv_size": [
                    2,
                    11
                  ]
                },
                "east": {
                  "uv": [
                    56,
                    18
                  ],
                  "uv_size": [
                    2,
                    11
                  ]
                },
                "south": {
                  "uv": [
                    62,
                    18
                  ],
                  "uv_size": [
                    2,
                    11
                  ]
                },
                "west": {
                  "uv": [
                    60,
                    18
                  ],
                  "uv_size": [
                    2,
                    11
                  ]
                },
                "up": {
                  "uv": [
                    58,
                    16
                  ],
                  "uv_size": [
                    2,
                    2
                  ]
                },
                "down": {
                  "uv": [
                    60,
                    18
                  ],
                  "uv_size": [
                    2,
                    -2
                  ]
                }
              }
            }
          ]
        },
        {
          "name": "rightShoe",
          "parent": "rightLeg",
          "pivot": [
            -1.75,
            5,
            0
          ],
          "cubes": [
            {
              "origin": [
                -3.15,
                3,
                -1.5
              ],
              "size": [
                3,
                2,
                3
              ],
              "uv": {
                "north": {
                  "uv": [
                    55,
                    32
                  ],
                  "uv_size": [
                    3,
                    2
                  ]
                },
                "east": {
                  "uv": [
                    52,
                    32
                  ],
                  "uv_size": [
                    3,
                    2
                  ]
                },
                "south": {
                  "uv": [
                    61,
                    32
                  ],
                  "uv_size": [
                    3,
                    2
                  ]
                },
                "west": {
                  "uv": [
                    58,
                    32
                  ],
                  "uv_size": [
                    3,
                    2
                  ]
                },
                "up": {
                  "uv": [
                    55,
                    29
                  ],
                  "uv_size": [
                    3,
                    3
                  ]
                },
                "down": {
                  "uv": [
                    58,
                    32
                  ],
                  "uv_size": [
                    3,
                    -3
                  ]
                }
              }
            }
          ]
        },
        {
          "name": "rightBack",
          "parent": "rightShoe",
          "pivot": [
            -1.75,
            0,
            2.5
          ],
          "cubes": [
            {
              "origin": [
                -3.65,
                0,
                -4.5
              ],
              "size": [
                4,
                3,
                7
              ],
              "uv": {
                "north": {
                  "uv": [
                    49,
                    41
                  ],
                  "uv_size": [
                    4,
                    3
                  ]
                },
                "east": {
                  "uv": [
                    42,
                    41
                  ],
                  "uv_size": [
                    7,
                    3
                  ]
                },
                "south": {
                  "uv": [
                    60,
                    41
                  ],
                  "uv_size": [
                    4,
                    3
                  ]
                },
                "west": {
                  "uv": [
                    53,
                    41
                  ],
                  "uv_size": [
                    7,
                    3
                  ]
                },
                "up": {
                  "uv": [
                    49,
                    34
                  ],
                  "uv_size": [
                    4,
                    7
                  ]
                },
                "down": {
                  "uv": [
                    53,
                    41
                  ],
                  "uv_size": [
                    4,
                    -7
                  ]
                }
              }
            }
          ]
        }
      ]
    }
  ],
  "format_version": "1.12.0"
}