{
  "minecraft:geometry": [
    {
      "description": {
        "identifier": "geometry.hive.sonic.hub.npc_tails",
        "texture_width": 64,
        "texture_height": 64,
        "visible_bounds_width": 4,
        "visible_bounds_height": 6,
        "visible_bounds_offset": [
          0,
          2,
          0
        ]
      },
      "bones": [
        {
          "name": "root",
          "pivot": [
            0,
            0,
            0
          ]
        },
        {
          "name": "pos",
          "parent": "root",
          "pivot": [
            0,
            12,
            0
          ]
        },
        {
          "name": "waist",
          "parent": "pos",
          "pivot": [
            0,
            12,
            0
          ]
        },
        {
          "name": "body",
          "parent": "waist",
          "pivot": [
            0,
            22,
            0
          ],
          "cubes": [
            {
              "origin": [
                -4,
                12,
                -2
              ],
              "size": [
                8,
                10,
                4
              ],
              "uv": {
                "north": {
                  "uv": [
                    36,
                    4
                  ],
                  "uv_size": [
                    8,
                    10
                  ]
                },
                "east": {
                  "uv": [
                    32,
                    4
                  ],
                  "uv_size": [
                    4,
                    10
                  ]
                },
                "south": {
                  "uv": [
                    48,
                    4
                  ],
                  "uv_size": [
                    8,
                    10
                  ]
                },
                "west": {
                  "uv": [
                    44,
                    4
                  ],
                  "uv_size": [
                    4,
                    10
                  ]
                },
                "up": {
                  "uv": [
                    36,
                    0
                  ],
                  "uv_size": [
                    8,
                    4
                  ]
                },
                "down": {
                  "uv": [
                    44,
                    4
                  ],
                  "uv_size": [
                    8,
                    -4
                  ]
                }
              }
            },
            {
              "origin": [
                -3,
                13,
                -3
              ],
              "size": [
                6,
                8,
                1
              ],
              "uv": {
                "north": {
                  "uv": [
                    33,
                    28
                  ],
                  "uv_size": [
                    6,
                    8
                  ]
                },
                "east": {
                  "uv": [
                    32,
                    28
                  ],
                  "uv_size": [
                    1,
                    8
                  ]
                },
                "south": {
                  "uv": [
                    40,
                    28
                  ],
                  "uv_size": [
                    6,
                    8
                  ]
                },
                "west": {
                  "uv": [
                    39,
                    28
                  ],
                  "uv_size": [
                    1,
                    8
                  ]
                },
                "up": {
                  "uv": [
                    33,
                    27
                  ],
                  "uv_size": [
                    6,
                    1
                  ]
                },
                "down": {
                  "uv": [
                    39,
                    28
                  ],
                  "uv_size": [
                    6,
                    -1
                  ]
                }
              }
            },
            {
              "origin": [
                -5,
                19,
                -3
              ],
              "size": [
                4,
                3,
                0
              ],
              "pivot": [
                -1,
                20,
                -3
              ],
              "rotation": [
                0,
                -10,
                0
              ],
              "uv": {
                "north": {
                  "uv": [
                    32,
                    37
                  ],
                  "uv_size": [
                    4,
                    3
                  ]
                },
                "east": {
                  "uv": [
                    32,
                    37
                  ],
                  "uv_size": [
                    0,
                    3
                  ]
                },
                "south": {
                  "uv": [
                    36,
                    37
                  ],
                  "uv_size": [
                    4,
                    3
                  ]
                },
                "west": {
                  "uv": [
                    36,
                    37
                  ],
                  "uv_size": [
                    0,
                    3
                  ]
                },
                "up": {
                  "uv": [
                    32,
                    37
                  ],
                  "uv_size": [
                    4,
                    0
                  ]
                },
                "down": {
                  "uv": [
                    36,
                    37
                  ],
                  "uv_size": [
                    4,
                    0
                  ]
                }
              }
            },
            {
              "origin": [
                1,
                19,
                -3
              ],
              "size": [
                4,
                3,
                0
              ],
              "pivot": [
                1,
                20,
                -3
              ],
              "rotation": [
                0,
                10,
                0
              ],
              "uv": {
                "north": {
                  "uv": [
                    36,
                    37
                  ],
                  "uv_size": [
                    -4,
                    3
                  ]
                },
                "east": {
                  "uv": [
                    36,
                    37
                  ],
                  "uv_size": [
                    0,
                    3
                  ]
                },
                "south": {
                  "uv": [
                    40,
                    37
                  ],
                  "uv_size": [
                    -4,
                    3
                  ]
                },
                "west": {
                  "uv": [
                    32,
                    37
                  ],
                  "uv_size": [
                    0,
                    3
                  ]
                },
                "up": {
                  "uv": [
                    36,
                    37
                  ],
                  "uv_size": [
                    -4,
                    0
                  ]
                },
                "down": {
                  "uv": [
                    40,
                    37
                  ],
                  "uv_size": [
                    -4,
                    0
                  ]
                }
              }
            }
          ]
        },
        {
          "name": "head",
          "parent": "body",
          "pivot": [
            0,
            22,
            0
          ],
          "cubes": [
            {
              "origin": [
                -4,
                22,
                -4
              ],
              "size": [
                8,
                8,
                8
              ],
              "uv": {
                "north": {
                  "uv": [
                    8,
                    8
                  ],
                  "uv_size": [
                    8,
                    8
                  ]
                },
                "east": {
                  "uv": [
                    0,
                    8
                  ],
                  "uv_size": [
                    8,
                    8
                  ]
                },
                "south": {
                  "uv": [
                    24,
                    8
                  ],
                  "uv_size": [
                    8,
                    8
                  ]
                },
                "west": {
                  "uv": [
                    16,
                    8
                  ],
                  "uv_size": [
                    8,
                    8
                  ]
                },
                "up": {
                  "uv": [
                    8,
                    0
                  ],
                  "uv_size": [
                    8,
                    8
                  ]
                },
                "down": {
                  "uv": [
                    16,
                    8
                  ],
                  "uv_size": [
                    8,
                    -8
                  ]
                }
              }
            },
            {
              "origin": [
                -4,
                22,
                -5
              ],
              "size": [
                8,
                2,
                1
              ],
              "uv": {
                "north": {
                  "uv": [
                    1,
                    17
                  ],
                  "uv_size": [
                    8,
                    2
                  ]
                },
                "east": {
                  "uv": [
                    0,
                    17
                  ],
                  "uv_size": [
                    1,
                    2
                  ]
                },
                "south": {
                  "uv": [
                    10,
                    17
                  ],
                  "uv_size": [
                    8,
                    2
                  ]
                },
                "west": {
                  "uv": [
                    9,
                    17
                  ],
                  "uv_size": [
                    1,
                    2
                  ]
                },
                "up": {
                  "uv": [
                    1,
                    16
                  ],
                  "uv_size": [
                    8,
                    1
                  ]
                },
                "down": {
                  "uv": [
                    9,
                    17
                  ],
                  "uv_size": [
                    8,
                    -1
                  ]
                }
              }
            },
            {
              "origin": [
                -0.5,
                23,
                -7
              ],
              "size": [
                1,
                1,
                2
              ],
              "pivot": [
                0,
                23,
                -5
              ],
              "rotation": [
                -10,
                0,
                0
              ],
              "uv": {
                "north": {
                  "uv": [
                    2,
                    21
                  ],
                  "uv_size": [
                    1,
                    1
                  ]
                },
                "east": {
                  "uv": [
                    0,
                    21
                  ],
                  "uv_size": [
                    2,
                    1
                  ]
                },
                "south": {
                  "uv": [
                    5,
                    21
                  ],
                  "uv_size": [
                    1,
                    1
                  ]
                },
                "west": {
                  "uv": [
                    3,
                    21
                  ],
                  "uv_size": [
                    2,
                    1
                  ]
                },
                "up": {
                  "uv": [
                    2,
                    19
                  ],
                  "uv_size": [
                    1,
                    2
                  ]
                },
                "down": {
                  "uv": [
                    3,
                    21
                  ],
                  "uv_size": [
                    1,
                    -2
                  ]
                }
              }
            }
          ]
        },
        {
          "name": "quiff",
          "parent": "head",
          "pivot": [
            0,
            30,
            -3
          ],
          "cubes": [
            {
              "origin": [
                0,
                28,
                -9
              ],
              "size": [
                0,
                5,
                6
              ],
              "uv": {
                "north": {
                  "uv": [
                    6,
                    56
                  ],
                  "uv_size": [
                    0,
                    5
                  ]
                },
                "east": {
                  "uv": [
                    0,
                    56
                  ],
                  "uv_size": [
                    6,
                    5
                  ]
                },
                "south": {
                  "uv": [
                    12,
                    56
                  ],
                  "uv_size": [
                    0,
                    5
                  ]
                },
                "west": {
                  "uv": [
                    6,
                    56
                  ],
                  "uv_size": [
                    6,
                    5
                  ]
                },
                "up": {
                  "uv": [
                    6,
                    50
                  ],
                  "uv_size": [
                    0,
                    6
                  ]
                },
                "down": {
                  "uv": [
                    6,
                    56
                  ],
                  "uv_size": [
                    0,
                    -6
                  ]
                }
              }
            }
          ]
        },
        {
          "name": "leftEar",
          "parent": "head",
          "pivot": [
            3.95,
            27.25,
            -0.5
          ],
          "cubes": [
            {
              "origin": [
                0.7,
                28,
                -1
              ],
              "size": [
                4,
                4,
                1
              ],
              "pivot": [
                2.7,
                29,
                -1.5
              ],
              "rotation": [
                0,
                0,
                30
              ],
              "uv": {
                "north": {
                  "uv": [
                    12,
                    20
                  ],
                  "uv_size": [
                    -4,
                    4
                  ]
                },
                "east": {
                  "uv": [
                    13,
                    20
                  ],
                  "uv_size": [
                    -1,
                    4
                  ]
                },
                "south": {
                  "uv": [
                    17,
                    20
                  ],
                  "uv_size": [
                    -4,
                    4
                  ]
                },
                "west": {
                  "uv": [
                    8,
                    20
                  ],
                  "uv_size": [
                    -1,
                    4
                  ]
                },
                "up": {
                  "uv": [
                    12,
                    19
                  ],
                  "uv_size": [
                    -4,
                    1
                  ]
                },
                "down": {
                  "uv": [
                    16,
                    20
                  ],
                  "uv_size": [
                    -4,
                    -1
                  ]
                }
              }
            },
            {
              "origin": [
                0.7,
                32,
                -1
              ],
              "size": [
                3,
                1,
                0
              ],
              "pivot": [
                2.7,
                29,
                -1.5
              ],
              "rotation": [
                0,
                0,
                30
              ],
              "uv": {
                "north": {
                  "uv": [
                    3,
                    23
                  ],
                  "uv_size": [
                    -3,
                    1
                  ]
                },
                "east": {
                  "uv": [
                    3,
                    23
                  ],
                  "uv_size": [
                    0,
                    1
                  ]
                },
                "south": {
                  "uv": [
                    6,
                    23
                  ],
                  "uv_size": [
                    -3,
                    1
                  ]
                },
                "west": {
                  "uv": [
                    0,
                    23
                  ],
                  "uv_size": [
                    0,
                    1
                  ]
                },
                "up": {
                  "uv": [
                    3,
                    23
                  ],
                  "uv_size": [
                    -3,
                    0
                  ]
                },
                "down": {
                  "uv": [
                    6,
                    23
                  ],
                  "uv_size": [
                    -3,
                    0
                  ]
                }
              }
            }
          ]
        },
        {
          "name": "rightEar",
          "parent": "head",
          "pivot": [
            -3.95,
            27.25,
            -0.5
          ],
          "cubes": [
            {
              "origin": [
                -4.7,
                28,
                -1
              ],
              "size": [
                4,
                4,
                1
              ],
              "pivot": [
                -2.7,
                29,
                -1.5
              ],
              "rotation": [
                0,
                0,
                -30
              ],
              "uv": {
                "north": {
                  "uv": [
                    8,
                    20
                  ],
                  "uv_size": [
                    4,
                    4
                  ]
                },
                "east": {
                  "uv": [
                    7,
                    20
                  ],
                  "uv_size": [
                    1,
                    4
                  ]
                },
                "south": {
                  "uv": [
                    13,
                    20
                  ],
                  "uv_size": [
                    4,
                    4
                  ]
                },
                "west": {
                  "uv": [
                    12,
                    20
                  ],
                  "uv_size": [
                    1,
                    4
                  ]
                },
                "up": {
                  "uv": [
                    8,
                    19
                  ],
                  "uv_size": [
                    4,
                    1
                  ]
                },
                "down": {
                  "uv": [
                    12,
                    20
                  ],
                  "uv_size": [
                    4,
                    -1
                  ]
                }
              }
            },
            {
              "origin": [
                -3.7,
                32,
                -1
              ],
              "size": [
                3,
                1,
                0
              ],
              "pivot": [
                -2.7,
                29,
                -1.5
              ],
              "rotation": [
                0,
                0,
                -30
              ],
              "uv": {
                "north": {
                  "uv": [
                    0,
                    23
                  ],
                  "uv_size": [
                    3,
                    1
                  ]
                },
                "east": {
                  "uv": [
                    0,
                    23
                  ],
                  "uv_size": [
                    0,
                    1
                  ]
                },
                "south": {
                  "uv": [
                    3,
                    23
                  ],
                  "uv_size": [
                    3,
                    1
                  ]
                },
                "west": {
                  "uv": [
                    3,
                    23
                  ],
                  "uv_size": [
                    0,
                    1
                  ]
                },
                "up": {
                  "uv": [
                    0,
                    23
                  ],
                  "uv_size": [
                    3,
                    0
                  ]
                },
                "down": {
                  "uv": [
                    3,
                    23
                  ],
                  "uv_size": [
                    3,
                    0
                  ]
                }
              }
            }
          ]
        },
        {
          "name": "eyes",
          "parent": "head",
          "pivot": [
            0,
            25,
            -4
          ]
        },
        {
          "name": "leftEye",
          "parent": "eyes",
          "pivot": [
            0,
            22,
            0
          ],
          "cubes": [
            {
              "origin": [
                1,
                24,
                -4.025
              ],
              "size": [
                1,
                3,
                0
              ],
              "uv": {
                "north": {
                  "uv": [
                    58,
                    11
                  ],
                  "uv_size": [
                    1,
                    3
                  ]
                }
              }
            }
          ]
        },
        {
          "name": "rightEye",
          "parent": "eyes",
          "pivot": [
            -3,
            22,
            0
          ],
          "cubes": [
            {
              "origin": [
                -2,
                24,
                -4.025
              ],
              "size": [
                1,
                3,
                0
              ],
              "uv": {
                "north": {
                  "uv": [
                    58,
                    11
                  ],
                  "uv_size": [
                    1,
                    3
                  ]
                }
              }
            }
          ]
        },
        {
          "name": "leftCheek",
          "parent": "head",
          "pivot": [
            4,
            24,
            -3
          ],
          "cubes": [
            {
              "origin": [
                4,
                22,
                -3
              ],
              "size": [
                0,
                4,
                4
              ],
              "pivot": [
                4,
                24,
                -3
              ],
              "rotation": [
                0,
                45,
                0
              ],
              "uv": {
                "north": {
                  "uv": [
                    22,
                    20
                  ],
                  "uv_size": [
                    0,
                    4
                  ]
                },
                "east": {
                  "uv": [
                    26,
                    20
                  ],
                  "uv_size": [
                    -4,
                    4
                  ]
                },
                "south": {
                  "uv": [
                    26,
                    20
                  ],
                  "uv_size": [
                    0,
                    4
                  ]
                },
                "west": {
                  "uv": [
                    22,
                    20
                  ],
                  "uv_size": [
                    -4,
                    4
                  ]
                },
                "up": {
                  "uv": [
                    22,
                    16
                  ],
                  "uv_size": [
                    0,
                    4
                  ]
                },
                "down": {
                  "uv": [
                    22,
                    20
                  ],
                  "uv_size": [
                    0,
                    -4
                  ]
                }
              }
            }
          ]
        },
        {
          "name": "rightCheek",
          "parent": "head",
          "pivot": [
            -4,
            24,
            -3
          ],
          "cubes": [
            {
              "origin": [
                -4,
                22,
                -3
              ],
              "size": [
                0,
                4,
                4
              ],
              "pivot": [
                -4,
                24,
                -3
              ],
              "rotation": [
                0,
                -45,
                0
              ],
              "uv": {
                "north": {
                  "uv": [
                    22,
                    20
                  ],
                  "uv_size": [
                    0,
                    4
                  ]
                },
                "east": {
                  "uv": [
                    18,
                    20
                  ],
                  "uv_size": [
                    4,
                    4
                  ]
                },
                "south": {
                  "uv": [
                    26,
                    20
                  ],
                  "uv_size": [
                    0,
                    4
                  ]
                },
                "west": {
                  "uv": [
                    22,
                    20
                  ],
                  "uv_size": [
                    4,
                    4
                  ]
                },
                "up": {
                  "uv": [
                    22,
                    16
                  ],
                  "uv_size": [
                    0,
                    4
                  ]
                },
                "down": {
                  "uv": [
                    22,
                    20
                  ],
                  "uv_size": [
                    0,
                    -4
                  ]
                }
              }
            }
          ]
        },
        {
          "name": "leftArm",
          "parent": "body",
          "pivot": [
            4,
            21.5,
            0
          ],
          "cubes": [
            {
              "origin": [
                4,
                13,
                -1
              ],
              "size": [
                2,
                9,
                2
              ],
              "uv": {
                "north": {
                  "uv": [
                    36,
                    16
                  ],
                  "uv_size": [
                    -2,
                    9
                  ]
                },
                "east": {
                  "uv": [
                    38,
                    16
                  ],
                  "uv_size": [
                    -2,
                    9
                  ]
                },
                "south": {
                  "uv": [
                    40,
                    16
                  ],
                  "uv_size": [
                    -2,
                    9
                  ]
                },
                "west": {
                  "uv": [
                    34,
                    16
                  ],
                  "uv_size": [
                    -2,
                    9
                  ]
                },
                "up": {
                  "uv": [
                    36,
                    14
                  ],
                  "uv_size": [
                    -2,
                    2
                  ]
                },
                "down": {
                  "uv": [
                    38,
                    16
                  ],
                  "uv_size": [
                    -2,
                    -2
                  ]
                }
              }
            }
          ]
        },
        {
          "name": "leftHand",
          "parent": "leftArm",
          "pivot": [
            5,
            15.25,
            0
          ],
          "cubes": [
            {
              "origin": [
                3.5,
                13,
                -1.5
              ],
              "size": [
                3,
                2,
                3
              ],
              "uv": {
                "north": {
                  "uv": [
                    46,
                    17
                  ],
                  "uv_size": [
                    -3,
                    2
                  ]
                },
                "east": {
                  "uv": [
                    49,
                    17
                  ],
                  "uv_size": [
                    -3,
                    2
                  ]
                },
                "south": {
                  "uv": [
                    52,
                    17
                  ],
                  "uv_size": [
                    -3,
                    2
                  ]
                },
                "west": {
                  "uv": [
                    43,
                    17
                  ],
                  "uv_size": [
                    -3,
                    2
                  ]
                },
                "up": {
                  "uv": [
                    46,
                    14
                  ],
                  "uv_size": [
                    -3,
                    3
                  ]
                },
                "down": {
                  "uv": [
                    49,
                    17
                  ],
                  "uv_size": [
                    -3,
                    -3
                  ]
                }
              }
            },
            {
              "origin": [
                3,
                9,
                -2
              ],
              "size": [
                4,
                4,
                4
              ],
              "uv": {
                "north": {
                  "uv": [
                    48,
                    23
                  ],
                  "uv_size": [
                    -4,
                    4
                  ]
                },
                "east": {
                  "uv": [
                    52,
                    23
                  ],
                  "uv_size": [
                    -4,
                    4
                  ]
                },
                "south": {
                  "uv": [
                    56,
                    23
                  ],
                  "uv_size": [
                    -4,
                    4
                  ]
                },
                "west": {
                  "uv": [
                    44,
                    23
                  ],
                  "uv_size": [
                    -4,
                    4
                  ]
                },
                "up": {
                  "uv": [
                    48,
                    19
                  ],
                  "uv_size": [
                    -4,
                    4
                  ]
                },
                "down": {
                  "uv": [
                    52,
                    23
                  ],
                  "uv_size": [
                    -4,
                    -4
                  ]
                }
              }
            }
          ]
        },
        {
          "name": "rightArm",
          "parent": "body",
          "pivot": [
            -4,
            21.5,
            0
          ],
          "cubes": [
            {
              "origin": [
                -6,
                13,
                -1
              ],
              "size": [
                2,
                9,
                2
              ],
              "uv": {
                "north": {
                  "uv": [
                    34,
                    16
                  ],
                  "uv_size": [
                    2,
                    9
                  ]
                },
                "east": {
                  "uv": [
                    32,
                    16
                  ],
                  "uv_size": [
                    2,
                    9
                  ]
                },
                "south": {
                  "uv": [
                    38,
                    16
                  ],
                  "uv_size": [
                    2,
                    9
                  ]
                },
                "west": {
                  "uv": [
                    36,
                    16
                  ],
                  "uv_size": [
                    2,
                    9
                  ]
                },
                "up": {
                  "uv": [
                    34,
                    14
                  ],
                  "uv_size": [
                    2,
                    2
                  ]
                },
                "down": {
                  "uv": [
                    36,
                    16
                  ],
                  "uv_size": [
                    2,
                    -2
                  ]
                }
              }
            }
          ]
        },
        {
          "name": "rightHand",
          "parent": "rightArm",
          "pivot": [
            -5,
            15.25,
            0
          ],
          "cubes": [
            {
              "origin": [
                -6.5,
                13,
                -1.5
              ],
              "size": [
                3,
                2,
                3
              ],
              "uv": {
                "north": {
                  "uv": [
                    43,
                    17
                  ],
                  "uv_size": [
                    3,
                    2
                  ]
                },
                "east": {
                  "uv": [
                    40,
                    17
                  ],
                  "uv_size": [
                    3,
                    2
                  ]
                },
                "south": {
                  "uv": [
                    49,
                    17
                  ],
                  "uv_size": [
                    3,
                    2
                  ]
                },
                "west": {
                  "uv": [
                    46,
                    17
                  ],
                  "uv_size": [
                    3,
                    2
                  ]
                },
                "up": {
                  "uv": [
                    43,
                    14
                  ],
                  "uv_size": [
                    3,
                    3
                  ]
                },
                "down": {
                  "uv": [
                    46,
                    17
                  ],
                  "uv_size": [
                    3,
                    -3
                  ]
                }
              }
            },
            {
              "origin": [
                -7,
                9,
                -2
              ],
              "size": [
                4,
                4,
                4
              ],
              "uv": {
                "north": {
                  "uv": [
                    44,
                    23
                  ],
                  "uv_size": [
                    4,
                    4
                  ]
                },
                "east": {
                  "uv": [
                    40,
                    23
                  ],
                  "uv_size": [
                    4,
                    4
                  ]
                },
                "south": {
                  "uv": [
                    52,
                    23
                  ],
                  "uv_size": [
                    4,
                    4
                  ]
                },
                "west": {
                  "uv": [
                    48,
                    23
                  ],
                  "uv_size": [
                    4,
                    4
                  ]
                },
                "up": {
                  "uv": [
                    44,
                    19
                  ],
                  "uv_size": [
                    4,
                    4
                  ]
                },
                "down": {
                  "uv": [
                    48,
                    23
                  ],
                  "uv_size": [
                    4,
                    -4
                  ]
                }
              }
            }
          ]
        },
        {
          "name": "tail",
          "parent": "body",
          "pivot": [
            -0.5,
            14,
            2
          ],
          "rotation": [
            -17.5,
            -17.5,
            0
          ],
          "cubes": [
            {
              "origin": [
                -3.5,
                11,
                2
              ],
              "size": [
                3,
                3,
                4
              ],
              "uv": {
                "north": {
                  "uv": [
                    4,
                    29
                  ],
                  "uv_size": [
                    3,
                    3
                  ]
                },
                "east": {
                  "uv": [
                    0,
                    29
                  ],
                  "uv_size": [
                    4,
                    3
                  ]
                },
                "south": {
                  "uv": [
                    11,
                    29
                  ],
                  "uv_size": [
                    3,
                    3
                  ]
                },
                "west": {
                  "uv": [
                    7,
                    29
                  ],
                  "uv_size": [
                    4,
                    3
                  ]
                },
                "up": {
                  "uv": [
                    4,
                    25
                  ],
                  "uv_size": [
                    3,
                    4
                  ]
                },
                "down": {
                  "uv": [
                    7,
                    29
                  ],
                  "uv_size": [
                    3,
                    -4
                  ]
                }
              }
            }
          ]
        },
        {
          "name": "bone",
          "parent": "tail",
          "pivot": [
            -1.5,
            14,
            6
          ],
          "cubes": [
            {
              "origin": [
                -4.5,
                10,
                6
              ],
              "size": [
                5,
                5,
                7
              ],
              "uv": {
                "north": {
                  "uv": [
                    7,
                    39
                  ],
                  "uv_size": [
                    5,
                    5
                  ]
                },
                "east": {
                  "uv": [
                    0,
                    39
                  ],
                  "uv_size": [
                    7,
                    5
                  ]
                },
                "south": {
                  "uv": [
                    19,
                    39
                  ],
                  "uv_size": [
                    5,
                    5
                  ]
                },
                "west": {
                  "uv": [
                    12,
                    39
                  ],
                  "uv_size": [
                    7,
                    5
                  ]
                },
                "up": {
                  "uv": [
                    7,
                    32
                  ],
                  "uv_size": [
                    5,
                    7
                  ]
                },
                "down": {
                  "uv": [
                    12,
                    39
                  ],
                  "uv_size": [
                    5,
                    -7
                  ]
                }
              }
            },
            {
              "origin": [
                -4.5,
                10,
                13
              ],
              "size": [
                5,
                5,
                3
              ],
              "uv": {
                "north": {
                  "uv": [
                    3,
                    47
                  ],
                  "uv_size": [
                    5,
                    5
                  ]
                },
                "east": {
                  "uv": [
                    0,
                    47
                  ],
                  "uv_size": [
                    3,
                    5
                  ]
                },
                "south": {
                  "uv": [
                    11,
                    47
                  ],
                  "uv_size": [
                    5,
                    5
                  ]
                },
                "west": {
                  "uv": [
                    8,
                    47
                  ],
                  "uv_size": [
                    3,
                    5
                  ]
                },
                "up": {
                  "uv": [
                    3,
                    44
                  ],
                  "uv_size": [
                    5,
                    3
                  ]
                },
                "down": {
                  "uv": [
                    8,
                    47
                  ],
                  "uv_size": [
                    5,
                    -3
                  ]
                }
              }
            }
          ]
        },
        {
          "name": "tail2",
          "parent": "body",
          "pivot": [
            0.5,
            14,
            2
          ],
          "rotation": [
            -17.5,
            17.5,
            0
          ],
          "cubes": [
            {
              "origin": [
                0.5,
                11,
                2
              ],
              "size": [
                3,
                3,
                4
              ],
              "uv": {
                "north": {
                  "uv": [
                    7,
                    29
                  ],
                  "uv_size": [
                    -3,
                    3
                  ]
                },
                "east": {
                  "uv": [
                    11,
                    29
                  ],
                  "uv_size": [
                    -4,
                    3
                  ]
                },
                "south": {
                  "uv": [
                    14,
                    29
                  ],
                  "uv_size": [
                    -3,
                    3
                  ]
                },
                "west": {
                  "uv": [
                    4,
                    29
                  ],
                  "uv_size": [
                    -4,
                    3
                  ]
                },
                "up": {
                  "uv": [
                    7,
                    25
                  ],
                  "uv_size": [
                    -3,
                    4
                  ]
                },
                "down": {
                  "uv": [
                    10,
                    29
                  ],
                  "uv_size": [
                    -3,
                    -4
                  ]
                }
              }
            }
          ]
        },
        {
          "name": "bone2",
          "parent": "tail2",
          "pivot": [
            1.5,
            14,
            6
          ],
          "cubes": [
            {
              "origin": [
                -0.5,
                10,
                6
              ],
              "size": [
                5,
                5,
                7
              ],
              "uv": {
                "north": {
                  "uv": [
                    12,
                    39
                  ],
                  "uv_size": [
                    -5,
                    5
                  ]
                },
                "east": {
                  "uv": [
                    19,
                    39
                  ],
                  "uv_size": [
                    -7,
                    5
                  ]
                },
                "south": {
                  "uv": [
                    24,
                    39
                  ],
                  "uv_size": [
                    -5,
                    5
                  ]
                },
                "west": {
                  "uv": [
                    7,
                    39
                  ],
                  "uv_size": [
                    -7,
                    5
                  ]
                },
                "up": {
                  "uv": [
                    12,
                    32
                  ],
                  "uv_size": [
                    -5,
                    7
                  ]
                },
                "down": {
                  "uv": [
                    17,
                    39
                  ],
                  "uv_size": [
                    -5,
                    -7
                  ]
                }
              }
            },
            {
              "origin": [
                -0.5,
                10,
                13
              ],
              "size": [
                5,
                5,
                3
              ],
              "uv": {
                "north": {
                  "uv": [
                    8,
                    47
                  ],
                  "uv_size": [
                    -5,
                    5
                  ]
                },
                "east": {
                  "uv": [
                    11,
                    47
                  ],
                  "uv_size": [
                    -3,
                    5
                  ]
                },
                "south": {
                  "uv": [
                    16,
                    47
                  ],
                  "uv_size": [
                    -5,
                    5
                  ]
                },
                "west": {
                  "uv": [
                    3,
                    47
                  ],
                  "uv_size": [
                    -3,
                    5
                  ]
                },
                "up": {
                  "uv": [
                    8,
                    44
                  ],
                  "uv_size": [
                    -5,
                    3
                  ]
                },
                "down": {
                  "uv": [
                    13,
                    47
                  ],
                  "uv_size": [
                    -5,
                    -3
                  ]
                }
              }
            }
          ]
        },
        {
          "name": "leftLeg",
          "parent": "pos",
          "pivot": [
            1.9,
            12,
            -1
          ],
          "cubes": [
            {
              "origin": [
                0.65,
                3,
                -1
              ],
              "size": [
                2,
                9,
                2
              ],
              "pivot": [
                0.65,
                14,
                0
              ],
              "rotation": [
                0,
                0,
                -5
              ],
              "uv": {
                "north": {
                  "uv": [
                    60,
                    18
                  ],
                  "uv_size": [
                    -2,
                    9
                  ]
                },
                "east": {
                  "uv": [
                    62,
                    18
                  ],
                  "uv_size": [
                    -2,
                    9
                  ]
                },
                "south": {
                  "uv": [
                    64,
                    18
                  ],
                  "uv_size": [
                    -2,
                    9
                  ]
                },
                "west": {
                  "uv": [
                    58,
                    18
                  ],
                  "uv_size": [
                    -2,
                    9
                  ]
                },
                "up": {
                  "uv": [
                    60,
                    16
                  ],
                  "uv_size": [
                    -2,
                    2
                  ]
                },
                "down": {
                  "uv": [
                    62,
                    18
                  ],
                  "uv_size": [
                    -2,
                    -2
                  ]
                }
              }
            },
            {
              "origin": [
                0.9,
                3,
                -1.5
              ],
              "size": [
                3,
                2,
                3
              ],
              "uv": {
                "north": {
                  "uv": [
                    58,
                    32
                  ],
                  "uv_size": [
                    -3,
                    2
                  ]
                },
                "east": {
                  "uv": [
                    61,
                    32
                  ],
                  "uv_size": [
                    -3,
                    2
                  ]
                },
                "south": {
                  "uv": [
                    64,
                    32
                  ],
                  "uv_size": [
                    -3,
                    2
                  ]
                },
                "west": {
                  "uv": [
                    55,
                    32
                  ],
                  "uv_size": [
                    -3,
                    2
                  ]
                },
                "up": {
                  "uv": [
                    58,
                    29
                  ],
                  "uv_size": [
                    -3,
                    3
                  ]
                },
                "down": {
                  "uv": [
                    61,
                    32
                  ],
                  "uv_size": [
                    -3,
                    -3
                  ]
                }
              }
            }
          ]
        },
        {
          "name": "leftFoot",
          "parent": "leftLeg",
          "pivot": [
            2.5,
            3,
            1.5
          ],
          "cubes": [
            {
              "origin": [
                0.4,
                0,
                -4.5
              ],
              "size": [
                4,
                3,
                7
              ],
              "uv": {
                "north": {
                  "uv": [
                    53,
                    41
                  ],
                  "uv_size": [
                    -4,
                    3
                  ]
                },
                "east": {
                  "uv": [
                    60,
                    41
                  ],
                  "uv_size": [
                    -7,
                    3
                  ]
                },
                "south": {
                  "uv": [
                    64,
                    41
                  ],
                  "uv_size": [
                    -4,
                    3
                  ]
                },
                "west": {
                  "uv": [
                    49,
                    41
                  ],
                  "uv_size": [
                    -7,
                    3
                  ]
                },
                "up": {
                  "uv": [
                    53,
                    34
                  ],
                  "uv_size": [
                    -4,
                    7
                  ]
                },
                "down": {
                  "uv": [
                    57,
                    41
                  ],
                  "uv_size": [
                    -4,
                    -7
                  ]
                }
              }
            }
          ]
        },
        {
          "name": "rightLeg",
          "parent": "pos",
          "pivot": [
            -1.9,
            12,
            -1
          ],
          "cubes": [
            {
              "origin": [
                -2.65,
                3,
                -1
              ],
              "size": [
                2,
                9,
                2
              ],
              "pivot": [
                -0.65,
                14,
                0
              ],
              "rotation": [
                0,
                0,
                5
              ],
              "uv": {
                "north": {
                  "uv": [
                    58,
                    18
                  ],
                  "uv_size": [
                    2,
                    9
                  ]
                },
                "east": {
                  "uv": [
                    56,
                    18
                  ],
                  "uv_size": [
                    2,
                    9
                  ]
                },
                "south": {
                  "uv": [
                    62,
                    18
                  ],
                  "uv_size": [
                    2,
                    9
                  ]
                },
                "west": {
                  "uv": [
                    60,
                    18
                  ],
                  "uv_size": [
                    2,
                    9
                  ]
                },
                "up": {
                  "uv": [
                    58,
                    16
                  ],
                  "uv_size": [
                    2,
                    2
                  ]
                },
                "down": {
                  "uv": [
                    60,
                    18
                  ],
                  "uv_size": [
                    2,
                    -2
                  ]
                }
              }
            },
            {
              "origin": [
                -3.9,
                3,
                -1.5
              ],
              "size": [
                3,
                2,
                3
              ],
              "uv": {
                "north": {
                  "uv": [
                    55,
                    32
                  ],
                  "uv_size": [
                    3,
                    2
                  ]
                },
                "east": {
                  "uv": [
                    52,
                    32
                  ],
                  "uv_size": [
                    3,
                    2
                  ]
                },
                "south": {
                  "uv": [
                    61,
                    32
                  ],
                  "uv_size": [
                    3,
                    2
                  ]
                },
                "west": {
                  "uv": [
                    58,
                    32
                  ],
                  "uv_size": [
                    3,
                    2
                  ]
                },
                "up": {
                  "uv": [
                    55,
                    29
                  ],
                  "uv_size": [
                    3,
                    3
                  ]
                },
                "down": {
                  "uv": [
                    58,
                    32
                  ],
                  "uv_size": [
                    3,
                    -3
                  ]
                }
              }
            }
          ]
        },
        {
          "name": "rightFoot",
          "parent": "rightLeg",
          "pivot": [
            -2.5,
            3,
            1.5
          ],
          "cubes": [
            {
              "origin": [
                -4.4,
                0,
                -4.5
              ],
              "size": [
                4,
                3,
                7
              ],
              "uv": {
                "north": {
                  "uv": [
                    49,
                    41
                  ],
                  "uv_size": [
                    4,
                    3
                  ]
                },
                "east": {
                  "uv": [
                    42,
                    41
                  ],
                  "uv_size": [
                    7,
                    3
                  ]
                },
                "south": {
                  "uv": [
                    60,
                    41
                  ],
                  "uv_size": [
                    4,
                    3
                  ]
                },
                "west": {
                  "uv": [
                    53,
                    41
                  ],
                  "uv_size": [
                    7,
                    3
                  ]
                },
                "up": {
                  "uv": [
                    49,
                    34
                  ],
                  "uv_size": [
                    4,
                    7
                  ]
                },
                "down": {
                  "uv": [
                    53,
                    41
                  ],
                  "uv_size": [
                    4,
                    -7
                  ]
                }
              }
            }
          ]
        }
      ]
    }
  ],
  "format_version": "1.12.0"
}