{
  "format_version": "1.8.0",
  "render_controllers": {
    "controller.render.hive.sonic.event.terminal.digit.2": {
      "arrays": {
        "textures": {
          "array.textures": [
            "Texture.digit_0",
            "Texture.digit_1",
            "Texture.digit_2",
            "Texture.digit_3",
            "Texture.digit_4",
            "Texture.digit_5",
            "Texture.digit_6",
            "Texture.digit_7",
            "Texture.digit_8",
            "Texture.digit_9"
          ]
        }
      },
      "geometry": "Geometry.digit_2",
      "materials": [
        {
          "*": "Material.default"
        }
      ],
      "textures": [
        "query.is_tamed ? Texture.digit : array.textures[Math.mod(variable.segment1, 10)]"
      ]
    }
  }
}