{
  "format_version": "1.8.0",
  "render_controllers": {
    "controller.render.hive.sonic.ss.chao": {
      "arrays": {
        "textures": {
          "array.textures": [
            "Texture.dark",
            "Texture.hero",
            "Texture.neutral"
          ]
        },
        "geometries": {
          "array.geometries": [
            "Geometry.dark",
            "Geometry.hero",
            "Geometry.neutral"
          ]
        }
      },
      "geometry": "array.geometries[query.mark_variant]",
      "materials": [
        {
          "*": "Material.default"
        }
      ],
      "textures": [
        "array.textures[query.mark_variant]"
      ]
    },
    "controller.render.hive.sonic.ss.chao.locator": {
      "geometry": "Geometry.locator",
      "materials": [
        {
          "*": "Material.default"
        }
      ],
      "textures": [
        "Texture.dark"
      ]
    }
  }
}