{
  "format_version": "1.10.0",
  "particle_effect": {
    "description": {
      "identifier": "hive:electricity",
      "basic_render_parameters": {
        "material": "particles_alpha",
        "texture": "textures/particle/hive/electric"
      }
    },
    "components": {
      "minecraft:emitter_rate_steady": {
        "spawn_rate": 30,
        "max_particles": 60
      },
      "minecraft:emitter_lifetime_once": {
        "active_time": 0.5
      },
      "minecraft:emitter_shape_disc": {
        "radius": 2,
        "direction": [
          "math.random(-2,2)",
          2,
          "math.random(-2,2)"
        ]
      },
      "minecraft:particle_lifetime_expression": {
        "max_lifetime": 1
      },
      "minecraft:particle_initial_spin": {
        "rotation_rate": "variable.particle_random_1*60"
      },
      "minecraft:particle_initial_speed": 1.5,
      "minecraft:particle_motion_dynamic": {
        "linear_acceleration": [
          0,
          -2,
          0
        ]
      },
      "minecraft:particle_appearance_billboard": {
        "size": [
          "(1-(variable.particle_age/variable.particle_lifetime))*0.15",
          "(1-(variable.particle_age/variable.particle_lifetime))*0.15"
        ],
        "facing_camera_mode": "lookat_xyz",
        "uv": {
          "texture_width": 32,
          "texture_height": 8,
          "flipbook": {
            "base_UV": [
              "8 * (0.125 * (variable.particle_random_3 \u003c 0.5 ? 0 : 8))",
              0
            ],
            "size_UV": [
              8,
              8
            ],
            "step_UV": [
              8,
              0
            ],
            "frames_per_second": 3,
            "max_frame": 3
          }
        }
      },
      "minecraft:particle_appearance_tinting": {
        "color": [
          1,
          1,
          1,
          1
        ]
      }
    }
  }
}