{
  "format_version": "1.10.0",
  "particle_effect": {
    "description": {
      "identifier": "hive:cp_fan_edge",
      "basic_render_parameters": {
        "material": "particles_alpha",
        "texture": "textures/particle/particles"
      }
    },
    "components": {
      "minecraft:emitter_local_space": {
        "position": false,
        "rotation": false
      },
      "minecraft:emitter_rate_steady": {
        "spawn_rate": 10,
        "max_particles": 60
      },
      "minecraft:emitter_lifetime_looping": {
        "active_time": 1
      },
      "minecraft:emitter_shape_point": {},
      "minecraft:particle_lifetime_expression": {
        "max_lifetime": 0.5
      },
      "minecraft:particle_initial_speed": 0,
      "minecraft:particle_motion_dynamic": {
        "linear_drag_coefficient": 2
      },
      "minecraft:particle_appearance_billboard": {
        "size": [
          "(1-(variable.particle_age/variable.particle_lifetime))*0.1",
          "(1-(variable.particle_age/variable.particle_lifetime))*0.1"
        ],
        "facing_camera_mode": "lookat_xyz",
        "uv": {
          "texture_width": 128,
          "texture_height": 128,
          "uv": [
            0,
            80
          ],
          "uv_size": [
            8,
            8
          ]
        }
      },
      "minecraft:particle_appearance_tinting": {
        "color": [
          1,
          1,
          1,
          1
        ]
      }
    }
  }
}