{
  "format_version": "1.8.0",
  "minecraft:client_entity": {
    "description": {
      "identifier": "hive:event_billboard",
      "materials": {
        "default": "entity_alphatest"
      },
      "textures": {
        "frame": "textures/entity/hive/sonic/event/billboard/frame",
        "image": "textures/entity/hive/sonic/event/billboard/image",
        "image2": "textures/entity/hive/sonic/event/billboard/image2"
      },
      "geometry": {
        "frame": "geometry.hive.sonic.event.billboard.frame",
        "image": "geometry.hive.sonic.event.billboard.image"
      },
      "render_controllers": [
        "controller.render.hive.sonic.event.billboard.frame",
        "controller.render.hive.sonic.event.billboard.image"
      ]
    }
  }
}