{
  "format_version": "1.8.0",
  "minecraft:client_entity": {
    "description": {
      "identifier": "hive:event_eggmobile",
      "materials": {
        "default": "entity_alphatest",
        "shield": "charged_creeper"
      },
      "textures": {
        "eggman": "textures/entity/hive/sonic/event/eggmobile/eggman",
        "shield": "textures/entity/creeper/creeper_armor"
      },
      "geometry": {
        "eggman": "geometry.hive.sonic.event.eggmobile.eggman",
        "shield": "geometry.hive.sonic.event.eggmobile.shield",
        "shieldless": "geometry.hive.sonic.event.eggmobile.shieldless"
      },
      "scripts": {
        "pre_animation": [
          "variable.sway \u003d 10;",
          "variable.sideSway \u003d 5;",
          "variable.forward \u003d (query.skin_id \u003d\u003d 3 || query.skin_id \u003d\u003d 4 || query.skin_id \u003d\u003d 5);",
          "variable.backward \u003d (query.skin_id \u003d\u003d 0 || query.skin_id \u003d\u003d 1 || query.skin_id \u003d\u003d 7);",
          "variable.right \u003d (query.skin_id \u003d\u003d 1 || query.skin_id \u003d\u003d 2 || query.skin_id \u003d\u003d 3);",
          "variable.left \u003d (query.skin_id \u003d\u003d 5 || query.skin_id \u003d\u003d 6 || query.skin_id \u003d\u003d 7);",
          "variable.targetX \u003d variable.forward ? (query.modified_move_speed * variable.sway) : (variable.backward ? (query.modified_move_speed * -variable.sway) : 0);",
          "variable.targetZ \u003d variable.right ? (query.modified_move_speed * -variable.sideSway) : (variable.left ? (query.modified_move_speed * variable.sideSway) : 0);",
          "variable.swayX \u003d math.lerp(variable.swayX ?? 0, variable.targetX, 0.018);",
          "variable.swayZ \u003d math.lerp(variable.swayZ ?? 0, variable.targetZ, 0.018);"
        ]
      },
      "animations": {
        "idleSway": "animation.hive.sonic.event.eggman.idle.sway",
        "idleSmall": "animation.hive.sonic.event.eggman.idle.small",
        "idleLarge": "animation.hive.sonic.event.eggman.idle.large",
        "idleRockets": "animation.hive.sonic.event.eggman.idle.rockets",
        "idleTurbulence": "animation.hive.sonic.event.eggman.idle.turbulence",
        "modPosition": "animation.hive.sonic.event.eggman.mod.position",
        "modSize": "animation.hive.sonic.event.eggman.mod.size",
        "faceBlink": "animation.hive.sonic.event.eggman.face.blink",
        "faceLookLeft": "animation.hive.sonic.event.eggman.face.look.left",
        "faceLookRight": "animation.hive.sonic.event.eggman.face.look.right",
        "faceTalk": "animation.hive.sonic.event.eggman.face.talk",
        "faceVoiceBurn": "animation.hive.sonic.event.eggman.face.voice.burn",
        "faceVoiceFlatten": "animation.hive.sonic.event.eggman.face.voice.flatten",
        "faceVoiceCatch": "animation.hive.sonic.event.eggman.face.voice.catch",
        "faceVoiceRightHere": "animation.hive.sonic.event.eggman.face.voice.right.here",
        "faceVoicePace": "animation.hive.sonic.event.eggman.face.voice.pace",
        "faceVoiceMoreThanThat": "animation.hive.sonic.event.eggman.face.voice.more.than.that",
        "faceVoiceLaugh": "animation.hive.sonic.event.eggman.face.voice.laugh",
        "faceVoiceGrr": "animation.hive.sonic.event.eggman.face.voice.grrr",
        "sitBase": "animation.hive.sonic.event.eggman.sit.base",
        "sitLook1": "animation.hive.sonic.event.eggman.sit.look1",
        "sitLook2": "animation.hive.sonic.event.eggman.sit.look2",
        "sitLook3": "animation.hive.sonic.event.eggman.sit.look3",
        "sitLook4": "animation.hive.sonic.event.eggman.sit.look4",
        "sitLook5": "animation.hive.sonic.event.eggman.sit.look5",
        "sitLook6": "animation.hive.sonic.event.eggman.sit.look6",
        "sitHitBig1": "animation.hive.sonic.event.eggman.sit.hit.big1",
        "sitHitBig2": "animation.hive.sonic.event.eggman.sit.hit.big2",
        "sitHitSmall1": "animation.hive.sonic.event.eggman.sit.hit.small1",
        "sitHitSmall2": "animation.hive.sonic.event.eggman.sit.hit.small2",
        "sitGloat1": "animation.hive.sonic.event.eggman.sit.gloat1",
        "sitGloat2": "animation.hive.sonic.event.eggman.sit.gloat2",
        "sitFidget1": "animation.hive.sonic.event.eggman.sit.fidget1",
        "sitEmp": "animation.hive.sonic.event.eggman.sit.emp",
        "gunHidden": "animation.hive.sonic.event.eggman.gun.hidden",
        "gunReveal": "animation.hive.sonic.event.eggman.gun.reveal",
        "gunRevealed": "animation.hive.sonic.event.eggman.gun.revealed"
      },
      "animation_controllers": [
        {
          "idle": "controller.animation.hive.sonic.event.eggmobile.idle"
        },
        {
          "sit": "controller.animation.hive.sonic.event.eggmobile.sit"
        },
        {
          "face": "controller.animation.hive.sonic.event.eggmobile.face"
        },
        {
          "gun": "controller.animation.hive.sonic.event.eggmobile.gun"
        }
      ],
      "particle_effects": {
        "exhaust": "hive:eggmobile_exhaust"
      },
      "render_controllers": [
        "controller.render.hive.sonic.event.eggmobile.eggman",
        "controller.render.hive.sonic.event.eggmobile.shield"
      ]
    }
  }
}