{
  "format_version": "1.8.0",
  "minecraft:client_entity": {
    "description": {
      "identifier": "hive:event_emp",
      "materials": {
        "default": "slime_outer"
      },
      "textures": {
        "default": "textures/entity/hive/sonic/event/emp"
      },
      "geometry": {
        "default": "geometry.hive.sonic.event.emp"
      },
      "animations": {
        "trigger": "animation.hive.sonic.event.emp.trigger"
      },
      "animation_controllers": [
        {
          "emp": "controller.animation.hive.sonic.event.emp"
        }
      ],
      "render_controllers": [
        "controller.render.hive.sonic.event.emp"
      ]
    }
  }
}