{
  "format_version": "1.8.0",
  "minecraft:client_entity": {
    "description": {
      "identifier": "hive:event_mailbot",
      "materials": {
        "default": "entity_alphatest"
      },
      "textures": {
        "default": "textures/entity/hive/sonic/event/mailbot"
      },
      "geometry": {
        "default": "geometry.hive.sonic.event.mailbot"
      },
      "animations": {
        "spaceIdle": "animation.hive.sonic.event.mailbot.9.space.idle",
        "rotate": "animation.hive.sonic.event.mailbot.rotate",
        "static": "animation.hive.sonic.event.mailbot.static",
        "awake": "animation.hive.sonic.event.mailbot.1.awake",
        "awakeHold": "animation.hive.sonic.event.mailbot.1.awake.hold",
        "schedule": "animation.hive.sonic.event.mailbot.2.schedule",
        "scheduleHold": "animation.hive.sonic.event.mailbot.2.schedule.hold",
        "whyAreYou": "animation.hive.sonic.event.mailbot.3.why.are.you",
        "whyAreYouHold": "animation.hive.sonic.event.mailbot.3.why.are.you.hold",
        "turn": "animation.hive.sonic.event.mailbot.4.turn",
        "turnHold": "animation.hive.sonic.event.mailbot.4.turn.hold",
        "notSure": "animation.hive.sonic.event.mailbot.5.not.sure",
        "notSureHold": "animation.hive.sonic.event.mailbot.5.not.sure.hold",
        "whileYou": "animation.hive.sonic.event.mailbot.6.while.you",
        "whileYouHold": "animation.hive.sonic.event.mailbot.6.while.you.hold",
        "override": "animation.hive.sonic.event.mailbot.7.override",
        "overrideHold": "animation.hive.sonic.event.mailbot.7.override.hold",
        "portalSuck": "animation.hive.sonic.event.mailbot.8.portal.suck",
        "portalSuckHold": "animation.hive.sonic.event.mailbot.8.portal.suck.hold",
        "spaceBase": "animation.hive.sonic.event.mailbot.9.space.base",
        "spaceHumansLook": "animation.hive.sonic.event.mailbot.9.space.humans.look",
        "faceBlink": "animation.hive.sonic.event.mailbot.face.blink",
        "faceLookLeft": "animation.hive.sonic.event.mailbot.face.look.left",
        "faceEyeFidget": "animation.hive.sonic.event.mailbot.face.eye.fidget"
      },
      "animation_controllers": [
        {
          "idle": "controller.animation.hive.sonic.event.mailbot.idle"
        },
        {
          "main": "controller.animation.hive.sonic.event.mailbot.main"
        },
        {
          "misc": "controller.animation.hive.sonic.event.mailbot.misc"
        }
      ],
      "render_controllers": [
        "controller.render.hive.sonic.default"
      ]
    }
  }
}