{
  "format_version": "1.8.0",
  "minecraft:client_entity": {
    "description": {
      "identifier": "hive:event_terminal",
      "materials": {
        "default": "entity_alphatest"
      },
      "textures": {
        "default": "textures/entity/hive/sonic/event/terminal/terminal",
        "digit": "textures/entity/hive/sonic/event/terminal/digit",
        "digit_0": "textures/entity/hive/sonic/event/terminal/digit_0",
        "digit_1": "textures/entity/hive/sonic/event/terminal/digit_1",
        "digit_2": "textures/entity/hive/sonic/event/terminal/digit_2",
        "digit_3": "textures/entity/hive/sonic/event/terminal/digit_3",
        "digit_4": "textures/entity/hive/sonic/event/terminal/digit_4",
        "digit_5": "textures/entity/hive/sonic/event/terminal/digit_5",
        "digit_6": "textures/entity/hive/sonic/event/terminal/digit_6",
        "digit_7": "textures/entity/hive/sonic/event/terminal/digit_7",
        "digit_8": "textures/entity/hive/sonic/event/terminal/digit_8",
        "digit_9": "textures/entity/hive/sonic/event/terminal/digit_9"
      },
      "geometry": {
        "default": "geometry.hive.sonic.event.terminal",
        "digit_1": "geometry.hive.sonic.event.terminal.digit.1",
        "digit_2": "geometry.hive.sonic.event.terminal.digit.2",
        "digit_3": "geometry.hive.sonic.event.terminal.digit.3",
        "digit_4": "geometry.hive.sonic.event.terminal.digit.4",
        "digit_5": "geometry.hive.sonic.event.terminal.digit.5",
        "digit_6": "geometry.hive.sonic.event.terminal.digit.6"
      },
      "scripts": {
        "pre_animation": [
          "variable.input \u003d query.variant;",
          "variable.days \u003d Math.floor(variable.input / 86400);",
          "variable.input \u003d Math.mod(variable.input, 86400);",
          "variable.hours \u003d Math.floor(variable.input / 3600);",
          "variable.input \u003d Math.mod(variable.input, 3600);",
          "variable.minutes \u003d Math.floor(variable.input / 60);",
          "variable.seconds \u003d Math.mod(variable.input, 60);",
          "variable.segment1 \u003d variable.days \u003e 0 ? variable.days : variable.hours;",
          "variable.segment2 \u003d variable.days \u003e 0 ? variable.hours : variable.minutes;",
          "variable.segment3 \u003d variable.days \u003e 0 ? variable.minutes : variable.seconds;"
        ]
      },
      "render_controllers": [
        "controller.render.hive.sonic.event.terminal",
        "controller.render.hive.sonic.event.terminal.digit.1",
        "controller.render.hive.sonic.event.terminal.digit.2",
        "controller.render.hive.sonic.event.terminal.digit.3",
        "controller.render.hive.sonic.event.terminal.digit.4",
        "controller.render.hive.sonic.event.terminal.digit.5",
        "controller.render.hive.sonic.event.terminal.digit.6"
      ]
    }
  }
}