{
  "format_version": "1.8.0",
  "animations": {
    "animation.hive.sonic.pw.ring.large.spawn": {
      "loop": "hold_on_last_frame",
      "animation_length": 0.96,
      "bones": {
        "root": {
          "scale": {
            "0.0": [
              0,
              0,
              0.3
            ],
            "0.16": [
              0.1019,
              0.1019,
              1
            ],
            "0.36": [
              0.6992,
              0.6992,
              1
            ],
            "0.44": [
              1.0708,
              1.0708,
              1.0708
            ],
            "0.6": [
              0.98,
              0.98,
              0.98
            ],
            "0.8": [
              0.9943,
              0.9943,
              0.9943
            ],
            "0.88": [
              1,
              1,
              1
            ]
          }
        }
      }
    },
    "animation.hive.sonic.pw.ring.large.despawn": {
      "loop": "hold_on_last_frame",
      "animation_length": 0.56,
      "bones": {
        "root": {
          "scale": {
            "0.0": [
              1,
              1,
              1
            ],
            "0.12": [
              0.9747,
              0.9747,
              1
            ],
            "0.2": [
              0.9241,
              0.9241,
              1
            ],
            "0.4": [
              0.5776,
              0.5776,
              1
            ],
            "0.48": [
              0.1925,
              0.1925,
              1
            ],
            "0.56": [
              0,
              0,
              1
            ]
          }
        }
      }
    }
  }
}