{
  "format_version": "1.8.0",
  "animations": {
    "animation.hive.sonic.bpg.sign.idle": {
      "loop": true,
      "animation_length": 2.8,
      "bones": {
        "logo": {
          "position": {
            "0.0": [
              0,
              0,
              0
            ],
            "0.16": [
              0,
              -0.02,
              0
            ],
            "0.44": [
              0,
              -0.1,
              0
            ],
            "0.88": [
              0,
              -0.41,
              0
            ],
            "1.24": [
              0,
              -0.48,
              0
            ],
            "1.4": [
              0,
              -0.5,
              0
            ],
            "1.56": [
              0,
              -0.48,
              0
            ],
            "1.88": [
              0,
              -0.41,
              0
            ],
            "2.32": [
              0,
              -0.1,
              0
            ],
            "2.64": [
              0,
              -0.02,
              0
            ],
            "2.8": [
              0,
              0,
              0
            ]
          }
        }
      }
    },
    "animation.hive.sonic.bpg.sign.spinWait": {
      "loop": true,
      "animation_length": 2.8,
      "bones": {
        "smearBack": {
          "scale": [
            1,
            1,
            0
          ]
        },
        "smearFront": {
          "scale": [
            1,
            1,
            0
          ]
        }
      }
    },
    "animation.hive.sonic.bpg.sign.spin1": {
      "loop": "hold_on_last_frame",
      "animation_length": 11.2,
      "bones": {
        "sign": {
          "rotation": {
            "3.48": [
              0,
              360,
              0
            ],
            "3.56": [
              0,
              330,
              0
            ],
            "3.6": [
              0,
              300,
              0
            ],
            "3.72": [
              0,
              60,
              0
            ],
            "3.76": [
              0,
              360,
              0
            ],
            "3.96": [
              0,
              60,
              0
            ],
            "4.0": [
              0,
              360,
              0
            ],
            "4.2": [
              0,
              60,
              0
            ],
            "4.24": [
              0,
              360,
              0
            ],
            "4.44": [
              0,
              60,
              0
            ],
            "4.48": [
              0,
              360,
              0
            ],
            "4.68": [
              0,
              60,
              0
            ],
            "4.72": [
              0,
              360,
              0
            ],
            "4.92": [
              0,
              60,
              0
            ],
            "4.96": [
              0,
              360,
              0
            ],
            "5.16": [
              0,
              60,
              0
            ],
            "5.2": [
              0,
              360,
              0
            ],
            "5.4": [
              0,
              60,
              0
            ],
            "5.44": [
              0,
              360,
              0
            ],
            "5.64": [
              0,
              60,
              0
            ],
            "5.68": [
              0,
              360,
              0
            ]
          },
          "scale": {
            "5.48": [
              1,
              1,
              1
            ],
            "5.6": [
              1,
              0.8,
              1
            ],
            "5.64": [
              1,
              0.6,
              1
            ],
            "5.68": [
              1,
              1.07,
              1
            ],
            "5.76": [
              1,
              1.1,
              1
            ],
            "5.88": [
              1,
              0.98,
              1
            ],
            "6.04": [
              1,
              1,
              1
            ]
          }
        },
        "smearBack": {
          "scale": {
            "0.0": [
              1,
              1,
              0
            ],
            "3.6": [
              1,
              1,
              0
            ],
            "4.32": [
              1,
              1,
              1
            ],
            "5.6": [
              1,
              1,
              1
            ],
            "5.64": [
              1,
              1,
              1
            ],
            "5.68": [
              1,
              1,
              0
            ]
          }
        },
        "smearFront": {
          "scale": {
            "0.0": [
              1,
              1,
              0
            ],
            "3.6": [
              1,
              1,
              0
            ],
            "4.32": [
              1,
              1,
              1
            ],
            "5.6": [
              1,
              1,
              1
            ],
            "5.64": [
              1,
              1,
              0
            ]
          }
        },
        "logo": {
          "position": {
            "5.6": [
              0,
              0,
              0
            ],
            "5.64": [
              0,
              -5,
              0
            ],
            "5.68": [
              0,
              -2,
              0
            ],
            "5.72": [
              0,
              0,
              0
            ],
            "5.84": [
              0,
              0,
              0
            ],
            "5.92": [
              0,
              -0.525,
              0
            ],
            "6.04": [
              0,
              -0.21,
              0
            ],
            "6.2": [
              0,
              0,
              0
            ]
          }
        }
      }
    },
    "animation.hive.sonic.bpg.sign.spin2": {
      "loop": "hold_on_last_frame",
      "animation_length": 11.2,
      "bones": {
        "sign": {
          "rotation": {
            "3.64": [
              0,
              360,
              0
            ],
            "3.72": [
              0,
              330,
              0
            ],
            "3.76": [
              0,
              300,
              0
            ],
            "3.88": [
              0,
              60,
              0
            ],
            "3.92": [
              0,
              360,
              0
            ],
            "4.12": [
              0,
              60,
              0
            ],
            "4.16": [
              0,
              360,
              0
            ],
            "4.36": [
              0,
              60,
              0
            ],
            "4.4": [
              0,
              360,
              0
            ],
            "4.6": [
              0,
              60,
              0
            ],
            "4.64": [
              0,
              360,
              0
            ],
            "4.84": [
              0,
              60,
              0
            ],
            "4.88": [
              0,
              360,
              0
            ],
            "5.08": [
              0,
              60,
              0
            ],
            "5.12": [
              0,
              360,
              0
            ],
            "5.32": [
              0,
              60,
              0
            ],
            "5.36": [
              0,
              360,
              0
            ],
            "5.56": [
              0,
              60,
              0
            ],
            "5.6": [
              0,
              360,
              0
            ],
            "5.8": [
              0,
              60,
              0
            ],
            "5.84": [
              0,
              360,
              0
            ],
            "6.04": [
              0,
              60,
              0
            ],
            "6.08": [
              0,
              360,
              0
            ],
            "6.28": [
              0,
              60,
              0
            ],
            "6.32": [
              0,
              360,
              0
            ],
            "6.52": [
              0,
              60,
              0
            ],
            "6.56": [
              0,
              360,
              0
            ],
            "6.76": [
              0,
              60,
              0
            ],
            "6.8": [
              0,
              360,
              0
            ],
            "7.0": [
              0,
              60,
              0
            ],
            "7.04": [
              0,
              360,
              0
            ]
          },
          "scale": {
            "6.88": [
              1,
              1,
              1
            ],
            "7.0": [
              1,
              0.8,
              1
            ],
            "7.04": [
              1,
              0.6,
              1
            ],
            "7.08": [
              1,
              1.07,
              1
            ],
            "7.16": [
              1,
              1.1,
              1
            ],
            "7.28": [
              1,
              0.98,
              1
            ],
            "7.44": [
              1,
              1,
              1
            ]
          }
        },
        "smearBack": {
          "scale": {
            "0.0": [
              1,
              1,
              0
            ],
            "3.76": [
              1,
              1,
              0
            ],
            "4.48": [
              1,
              1,
              1
            ],
            "6.96": [
              1,
              1,
              1
            ],
            "7.0": [
              1,
              1,
              1
            ],
            "7.04": [
              1,
              1,
              0
            ]
          }
        },
        "smearFront": {
          "scale": {
            "0.0": [
              1,
              1,
              0
            ],
            "3.76": [
              1,
              1,
              0
            ],
            "4.48": [
              1,
              1,
              1
            ],
            "6.96": [
              1,
              1,
              1
            ],
            "7.0": [
              1,
              1,
              0
            ]
          }
        },
        "logo": {
          "position": {
            "7.0": [
              0,
              0,
              0
            ],
            "7.04": [
              0,
              -5,
              0
            ],
            "7.08": [
              0,
              -2,
              0
            ],
            "7.12": [
              0,
              0,
              0
            ],
            "7.24": [
              0,
              0,
              0
            ],
            "7.32": [
              0,
              -0.525,
              0
            ],
            "7.44": [
              0,
              -0.21,
              0
            ],
            "7.6": [
              0,
              0,
              0
            ]
          }
        }
      }
    },
    "animation.hive.sonic.bpg.sign.spin3": {
      "loop": "hold_on_last_frame",
      "animation_length": 11.2,
      "bones": {
        "sign": {
          "rotation": {
            "3.72": [
              0,
              360,
              0
            ],
            "3.8": [
              0,
              330,
              0
            ],
            "3.84": [
              0,
              300,
              0
            ],
            "3.96": [
              0,
              60,
              0
            ],
            "4.0": [
              0,
              360,
              0
            ],
            "4.2": [
              0,
              60,
              0
            ],
            "4.24": [
              0,
              360,
              0
            ],
            "4.44": [
              0,
              60,
              0
            ],
            "4.48": [
              0,
              360,
              0
            ],
            "4.68": [
              0,
              60,
              0
            ],
            "4.72": [
              0,
              360,
              0
            ],
            "4.92": [
              0,
              60,
              0
            ],
            "4.96": [
              0,
              360,
              0
            ],
            "5.16": [
              0,
              60,
              0
            ],
            "5.2": [
              0,
              360,
              0
            ],
            "5.4": [
              0,
              60,
              0
            ],
            "5.44": [
              0,
              360,
              0
            ],
            "5.64": [
              0,
              60,
              0
            ],
            "5.68": [
              0,
              360,
              0
            ],
            "5.88": [
              0,
              60,
              0
            ],
            "5.92": [
              0,
              360,
              0
            ],
            "6.12": [
              0,
              60,
              0
            ],
            "6.16": [
              0,
              360,
              0
            ],
            "6.36": [
              0,
              60,
              0
            ],
            "6.4": [
              0,
              360,
              0
            ],
            "6.6": [
              0,
              60,
              0
            ],
            "6.64": [
              0,
              360,
              0
            ],
            "6.84": [
              0,
              60,
              0
            ],
            "6.88": [
              0,
              360,
              0
            ],
            "7.08": [
              0,
              60,
              0
            ],
            "7.12": [
              0,
              360,
              0
            ],
            "7.32": [
              0,
              60,
              0
            ],
            "7.36": [
              0,
              360,
              0
            ],
            "7.56": [
              0,
              60,
              0
            ],
            "7.6": [
              0,
              360,
              0
            ],
            "7.8": [
              0,
              60,
              0
            ],
            "7.84": [
              0,
              360,
              0
            ],
            "8.04": [
              0,
              60,
              0
            ],
            "8.08": [
              0,
              360,
              0
            ],
            "8.28": [
              0,
              60,
              0
            ],
            "8.32": [
              0,
              360,
              0
            ],
            "8.48": [
              0,
              60,
              0
            ],
            "8.52": [
              0,
              360,
              0
            ]
          },
          "scale": {
            "8.36": [
              1,
              1,
              1
            ],
            "8.48": [
              1,
              0.8,
              1
            ],
            "8.52": [
              1,
              0.6,
              1
            ],
            "8.56": [
              1,
              1.07,
              1
            ],
            "8.64": [
              1,
              1.1,
              1
            ],
            "8.76": [
              1,
              0.98,
              1
            ],
            "8.92": [
              1,
              1,
              1
            ]
          }
        },
        "smearBack": {
          "scale": {
            "0.0": [
              1,
              1,
              0
            ],
            "3.84": [
              1,
              1,
              0
            ],
            "4.56": [
              1,
              1,
              1
            ],
            "8.44": [
              1,
              1,
              1
            ],
            "8.48": [
              1,
              1,
              1
            ],
            "8.52": [
              1,
              1,
              0
            ]
          }
        },
        "smearFront": {
          "scale": {
            "0.0": [
              1,
              1,
              0
            ],
            "3.84": [
              1,
              1,
              0
            ],
            "4.56": [
              1,
              1,
              1
            ],
            "8.44": [
              1,
              1,
              1
            ],
            "8.48": [
              1,
              1,
              0
            ]
          }
        },
        "logo": {
          "position": {
            "8.48": [
              0,
              0,
              0
            ],
            "8.52": [
              0,
              -5,
              0
            ],
            "8.56": [
              0,
              -2,
              0
            ],
            "8.6": [
              0,
              0,
              0
            ],
            "8.72": [
              0,
              0,
              0
            ],
            "8.8": [
              0,
              -0.525,
              0
            ],
            "8.92": [
              0,
              -0.21,
              0
            ],
            "9.08": [
              0,
              0,
              0
            ]
          }
        }
      }
    }
  }
}