{
  "format_version": "1.8.0",
  "animations": {
    "animation.hive.sonic.ss.cloud.idleFloat": {
      "loop": true,
      "animation_length": 3.16,
      "bones": {
        "cloud2": {
          "position": {
            "0.0": [
              0,
              -0.11,
              0
            ],
            "0.76": [
              0,
              0.42,
              0
            ],
            "0.96": [
              0,
              0.53,
              0
            ],
            "1.2": [
              0,
              0.39,
              0
            ],
            "1.84": [
              0,
              -0.32,
              0
            ],
            "2.24": [
              0,
              -0.47,
              0
            ],
            "3.16": [
              0,
              -0.11,
              0
            ]
          }
        },
        "cloud1": {
          "position": {
            "0.0": [
              0,
              0,
              0
            ],
            "0.48": [
              0,
              0.42,
              0
            ],
            "0.68": [
              0,
              0.53,
              0
            ],
            "0.92": [
              0,
              0.39,
              0
            ],
            "1.56": [
              0,
              -0.32,
              0
            ],
            "1.96": [
              0,
              -0.47,
              0
            ],
            "3.16": [
              0,
              0,
              0
            ]
          }
        },
        "body": {
          "position": {
            "0.0": [
              0,
              0,
              0
            ],
            "0.24": [
              0,
              -0.05,
              0
            ],
            "0.76": [
              0,
              -0.79,
              0
            ],
            "1.48": [
              0,
              -1,
              0
            ],
            "1.84": [
              0,
              -0.79,
              0
            ],
            "2.36": [
              0,
              -0.19,
              0
            ],
            "3.04": [
              0,
              -0.02,
              0
            ],
            "3.16": [
              0,
              0,
              0
            ]
          }
        }
      }
    },
    "animation.hive.sonic.ss.cloud.idleDrift": {
      "loop": true,
      "animation_length": 6.92,
      "bones": {
        "root": {
          "rotation": {
            "0.0": [
              0,
              0,
              0
            ],
            "1.32": [
              0,
              1.35,
              0
            ],
            "1.88": [
              0,
              1.65,
              0
            ],
            "2.32": [
              0,
              1.76,
              0
            ],
            "2.64": [
              0,
              1.5,
              0
            ],
            "3.12": [
              0,
              0.72,
              0
            ],
            "4.16": [
              0,
              -1.82,
              0
            ],
            "4.6": [
              0,
              -2.23,
              0
            ],
            "4.96": [
              0,
              -2.5,
              0
            ],
            "5.16": [
              0,
              -2.39,
              0
            ],
            "5.44": [
              0,
              -2.11,
              0
            ],
            "6.92": [
              0,
              0,
              0
            ]
          },
          "position": {
            "0.0": [
              0,
              0,
              0
            ],
            "1.32": [
              0.54,
              0,
              0.54
            ],
            "1.88": [
              0.66,
              0,
              0.66
            ],
            "2.32": [
              0.7,
              0,
              0.7
            ],
            "2.64": [
              0.6,
              0,
              0.6
            ],
            "3.12": [
              0.29,
              0,
              0.29
            ],
            "4.16": [
              -0.73,
              0,
              -0.73
            ],
            "4.6": [
              -0.89,
              0,
              -0.89
            ],
            "4.96": [
              -1,
              0,
              -1
            ],
            "5.16": [
              -0.96,
              0,
              -0.96
            ],
            "5.44": [
              -0.84,
              0,
              -0.84
            ],
            "6.92": [
              0,
              0,
              0
            ]
          }
        }
      }
    },
    "animation.hive.sonic.ss.cloud.bounce": {
      "animation_length": 1.84,
      "bones": {
        "body": {
          "scale": {
            "0.0": [
              1,
              1,
              1
            ],
            "0.08": [
              1,
              0.6,
              1
            ],
            "0.12": [
              1,
              0.6889,
              1
            ],
            "0.16": [
              1,
              1.4,
              1
            ],
            "0.24": [
              1,
              1.45,
              1
            ],
            "0.52": [
              1,
              1.5,
              1
            ],
            "0.6": [
              1,
              1.46,
              1
            ],
            "0.64": [
              1,
              1.4,
              1
            ],
            "0.84": [
              1,
              0.9,
              1
            ],
            "1.0": [
              1,
              1,
              1
            ],
            "1.4": [
              1,
              0.97,
              1
            ],
            "1.6": [
              1,
              0.9888,
              1
            ],
            "1.84": [
              1,
              1,
              1
            ]
          }
        }
      }
    }
  }
}