{
  "format_version": "1.12.0",
  "minecraft:geometry": [
    {
      "description": {
        "identifier": "geometry.hive.sonic.event.eggmobile.shield",
        "texture_width": 128,
        "texture_height": 64,
        "visible_bounds_width": 19,
        "visible_bounds_height": 7,
        "visible_bounds_offset": [
          0,
          1.5,
          0
        ]
      },
      "bones": [
        {
          "name": "serverRoot",
          "pivot": [
            0,
            -2,
            0
          ]
        },
        {
          "name": "root",
          "parent": "serverRoot",
          "pivot": [
            0,
            6,
            0
          ]
        },
        {
          "name": "bob",
          "parent": "root",
          "pivot": [
            0,
            6,
            0
          ]
        },
        {
          "name": "secondary",
          "parent": "bob",
          "pivot": [
            0,
            6,
            0
          ]
        },
        {
          "name": "shield",
          "parent": "secondary",
          "pivot": [
            -27,
            0,
            0
          ],
          "cubes": [
            {
              "origin": [
                -30,
                -5,
                -29
              ],
              "size": [
                0,
                34,
                66
              ],
              "uv": {
                "east": {
                  "uv": [
                    36,
                    0
                  ],
                  "uv_size": [
                    66,
                    34
                  ]
                }
              }
            },
            {
              "origin": [
                -30,
                -5,
                -29
              ],
              "size": [
                12,
                0,
                66
              ],
              "uv": {
                "down": {
                  "uv": [
                    74,
                    64
                  ],
                  "uv_size": [
                    12,
                    -64
                  ]
                }
              }
            },
            {
              "origin": [
                18,
                -5,
                -20
              ],
              "size": [
                12,
                0,
                45
              ],
              "uv": {
                "down": {
                  "uv": [
                    67,
                    54
                  ],
                  "uv_size": [
                    -12,
                    -45
                  ]
                }
              }
            },
            {
              "origin": [
                -18,
                -5,
                -29
              ],
              "size": [
                48,
                0,
                9
              ],
              "uv": {
                "down": {
                  "uv": [
                    119,
                    24
                  ],
                  "uv_size": [
                    -48,
                    -9
                  ]
                }
              }
            },
            {
              "origin": [
                -18,
                -5,
                25
              ],
              "size": [
                48,
                0,
                12
              ],
              "uv": {
                "down": {
                  "uv": [
                    94,
                    12
                  ],
                  "uv_size": [
                    -48,
                    -12
                  ]
                }
              }
            },
            {
              "origin": [
                -18,
                -26,
                -20
              ],
              "size": [
                36,
                21,
                0
              ],
              "uv": {
                "north": {
                  "uv": [
                    69,
                    27
                  ],
                  "uv_size": [
                    36,
                    21
                  ]
                }
              }
            },
            {
              "origin": [
                -18,
                -26,
                -20
              ],
              "size": [
                36,
                0,
                45
              ],
              "uv": {
                "down": {
                  "uv": [
                    44,
                    45
                  ],
                  "uv_size": [
                    36,
                    -45
                  ]
                }
              }
            },
            {
              "origin": [
                -18,
                -26,
                25
              ],
              "size": [
                36,
                21,
                0
              ],
              "uv": {
                "south": {
                  "uv": [
                    49,
                    11
                  ],
                  "uv_size": [
                    36,
                    21
                  ]
                }
              }
            },
            {
              "origin": [
                -18,
                -26,
                -20
              ],
              "size": [
                0,
                21,
                45
              ],
              "uv": {
                "east": {
                  "uv": [
                    83,
                    43
                  ],
                  "uv_size": [
                    45,
                    21
                  ]
                }
              }
            },
            {
              "origin": [
                18,
                -26,
                -20
              ],
              "size": [
                0,
                21,
                45
              ],
              "uv": {
                "west": {
                  "uv": [
                    55,
                    0
                  ],
                  "uv_size": [
                    -45,
                    21
                  ]
                }
              }
            },
            {
              "origin": [
                30,
                -5,
                -29
              ],
              "size": [
                0,
                34,
                66
              ],
              "uv": {
                "west": {
                  "uv": [
                    66,
                    0
                  ],
                  "uv_size": [
                    -66,
                    34
                  ]
                }
              }
            },
            {
              "origin": [
                -30,
                29,
                -29
              ],
              "size": [
                12,
                0,
                66
              ],
              "uv": {
                "up": {
                  "uv": [
                    57,
                    0
                  ],
                  "uv_size": [
                    12,
                    64
                  ]
                }
              }
            },
            {
              "origin": [
                18,
                29,
                -29
              ],
              "size": [
                12,
                0,
                66
              ],
              "uv": {
                "up": {
                  "uv": [
                    29,
                    0
                  ],
                  "uv_size": [
                    -12,
                    64
                  ]
                }
              }
            },
            {
              "origin": [
                -30,
                -5,
                -29
              ],
              "size": [
                60,
                34,
                0
              ],
              "uv": {
                "north": {
                  "uv": [
                    68,
                    30
                  ],
                  "uv_size": [
                    60,
                    34
                  ]
                }
              }
            },
            {
              "origin": [
                -30,
                -5,
                37
              ],
              "size": [
                60,
                34,
                0
              ],
              "uv": {
                "south": {
                  "uv": [
                    44,
                    0
                  ],
                  "uv_size": [
                    60,
                    34
                  ]
                }
              }
            },
            {
              "origin": [
                -18,
                29,
                -29
              ],
              "size": [
                36,
                0,
                12
              ],
              "uv": {
                "up": {
                  "uv": [
                    43,
                    29
                  ],
                  "uv_size": [
                    36,
                    12
                  ]
                }
              }
            },
            {
              "origin": [
                -18,
                29,
                -17
              ],
              "size": [
                36,
                23,
                0
              ],
              "uv": {
                "north": {
                  "uv": [
                    28,
                    37
                  ],
                  "uv_size": [
                    36,
                    23
                  ]
                }
              }
            },
            {
              "origin": [
                -18,
                29,
                25
              ],
              "size": [
                36,
                23,
                0
              ],
              "uv": {
                "south": {
                  "uv": [
                    89,
                    9
                  ],
                  "uv_size": [
                    36,
                    23
                  ]
                }
              }
            },
            {
              "origin": [
                -18,
                29,
                -17
              ],
              "size": [
                0,
                23,
                42
              ],
              "uv": {
                "east": {
                  "uv": [
                    34,
                    37
                  ],
                  "uv_size": [
                    42,
                    23
                  ]
                }
              }
            },
            {
              "origin": [
                -18,
                52,
                -17
              ],
              "size": [
                36,
                0,
                42
              ],
              "uv": {
                "up": {
                  "uv": [
                    52,
                    11
                  ],
                  "uv_size": [
                    36,
                    42
                  ]
                }
              }
            },
            {
              "origin": [
                18,
                29,
                -17
              ],
              "size": [
                0,
                23,
                42
              ],
              "uv": {
                "west": {
                  "uv": [
                    78,
                    14
                  ],
                  "uv_size": [
                    -42,
                    23
                  ]
                }
              }
            },
            {
              "origin": [
                -18,
                29,
                25
              ],
              "size": [
                36,
                0,
                12
              ],
              "uv": {
                "up": {
                  "uv": [
                    50,
                    50
                  ],
                  "uv_size": [
                    36,
                    12
                  ]
                }
              }
            }
          ]
        }
      ]
    }
  ]
}