{
  "format_version": "1.10.0",
  "particle_effect": {
    "description": {
      "identifier": "hive:pw_dash_smoke",
      "basic_render_parameters": {
        "material": "particles_alpha",
        "texture": "textures/particle/hive/spindash"
      }
    },
    "components": {
      "minecraft:emitter_rate_steady": {
        "spawn_rate": "math.random(30,50)",
        "max_particles": 80
      },
      "minecraft:emitter_lifetime_expression": {
        "activation_expression": 1
      },
      "minecraft:emitter_shape_disc": {
        "offset": [
          0,
          "math.random(0.1,0.3)",
          0
        ],
        "radius": 0.8,
        "direction": [
          "math.random(-1,1)",
          3,
          -10
        ]
      },
      "minecraft:particle_lifetime_expression": {
        "max_lifetime": "math.random(1,1.8)"
      },
      "minecraft:particle_initial_spin": {
        "rotation_rate": "math.random(-45,45)"
      },
      "minecraft:particle_initial_speed": -3,
      "minecraft:particle_motion_dynamic": {
        "linear_acceleration": [
          0,
          4,
          0
        ],
        "linear_drag_coefficient": "variable.particle_age \u003e 0.6 ? 4 : 0"
      },
      "minecraft:particle_appearance_billboard": {
        "size": [
          "(1-(variable.particle_age/variable.particle_lifetime))*0.4",
          "(1-(variable.particle_age/variable.particle_lifetime))*0.4"
        ],
        "facing_camera_mode": "lookat_xyz",
        "uv": {
          "texture_width": 16,
          "texture_height": 64,
          "flipbook": {
            "base_UV": [
              0,
              0
            ],
            "size_UV": [
              16,
              16
            ],
            "step_UV": [
              0,
              16
            ],
            "frames_per_second": 3,
            "max_frame": 4,
            "stretch_to_lifetime": true
          }
        }
      },
      "minecraft:particle_appearance_tinting": {
        "color": {
          "interpolant": "variable.particle_age",
          "gradient": {
            "0.0": "#FFBFDBFF",
            "1.5": "#ffffffff"
          }
        }
      }
    }
  }
}