{
  "format_version": "1.10.0",
  "particle_effect": {
    "description": {
      "identifier": "hive:pw_ring_burst",
      "basic_render_parameters": {
        "material": "particles_alpha",
        "texture": "textures/particle/particles"
      }
    },
    "components": {
      "minecraft:emitter_rate_instant": {
        "num_particles": 50
      },
      "minecraft:emitter_lifetime_once": {
        "active_time": 1
      },
      "minecraft:emitter_shape_box": {
        "half_dimensions": [
          2.5,
          2.5,
          0.8
        ],
        "direction": [
          0,
          -5,
          "Math.random(-5, 5)"
        ]
      },
      "minecraft:particle_lifetime_expression": {
        "max_lifetime": 2
      },
      "minecraft:particle_expire_if_not_in_blocks": [
        "minecraft:air"
      ],
      "minecraft:particle_initial_spin": {
        "rotation": "variable.particle_random_3*360",
        "rotation_rate": "variable.particle_random_2*40"
      },
      "minecraft:particle_initial_speed": 4,
      "minecraft:particle_motion_dynamic": {
        "linear_acceleration": [
          0,
          -5,
          0
        ],
        "linear_drag_coefficient": 1
      },
      "minecraft:particle_appearance_billboard": {
        "size": [
          "(1-(variable.particle_age/variable.particle_lifetime))*0.6",
          "(1-(variable.particle_age/variable.particle_lifetime))*0.6"
        ],
        "facing_camera_mode": "rotate_xyz",
        "uv": {
          "texture_width": 128,
          "texture_height": 128,
          "uv": [
            0,
            0
          ],
          "uv_size": [
            8,
            8
          ]
        }
      },
      "minecraft:particle_motion_collision": {
        "collision_drag": 1.5,
        "coefficient_of_restitution": 0.05,
        "collision_radius": 0.05
      },
      "minecraft:particle_appearance_tinting": {
        "color": [
          "Math.clamp(Math.clamp(Math.clamp(Math.clamp(Math.clamp(variable.particle_random_3 * 0.2 + 0.2, 0, 1), 0, 1), 0, 1), 0, 1), 0, 1)",
          "Math.clamp(Math.clamp(Math.clamp(Math.clamp(Math.clamp(variable.particle_random_3 * 1 + 1, 0, 1), 0, 1), 0, 1), 0, 1), 0, 1)",
          "Math.clamp(Math.clamp(Math.clamp(Math.clamp(Math.clamp(variable.particle_random_3 * 0.2 + 0.2, 0, 1), 0, 1), 0, 1), 0, 1), 0, 1)",
          1
        ]
      }
    }
  }
}