{
  "format_version": "1.8.0",
  "render_controllers": {
    "controller.render.hive.sonic.sph.emergency_light.frame": {
      "geometry": "Geometry.frame",
      "materials": [
        {
          "*": "Material.default"
        }
      ],
      "textures": [
        "Texture.frame"
      ]
    },
    "controller.render.hive.sonic.sph.emergency_light.light": {
      "arrays": {
        "textures": {
          "array.textures": [
            "Texture.red",
            "Texture.yellow",
            "Texture.green"
          ]
        }
      },
      "geometry": "Geometry.light",
      "materials": [
        {
          "*": "Material.emissive"
        }
      ],
      "textures": [
        "array.textures[query.variant]"
      ]
    }
  }
}