{
  "minecraft:geometry": [
    {
      "description": {
        "identifier": "geometry.hive.sonic.ss.flower.vine",
        "texture_width": 32,
        "texture_height": 32,
        "visible_bounds_width": 3,
        "visible_bounds_height": 3,
        "visible_bounds_offset": [
          0,
          0.5,
          0
        ]
      },
      "bones": [
        {
          "name": "root",
          "pivot": [
            0,
            0,
            0
          ],
          "cubes": [
            {
              "origin": [
                -8,
                8.35225,
                4.34733
              ],
              "size": [
                8,
                9,
                0
              ],
              "pivot": [
                0,
                0,
                0
              ],
              "rotation": [
                -12.5,
                0,
                0
              ],
              "uv": {
                "north": {
                  "uv": [
                    0,
                    0
                  ],
                  "uv_size": [
                    8,
                    9
                  ]
                },
                "east": {
                  "uv": [
                    0,
                    0
                  ],
                  "uv_size": [
                    0,
                    9
                  ]
                },
                "west": {
                  "uv": [
                    8,
                    0
                  ],
                  "uv_size": [
                    0,
                    9
                  ]
                },
                "up": {
                  "uv": [
                    0,
                    0
                  ],
                  "uv_size": [
                    8,
                    0
                  ]
                },
                "down": {
                  "uv": [
                    8,
                    0
                  ],
                  "uv_size": [
                    8,
                    0
                  ]
                }
              }
            },
            {
              "origin": [
                0,
                4.93299,
                6.23472
              ],
              "size": [
                8,
                9,
                0
              ],
              "pivot": [
                0,
                0,
                0
              ],
              "rotation": [
                -7.5,
                0,
                0
              ],
              "uv": {
                "north": {
                  "uv": [
                    9,
                    0
                  ],
                  "uv_size": [
                    8,
                    9
                  ]
                },
                "east": {
                  "uv": [
                    0,
                    17
                  ],
                  "uv_size": [
                    0,
                    9
                  ]
                },
                "west": {
                  "uv": [
                    8,
                    17
                  ],
                  "uv_size": [
                    0,
                    9
                  ]
                },
                "up": {
                  "uv": [
                    0,
                    17
                  ],
                  "uv_size": [
                    8,
                    0
                  ]
                },
                "down": {
                  "uv": [
                    8,
                    17
                  ],
                  "uv_size": [
                    8,
                    0
                  ]
                }
              }
            },
            {
              "origin": [
                -7,
                0.19339,
                4.43936
              ],
              "size": [
                8,
                11,
                0
              ],
              "pivot": [
                0,
                0,
                0
              ],
              "rotation": [
                -20,
                0,
                0
              ],
              "uv": {
                "north": {
                  "uv": [
                    0,
                    9
                  ],
                  "uv_size": [
                    8,
                    11
                  ]
                },
                "east": {
                  "uv": [
                    0,
                    46
                  ],
                  "uv_size": [
                    0,
                    11
                  ]
                },
                "west": {
                  "uv": [
                    8,
                    46
                  ],
                  "uv_size": [
                    0,
                    11
                  ]
                },
                "up": {
                  "uv": [
                    0,
                    46
                  ],
                  "uv_size": [
                    8,
                    0
                  ]
                },
                "down": {
                  "uv": [
                    8,
                    46
                  ],
                  "uv_size": [
                    8,
                    0
                  ]
                }
              }
            },
            {
              "origin": [
                -1,
                -2.41071,
                6.51173
              ],
              "size": [
                8,
                10,
                0
              ],
              "pivot": [
                0,
                0,
                0
              ],
              "rotation": [
                -12.5,
                0,
                0
              ],
              "uv": {
                "north": {
                  "uv": [
                    9,
                    9
                  ],
                  "uv_size": [
                    8,
                    10
                  ]
                },
                "east": {
                  "uv": [
                    0,
                    26
                  ],
                  "uv_size": [
                    0,
                    10
                  ]
                },
                "west": {
                  "uv": [
                    8,
                    26
                  ],
                  "uv_size": [
                    0,
                    10
                  ]
                },
                "up": {
                  "uv": [
                    0,
                    26
                  ],
                  "uv_size": [
                    8,
                    0
                  ]
                },
                "down": {
                  "uv": [
                    8,
                    26
                  ],
                  "uv_size": [
                    8,
                    0
                  ]
                }
              }
            }
          ]
        }
      ]
    }
  ],
  "format_version": "1.12.0"
}