{
  "format_version": "1.10.0",
  "particle_effect": {
    "description": {
      "identifier": "hive:badnik_gold",
      "basic_render_parameters": {
        "material": "particles_alpha",
        "texture": "textures/particle/particles"
      }
    },
    "components": {
      "minecraft:emitter_rate_steady": {
        "spawn_rate": 15,
        "max_particles": 60
      },
      "minecraft:emitter_lifetime_expression": {},
      "minecraft:emitter_shape_sphere": {
        "radius": 2,
        "direction": [
          "Math.random(-0.008, 0.008)",
          "Math.random(-0.008, 0.008)",
          "Math.random(-0.008, 0.008)"
        ]
      },
      "minecraft:particle_lifetime_expression": {
        "max_lifetime": "Math.Random(2.5,1)"
      },
      "minecraft:particle_initial_spin": {
        "rotation_rate": 80
      },
      "minecraft:particle_initial_speed": 0.4,
      "minecraft:particle_motion_dynamic": {
        "linear_acceleration": [
          "variable.particle_random_1 \u003e 0.6 ? math.sin(variable.particle_age*120)*3 : -math.sin(variable.particle_age*120)*3",
          0,
          "variable.particle_random_1 \u003e 0.6 ? math.cos(variable.particle_age*120)*3 : -math.cos(variable.particle_age*120)*3"
        ],
        "linear_drag_coefficient": 4
      },
      "minecraft:particle_appearance_billboard": {
        "size": [
          "(1-(variable.particle_age/variable.particle_lifetime))*0.15",
          "(1-(variable.particle_age/variable.particle_lifetime))*0.15"
        ],
        "facing_camera_mode": "lookat_xyz",
        "uv": {
          "texture_width": 128,
          "texture_height": 128,
          "uv": [
            40,
            96
          ],
          "uv_size": [
            8,
            8
          ]
        }
      },
      "minecraft:particle_appearance_tinting": {
        "color": [
          0.98824,
          0.93333,
          0.29412,
          1
        ]
      }
    }
  }
}