{
  "format_version": "1.10.0",
  "particle_effect": {
    "description": {
      "identifier": "hive:exhaust_trail",
      "basic_render_parameters": {
        "material": "particles_alpha",
        "texture": "textures/particle/hive/exhaust"
      }
    },
    "components": {
      "minecraft:emitter_rate_steady": {
        "spawn_rate": 12,
        "max_particles": 100
      },
      "minecraft:emitter_lifetime_looping": {
        "active_time": 1
      },
      "minecraft:emitter_shape_sphere": {
        "radius": 0.02,
        "surface_only": true,
        "direction": [
          0,
          0,
          1.5
        ]
      },
      "minecraft:particle_lifetime_expression": {
        "max_lifetime": 2
      },
      "minecraft:particle_initial_speed": "math.cos(variable.particle_age*120)",
      "minecraft:particle_motion_dynamic": {
        "linear_acceleration": [
          "math.random(-2,2)",
          0,
          0
        ]
      },
      "minecraft:particle_appearance_billboard": {
        "size": [
          "variable.particle_age \u003e (variable.particle_lifetime/2) ? (1-(variable.particle_age/variable.particle_lifetime))*(variable.particle_random_1*0.5) : (variable.particle_age/variable.particle_lifetime)*(variable.particle_random_1*0.5)",
          "variable.particle_age \u003e (variable.particle_lifetime/2) ? (1-(variable.particle_age/variable.particle_lifetime))*(variable.particle_random_1*0.5) : (variable.particle_age/variable.particle_lifetime)*(variable.particle_random_1*0.5)"
        ],
        "facing_camera_mode": "rotate_xyz",
        "uv": {
          "texture_width": 16,
          "texture_height": 80,
          "flipbook": {
            "base_UV": [
              8,
              0
            ],
            "size_UV": [
              8,
              8
            ],
            "step_UV": [
              0,
              16
            ],
            "frames_per_second": 2,
            "max_frame": 4,
            "stretch_to_lifetime": true
          }
        }
      },
      "minecraft:particle_appearance_tinting": {
        "color": [
          1,
          1,
          1,
          1
        ]
      }
    }
  }
}