{
  "format_version": "1.10.0",
  "particle_effect": {
    "description": {
      "identifier": "hive:grind_spark",
      "basic_render_parameters": {
        "material": "particles_blend",
        "texture": "textures/particle/hive/spark"
      }
    },
    "components": {
      "minecraft:emitter_rate_steady": {
        "spawn_rate": "math.random(40,30)",
        "max_particles": 80
      },
      "minecraft:emitter_lifetime_expression": {
        "activation_expression": 1
      },
      "minecraft:emitter_shape_sphere": {
        "radius": 0.1,
        "surface_only": true,
        "direction": [
          "math.random(-2,2)",
          "math.random(20,40)",
          "math.random(10,12)"
        ]
      },
      "minecraft:particle_lifetime_expression": {
        "max_lifetime": "math.random(1,2)"
      },
      "minecraft:particle_initial_spin": {
        "rotation_rate": "math.random(-45,45)"
      },
      "minecraft:particle_initial_speed": 5,
      "minecraft:particle_motion_dynamic": {
        "linear_acceleration": [
          0,
          -3,
          0
        ],
        "linear_drag_coefficient": 2
      },
      "minecraft:particle_appearance_billboard": {
        "size": [
          "(1-(variable.particle_age/variable.particle_lifetime))*0.2",
          "(1-(variable.particle_age/variable.particle_lifetime))*0.2"
        ],
        "facing_camera_mode": "lookat_xyz",
        "uv": {
          "texture_width": 16,
          "texture_height": 16,
          "uv": [
            0,
            0
          ],
          "uv_size": [
            16,
            16
          ]
        }
      },
      "minecraft:particle_appearance_tinting": {
        "color": {
          "interpolant": "variable.particle_age",
          "gradient": {
            "0.0": "#FFFFF5A8",
            "0.28": "#FFCCB135",
            "1.04": "#FFB97339",
            "1.64": "#FF541906"
          }
        }
      }
    }
  }
}